BLOCK|Headers|00400000|004003ff|1
BLOCK|.text|00401000|0045b3ff|1
BLOCK|.rdata|0045c000|0045d3ff|1
BLOCK|.data|0045e000|009cbb0b|1
BLOCK|.idata|009cc000|009ccdff|1
BLOCK|.rsrc|009cd000|009cd9ff|1
BLOCK|.reloc|009ce000|009d99ff|1
FUNC|00401000|FUN_00401000|undefined||.text|812|unknown
FUNC|00401330|FUN_00401330|undefined||.text|132|unknown
FUNC|004013c0|FUN_004013c0|undefined||.text|203|unknown
FUNC|00401490|FUN_00401490|undefined||.text|85|unknown
FUNC|004014f0|FUN_004014f0|undefined||.text|992|unknown
FUNC|004018d0|FUN_004018d0|undefined||.text|50|unknown
FUNC|00401910|FUN_00401910|undefined||.text|30|unknown
FUNC|00401930|FUN_00401930|undefined||.text|101|unknown
FUNC|004019a0|FUN_004019a0|undefined||.text|324|unknown
FUNC|00401af0|FUN_00401af0|undefined||.text|230|unknown
FUNC|00401be0|FUN_00401be0|undefined||.text|558|unknown
FUNC|00401e10|FUN_00401e10|undefined||.text|488|unknown
FUNC|00402180|FUN_00402180|undefined||.text|197|unknown
FUNC|00402250|FUN_00402250|undefined||.text|58|unknown
FUNC|00402290|FUN_00402290|undefined||.text|335|unknown
FUNC|004023e0|FUN_004023e0|undefined||.text|462|unknown
FUNC|004025b0|FUN_004025b0|undefined||.text|83|unknown
FUNC|00402610|FUN_00402610|undefined||.text|371|unknown
FUNC|00402790|FUN_00402790|undefined||.text|119|unknown
FUNC|004028a0|FUN_004028a0|undefined||.text|1826|unknown
FUNC|00402fd0|thunk_FUN_00402610|undefined||.text|5|unknown
FUNC|00402fe0|FUN_00402fe0|undefined||.text|6|unknown
FUNC|00402ff0|FUN_00402ff0|undefined||.text|20|unknown
FUNC|00403010|FUN_00403010|undefined||.text|508|unknown
FUNC|00403210|FUN_00403210|undefined||.text|69|unknown
FUNC|00403260|FUN_00403260|undefined||.text|113|unknown
FUNC|004032e0|FUN_004032e0|undefined||.text|22|unknown
FUNC|00403300|FUN_00403300|undefined||.text|238|unknown
FUNC|004033f0|FUN_004033f0|undefined||.text|113|unknown
FUNC|00403470|FUN_00403470|undefined||.text|113|unknown
FUNC|004034f0|FUN_004034f0|undefined||.text|1551|unknown
FUNC|00403b00|FUN_00403b00|undefined||.text|104|unknown
FUNC|00403b70|FUN_00403b70|undefined||.text|324|unknown
FUNC|00403cc0|FUN_00403cc0|undefined||.text|104|unknown
FUNC|00403d30|FUN_00403d30|undefined||.text|312|unknown
FUNC|00403e70|FUN_00403e70|undefined||.text|91|unknown
FUNC|00403ed0|FUN_00403ed0|undefined||.text|847|unknown
FUNC|00404220|FUN_00404220|undefined||.text|964|unknown
FUNC|004045f0|FUN_004045f0|undefined||.text|886|unknown
FUNC|00404970|FUN_00404970|undefined||.text|942|unknown
FUNC|00404d20|FUN_00404d20|undefined||.text|501|unknown
FUNC|00404f20|FUN_00404f20|undefined||.text|607|unknown
FUNC|00405180|FUN_00405180|undefined||.text|517|unknown
FUNC|00405390|FUN_00405390|undefined||.text|568|unknown
FUNC|004055d0|FUN_004055d0|undefined||.text|100|unknown
FUNC|00405640|FUN_00405640|undefined||.text|116|unknown
FUNC|004056c0|FUN_004056c0|undefined||.text|158|unknown
FUNC|00405760|FUN_00405760|undefined||.text|153|unknown
FUNC|00405800|FUN_00405800|undefined||.text|24|unknown
FUNC|00405820|FUN_00405820|undefined||.text|24|unknown
FUNC|00405840|FUN_00405840|undefined||.text|14|unknown
FUNC|00405850|FUN_00405850|undefined||.text|242|unknown
FUNC|00405950|FUN_00405950|undefined||.text|2078|unknown
FUNC|00406190|FUN_00406190|undefined||.text|1095|unknown
FUNC|004065e0|FUN_004065e0|undefined||.text|2300|unknown
FUNC|00406ee0|FUN_00406ee0|undefined||.text|686|unknown
FUNC|00407190|FUN_00407190|undefined||.text|852|unknown
FUNC|004074f0|FUN_004074f0|undefined||.text|506|unknown
FUNC|004076f0|FUN_004076f0|undefined||.text|413|unknown
FUNC|00407890|FUN_00407890|undefined||.text|50|unknown
FUNC|004078d0|FUN_004078d0|undefined||.text|92|unknown
FUNC|00407930|FUN_00407930|undefined||.text|39|unknown
FUNC|00407960|FUN_00407960|undefined||.text|4|unknown
FUNC|00407970|FUN_00407970|undefined||.text|80|unknown
FUNC|004079c0|FUN_004079c0|undefined||.text|27|unknown
FUNC|004079e0|FUN_004079e0|undefined||.text|36|unknown
FUNC|00407a10|FUN_00407a10|undefined||.text|23|unknown
FUNC|00407a30|FUN_00407a30|undefined||.text|22|unknown
FUNC|00407a50|FUN_00407a50|undefined||.text|160|unknown
FUNC|00407af0|FUN_00407af0|undefined||.text|160|unknown
FUNC|00407b90|FUN_00407b90|undefined||.text|157|unknown
FUNC|00407c30|FUN_00407c30|undefined||.text|354|unknown
FUNC|00407da0|FUN_00407da0|undefined||.text|351|unknown
FUNC|00407f00|FUN_00407f00|undefined||.text|351|unknown
FUNC|00408060|FUN_00408060|undefined||.text|157|unknown
FUNC|00408100|FUN_00408100|undefined||.text|26|unknown
FUNC|00408120|FUN_00408120|undefined||.text|159|unknown
FUNC|004081c0|FUN_004081c0|undefined||.text|147|unknown
FUNC|00408260|FUN_00408260|undefined||.text|135|unknown
FUNC|004082f0|FUN_004082f0|undefined||.text|408|unknown
FUNC|00408490|FUN_00408490|undefined||.text|426|unknown
FUNC|00408640|FUN_00408640|undefined||.text|72|unknown
FUNC|00408690|FUN_00408690|undefined||.text|540|unknown
FUNC|004088b0|FUN_004088b0|undefined||.text|51|unknown
FUNC|004088f0|FUN_004088f0|undefined||.text|21|unknown
FUNC|00408910|FUN_00408910|undefined||.text|260|unknown
FUNC|00408a20|FUN_00408a20|undefined||.text|47|unknown
FUNC|00408a50|FUN_00408a50|undefined||.text|3|unknown
FUNC|00408a60|FUN_00408a60|undefined||.text|159|unknown
FUNC|00408b00|FUN_00408b00|undefined||.text|147|unknown
FUNC|00408ba0|FUN_00408ba0|undefined||.text|42|unknown
FUNC|00408bd0|FUN_00408bd0|undefined||.text|101|unknown
FUNC|00408c40|FUN_00408c40|undefined||.text|164|unknown
FUNC|00408cf0|FUN_00408cf0|undefined||.text|35|unknown
FUNC|00408d20|FUN_00408d20|undefined||.text|37|unknown
FUNC|00408d50|FUN_00408d50|undefined||.text|158|unknown
FUNC|00408df0|FUN_00408df0|undefined||.text|30|unknown
FUNC|00408e10|FUN_00408e10|undefined||.text|291|unknown
FUNC|00408f40|FUN_00408f40|undefined||.text|13|unknown
FUNC|00408f50|FUN_00408f50|undefined||.text|26|unknown
FUNC|00408f70|FUN_00408f70|undefined||.text|1449|unknown
FUNC|00409520|FUN_00409520|undefined||.text|127|unknown
FUNC|004095a0|FUN_004095a0|undefined||.text|76|unknown
FUNC|00409860|FUN_00409860|undefined||.text|291|unknown
FUNC|00409990|FUN_00409990|undefined||.text|125|unknown
FUNC|00409a10|FUN_00409a10|undefined||.text|117|unknown
FUNC|00409a90|FUN_00409a90|undefined||.text|452|unknown
FUNC|00409c80|FUN_00409c80|undefined||.text|22|unknown
FUNC|00409ca0|FUN_00409ca0|undefined||.text|22|unknown
FUNC|00409cc0|FUN_00409cc0|undefined||.text|354|unknown
FUNC|00409e30|FUN_00409e30|undefined||.text|291|unknown
FUNC|00409f60|FUN_00409f60|undefined||.text|240|unknown
FUNC|0040a050|FUN_0040a050|undefined||.text|248|unknown
FUNC|0040a150|FUN_0040a150|undefined||.text|160|unknown
FUNC|0040a1f0|FUN_0040a1f0|undefined||.text|824|unknown
FUNC|0040a530|FUN_0040a530|undefined||.text|395|unknown
FUNC|0040cbd0|FUN_0040cbd0|undefined||.text|62|unknown
FUNC|0040cc10|FUN_0040cc10|undefined||.text|101|unknown
FUNC|0040cc80|FUN_0040cc80|undefined||.text|148|unknown
FUNC|0040cd20|FUN_0040cd20|undefined||.text|62|unknown
FUNC|0040cd60|FUN_0040cd60|undefined||.text|54|unknown
FUNC|0040cda0|FUN_0040cda0|undefined||.text|131|unknown
FUNC|0040ce30|FUN_0040ce30|undefined||.text|114|unknown
FUNC|0040ceb0|FUN_0040ceb0|undefined||.text|742|unknown
FUNC|0040d1a0|FUN_0040d1a0|undefined||.text|570|unknown
FUNC|0040d3e0|FUN_0040d3e0|undefined||.text|96|unknown
FUNC|0040d520|FUN_0040d520|undefined||.text|441|unknown
FUNC|0040d6e0|FUN_0040d6e0|undefined||.text|368|unknown
FUNC|0040d850|FUN_0040d850|undefined||.text|186|unknown
FUNC|0040d910|FUN_0040d910|undefined||.text|465|unknown
FUNC|0040daf0|FUN_0040daf0|undefined||.text|395|unknown
FUNC|0040dc80|FUN_0040dc80|undefined||.text|185|unknown
FUNC|0040dd40|FUN_0040dd40|undefined||.text|473|unknown
FUNC|0040df20|FUN_0040df20|undefined||.text|292|unknown
FUNC|0040e050|FUN_0040e050|undefined||.text|347|unknown
FUNC|0040e1b0|FUN_0040e1b0|undefined||.text|27|unknown
FUNC|0040e1d0|FUN_0040e1d0|undefined||.text|153|unknown
FUNC|0040e790|FUN_0040e790|undefined||.text|2078|unknown
FUNC|0040fdc0|FUN_0040fdc0|undefined||.text|203|unknown
FUNC|0040fe90|FUN_0040fe90|undefined||.text|5108|unknown
FUNC|00411ad0|FUN_00411ad0|undefined||.text|49|unknown
FUNC|00411b10|FUN_00411b10|undefined||.text|2364|unknown
FUNC|00413990|FUN_00413990|undefined||.text|142|unknown
FUNC|00416b80|FUN_00416b80|undefined||.text|631|unknown
FUNC|00416e00|FUN_00416e00|undefined||.text|492|unknown
FUNC|00417010|FUN_00417010|undefined||.text|1|unknown
FUNC|00417020|FUN_00417020|undefined||.text|111|unknown
FUNC|00417340|FUN_00417340|undefined||.text|1018|unknown
FUNC|00417740|FUN_00417740|undefined||.text|345|unknown
FUNC|004178a0|FUN_004178a0|undefined||.text|672|unknown
FUNC|00417b40|FUN_00417b40|undefined||.text|217|unknown
FUNC|004181b0|FUN_004181b0|undefined||.text|314|unknown
FUNC|0041a510|FUN_0041a510|undefined||.text|240|unknown
FUNC|0041a600|FUN_0041a600|undefined||.text|200|unknown
FUNC|0041b6d0|FUN_0041b6d0|undefined||.text|194|unknown
FUNC|0041c760|FUN_0041c760|undefined||.text|24|unknown
FUNC|0041c780|FUN_0041c780|undefined||.text|106|unknown
FUNC|0041c850|FUN_0041c850|undefined||.text|79|unknown
FUNC|0041c8a0|FUN_0041c8a0|undefined||.text|110|unknown
FUNC|0041c910|FUN_0041c910|undefined||.text|120|unknown
FUNC|0041c990|FUN_0041c990|undefined||.text|736|unknown
FUNC|0041cc70|FUN_0041cc70|undefined||.text|209|unknown
FUNC|0041cd50|FUN_0041cd50|undefined||.text|262|unknown
FUNC|0041ce60|FUN_0041ce60|undefined||.text|496|unknown
FUNC|0041d050|FUN_0041d050|undefined||.text|596|unknown
FUNC|0041d4b0|FUN_0041d4b0|undefined||.text|237|unknown
FUNC|0041d5a0|FUN_0041d5a0|undefined||.text|18|unknown
FUNC|0041d5c0|FUN_0041d5c0|undefined||.text|32|unknown
FUNC|0041d5e0|FUN_0041d5e0|undefined||.text|15|unknown
FUNC|0041d5f0|FUN_0041d5f0|undefined||.text|35|unknown
FUNC|0041d620|FUN_0041d620|undefined||.text|11|unknown
FUNC|0041d630|FUN_0041d630|undefined||.text|606|unknown
FUNC|0041d890|FUN_0041d890|undefined||.text|28|unknown
FUNC|0041d8b0|FUN_0041d8b0|undefined||.text|73|unknown
FUNC|0041d900|FUN_0041d900|undefined||.text|250|unknown
FUNC|0041da00|FUN_0041da00|undefined||.text|880|unknown
FUNC|0041dd70|FUN_0041dd70|undefined||.text|29|unknown
FUNC|0041dd90|FUN_0041dd90|undefined||.text|36|unknown
FUNC|0041ddc0|FUN_0041ddc0|undefined||.text|121|unknown
FUNC|0041de40|FUN_0041de40|undefined||.text|105|unknown
FUNC|0041deb0|FUN_0041deb0|undefined||.text|375|unknown
FUNC|0041e030|FUN_0041e030|undefined||.text|61|unknown
FUNC|0041e070|FUN_0041e070|undefined||.text|61|unknown
FUNC|0041e0b0|FUN_0041e0b0|undefined||.text|37|unknown
FUNC|0041e0e0|FUN_0041e0e0|undefined||.text|249|unknown
FUNC|0041e1e0|FUN_0041e1e0|undefined||.text|157|unknown
FUNC|0041e280|FUN_0041e280|undefined||.text|33|unknown
FUNC|0041e2b0|FUN_0041e2b0|undefined||.text|883|unknown
FUNC|0041e630|FUN_0041e630|undefined||.text|280|unknown
FUNC|0041e750|FUN_0041e750|undefined||.text|509|unknown
FUNC|0041e950|FUN_0041e950|undefined||.text|1119|unknown
FUNC|0041edb0|FUN_0041edb0|undefined||.text|1684|unknown
FUNC|0041f450|FUN_0041f450|undefined||.text|188|unknown
FUNC|0041f510|FUN_0041f510|undefined||.text|187|unknown
FUNC|0041f5d0|FUN_0041f5d0|undefined||.text|69|unknown
FUNC|0041f620|FUN_0041f620|undefined||.text|451|unknown
FUNC|0041f7f0|FUN_0041f7f0|undefined||.text|14|unknown
FUNC|004208f0|FUN_004208f0|undefined||.text|112|unknown
FUNC|00420960|FUN_00420960|undefined||.text|436|unknown
FUNC|00420b20|FUN_00420b20|undefined||.text|442|unknown
FUNC|00420d10|FUN_00420d10|undefined||.text|2579|unknown
FUNC|00421770|FUN_00421770|undefined||.text|1230|unknown
FUNC|00421c70|FUN_00421c70|undefined||.text|724|unknown
FUNC|00421f50|FUN_00421f50|undefined||.text|244|unknown
FUNC|00422050|FUN_00422050|undefined||.text|2334|unknown
FUNC|004229a0|FUN_004229a0|undefined||.text|150|unknown
FUNC|00422a40|FUN_00422a40|undefined||.text|2572|unknown
FUNC|00423490|FUN_00423490|undefined||.text|1084|unknown
FUNC|004238e0|FUN_004238e0|undefined||.text|333|unknown
FUNC|00423a30|FUN_00423a30|undefined||.text|48|unknown
FUNC|00423a60|FUN_00423a60|undefined||.text|107|unknown
FUNC|00423ad0|FUN_00423ad0|undefined||.text|85|unknown
FUNC|00423b30|FUN_00423b30|undefined||.text|158|unknown
FUNC|00423bd0|FUN_00423bd0|undefined||.text|729|unknown
FUNC|00423eb0|FUN_00423eb0|undefined||.text|2079|unknown
FUNC|004247a0|FUN_004247a0|undefined||.text|157|unknown
FUNC|00424840|FUN_00424840|undefined||.text|464|unknown
FUNC|00424a10|FUN_00424a10|undefined||.text|583|unknown
FUNC|00424c60|FUN_00424c60|undefined||.text|643|unknown
FUNC|00424ef0|FUN_00424ef0|undefined||.text|73|unknown
FUNC|00424f40|FUN_00424f40|undefined||.text|422|unknown
FUNC|004250f0|FUN_004250f0|undefined||.text|726|unknown
FUNC|004253d0|FUN_004253d0|undefined||.text|446|unknown
FUNC|00425590|FUN_00425590|undefined||.text|1093|unknown
FUNC|004259e0|FUN_004259e0|undefined||.text|357|unknown
FUNC|00425b50|FUN_00425b50|undefined||.text|444|unknown
FUNC|00425f10|FUN_00425f10|undefined||.text|254|unknown
FUNC|004267a0|FUN_004267a0|undefined||.text|351|unknown
FUNC|00426900|FUN_00426900|undefined||.text|386|unknown
FUNC|00426a90|FUN_00426a90|undefined||.text|1016|unknown
FUNC|00426e90|FUN_00426e90|undefined||.text|450|unknown
FUNC|00427060|FUN_00427060|undefined||.text|335|unknown
FUNC|004271b0|FUN_004271b0|undefined||.text|756|unknown
FUNC|004274b0|FUN_004274b0|undefined||.text|432|unknown
FUNC|00427660|FUN_00427660|undefined||.text|716|unknown
FUNC|00427930|FUN_00427930|undefined||.text|402|unknown
FUNC|00427ad0|FUN_00427ad0|undefined||.text|624|unknown
FUNC|00427d40|FUN_00427d40|undefined||.text|131|unknown
FUNC|00427dd0|FUN_00427dd0|undefined||.text|695|unknown
FUNC|004280f0|FUN_004280f0|undefined||.text|790|unknown
FUNC|00428410|FUN_00428410|undefined||.text|424|unknown
FUNC|004285c0|FUN_004285c0|undefined||.text|242|unknown
FUNC|004286c0|FUN_004286c0|undefined||.text|131|unknown
FUNC|00428750|FUN_00428750|undefined||.text|103|unknown
FUNC|004287c0|FUN_004287c0|undefined||.text|803|unknown
FUNC|00428af0|FUN_00428af0|undefined||.text|793|unknown
FUNC|00428e10|FUN_00428e10|undefined||.text|360|unknown
FUNC|00428f80|FUN_00428f80|undefined||.text|3658|unknown
FUNC|00429de0|FUN_00429de0|undefined||.text|418|unknown
FUNC|00429f90|FUN_00429f90|undefined||.text|312|unknown
FUNC|0042a0d0|FUN_0042a0d0|undefined||.text|1355|unknown
FUNC|0042a620|FUN_0042a620|undefined||.text|403|unknown
FUNC|0042a7d0|FUN_0042a7d0|undefined||.text|35|unknown
FUNC|0042c6d0|FUN_0042c6d0|undefined||.text|33|unknown
FUNC|0042d3d0|FUN_0042d3d0|undefined||.text|130|unknown
FUNC|0042e370|FUN_0042e370|undefined||.text|34|unknown
FUNC|0042e3a0|FUN_0042e3a0|undefined||.text|156|unknown
FUNC|0042e440|FUN_0042e440|undefined||.text|394|unknown
FUNC|0042e5d0|FUN_0042e5d0|undefined||.text|16|unknown
FUNC|0042e5e0|FUN_0042e5e0|undefined||.text|26|unknown
FUNC|0042e600|FUN_0042e600|undefined||.text|416|unknown
FUNC|0042e7a0|FUN_0042e7a0|undefined||.text|9205|unknown
FUNC|00430e60|FUN_00430e60|undefined||.text|201|unknown
FUNC|00430f30|FUN_00430f30|undefined||.text|66|unknown
FUNC|00430f80|FUN_00430f80|undefined||.text|111|unknown
FUNC|00430ff0|FUN_00430ff0|undefined||.text|347|unknown
FUNC|00431150|thunk_FUN_00450810|undefined||.text|5|unknown
FUNC|00431160|FUN_00431160|undefined||.text|352|unknown
FUNC|004312c0|FUN_004312c0|undefined||.text|216|unknown
FUNC|004313a0|FUN_004313a0|undefined||.text|966|unknown
FUNC|00431770|FUN_00431770|undefined||.text|372|unknown
FUNC|004318f0|FUN_004318f0|undefined||.text|5863|unknown
FUNC|00432fe0|FUN_00432fe0|undefined||.text|431|unknown
FUNC|00433190|FUN_00433190|undefined||.text|491|unknown
FUNC|00433380|FUN_00433380|undefined||.text|380|unknown
FUNC|00433500|FUN_00433500|undefined||.text|3369|unknown
FUNC|00434230|FUN_00434230|undefined||.text|1293|unknown
FUNC|00434740|FUN_00434740|undefined||.text|248|unknown
FUNC|00434840|FUN_00434840|undefined||.text|323|unknown
FUNC|00434990|FUN_00434990|undefined||.text|353|unknown
FUNC|00434b00|FUN_00434b00|undefined||.text|291|unknown
FUNC|00434c30|FUN_00434c30|undefined||.text|147|unknown
FUNC|00434cd0|FUN_00434cd0|undefined||.text|7818|unknown
FUNC|00436b60|FUN_00436b60|undefined||.text|191|unknown
FUNC|00436c20|FUN_00436c20|undefined||.text|447|unknown
FUNC|00436de0|FUN_00436de0|undefined||.text|513|unknown
FUNC|00436ff0|FUN_00436ff0|undefined||.text|504|unknown
FUNC|004371f0|FUN_004371f0|undefined||.text|404|unknown
FUNC|00437390|FUN_00437390|undefined||.text|96|unknown
FUNC|004373f0|FUN_004373f0|undefined||.text|274|unknown
FUNC|00437510|FUN_00437510|undefined||.text|181|unknown
FUNC|004375d0|FUN_004375d0|undefined||.text|126|unknown
FUNC|00437650|FUN_00437650|undefined||.text|92|unknown
FUNC|004376b0|FUN_004376b0|undefined||.text|63|unknown
FUNC|004376f0|FUN_004376f0|undefined||.text|161|unknown
FUNC|004377a0|FUN_004377a0|undefined||.text|528|unknown
FUNC|004379b0|FUN_004379b0|undefined||.text|251|unknown
FUNC|00437ab0|FUN_00437ab0|undefined||.text|215|unknown
FUNC|00437b90|FUN_00437b90|undefined||.text|498|unknown
FUNC|00437d90|FUN_00437d90|undefined||.text|426|unknown
FUNC|00437f40|FUN_00437f40|undefined||.text|828|unknown
FUNC|00438280|FUN_00438280|undefined||.text|540|unknown
FUNC|004384a0|FUN_004384a0|undefined||.text|707|unknown
FUNC|00438770|FUN_00438770|undefined||.text|190|unknown
FUNC|00438830|FUN_00438830|undefined||.text|307|unknown
FUNC|00438970|FUN_00438970|undefined||.text|2665|unknown
FUNC|004393e0|FUN_004393e0|undefined||.text|3695|unknown
FUNC|0043a250|FUN_0043a250|undefined||.text|177|unknown
FUNC|0043a310|FUN_0043a310|undefined||.text|1174|unknown
FUNC|0043a7b0|FUN_0043a7b0|undefined||.text|201|unknown
FUNC|0043f520|FUN_0043f520|undefined||.text|3057|unknown
FUNC|004474a0|FUN_004474a0|undefined||.text|15|unknown
FUNC|004474b0|FUN_004474b0|undefined||.text|629|unknown
FUNC|00447730|FUN_00447730|undefined||.text|101|unknown
FUNC|004477a0|FUN_004477a0|undefined||.text|267|unknown
FUNC|004478b0|FUN_004478b0|undefined||.text|48|unknown
FUNC|004478e0|FUN_004478e0|undefined||.text|361|unknown
FUNC|00447a50|FUN_00447a50|undefined||.text|300|unknown
FUNC|00447b80|FUN_00447b80|undefined||.text|409|unknown
FUNC|00447d40|FUN_00447d40|undefined||.text|2751|unknown
FUNC|00448800|FUN_00448800|undefined||.text|68|unknown
FUNC|00448850|FUN_00448850|undefined||.text|55|unknown
FUNC|00448890|FUN_00448890|undefined||.text|61|unknown
FUNC|004488d0|FUN_004488d0|undefined||.text|75|unknown
FUNC|00448920|FUN_00448920|undefined||.text|33|unknown
FUNC|00448950|FUN_00448950|undefined||.text|42|unknown
FUNC|00448980|FUN_00448980|undefined||.text|110|unknown
FUNC|004489f0|FUN_004489f0|undefined||.text|165|unknown
FUNC|00448aa0|FUN_00448aa0|undefined||.text|124|unknown
FUNC|00448b20|FUN_00448b20|undefined||.text|166|unknown
FUNC|00448bd0|FUN_00448bd0|undefined||.text|362|unknown
FUNC|00448d40|FUN_00448d40|undefined||.text|341|unknown
FUNC|00448ea0|FUN_00448ea0|undefined||.text|8|unknown
FUNC|00448eb0|FUN_00448eb0|undefined||.text|225|unknown
FUNC|00448fa0|FUN_00448fa0|undefined||.text|211|unknown
FUNC|00449080|FUN_00449080|undefined||.text|305|unknown
FUNC|004491c0|FUN_004491c0|undefined||.text|2498|unknown
FUNC|00449b90|FUN_00449b90|undefined||.text|106|unknown
FUNC|00449c00|FUN_00449c00|undefined||.text|345|unknown
FUNC|00449d60|FUN_00449d60|undefined||.text|28|unknown
FUNC|00449d80|FUN_00449d80|undefined||.text|2047|unknown
FUNC|0044a580|FUN_0044a580|undefined||.text|395|unknown
FUNC|0044a710|FUN_0044a710|undefined||.text|238|unknown
FUNC|0044a800|FUN_0044a800|undefined||.text|407|unknown
FUNC|0044a9a0|FUN_0044a9a0|undefined||.text|459|unknown
FUNC|0044ab70|FUN_0044ab70|undefined||.text|325|unknown
FUNC|0044acc0|FUN_0044acc0|undefined||.text|1710|unknown
FUNC|0044b370|FUN_0044b370|undefined||.text|383|unknown
FUNC|0044b4f0|FUN_0044b4f0|undefined||.text|1283|unknown
FUNC|0044ba00|FUN_0044ba00|undefined||.text|335|unknown
FUNC|0044bb50|FUN_0044bb50|undefined||.text|821|unknown
FUNC|0044be90|FUN_0044be90|undefined||.text|40|unknown
FUNC|0044bec0|FUN_0044bec0|undefined||.text|40|unknown
FUNC|0044bef0|FUN_0044bef0|undefined||.text|374|unknown
FUNC|0044c070|FUN_0044c070|undefined||.text|242|unknown
FUNC|0044c170|FUN_0044c170|undefined||.text|249|unknown
FUNC|0044c270|FUN_0044c270|undefined||.text|566|unknown
FUNC|0044c4b0|FUN_0044c4b0|undefined||.text|1753|unknown
FUNC|0044cb90|FUN_0044cb90|undefined||.text|238|unknown
FUNC|0044cc80|FUN_0044cc80|undefined||.text|80|unknown
FUNC|0044ccd0|FUN_0044ccd0|undefined||.text|710|unknown
FUNC|0044cfa0|FUN_0044cfa0|undefined||.text|319|unknown
FUNC|0044d100|FUN_0044d100|undefined||.text|4619|unknown
FUNC|0044e310|FUN_0044e310|undefined||.text|237|unknown
FUNC|0044e400|FUN_0044e400|undefined||.text|1262|unknown
FUNC|0044e910|DirectSoundCreate|undefined||.text|6|unknown
FUNC|0044fc18|DirectDrawCreate|undefined||.text|6|unknown
FUNC|0044fc1e|DirectDrawEnumerateA|undefined||.text|6|unknown
FUNC|0044fc30|FUN_0044fc30|undefined||.text|20|unknown
FUNC|0044fc50|FUN_0044fc50|undefined||.text|68|unknown
FUNC|0044fca0|FUN_0044fca0|undefined||.text|56|unknown
FUNC|0044fce0|__fpmath|void|param_1:int|.text|23|__cdecl
FUNC|0044fd00|FUN_0044fd00|undefined||.text|56|unknown
FUNC|0044fd40|__ftol|dword|value:double|.text|39|__cdecl
FUNC|0044fd70|FUN_0044fd70|undefined||.text|74|unknown
FUNC|0044fdc0|FUN_0044fdc0|undefined||.text|189|unknown
FUNC|0044fe80|FUN_0044fe80|undefined||.text|596|unknown
FUNC|004500e0|__alldiv|undefined||.text|170|unknown
FUNC|00450190|__allmul|undefined||.text|52|unknown
FUNC|004501d0|FUN_004501d0|undefined||.text|150|unknown
FUNC|00450270|FUN_00450270|undefined||.text|417|unknown
FUNC|00450420|FUN_00450420|undefined||.text|104|unknown
FUNC|00450490|FUN_00450490|undefined||.text|104|unknown
FUNC|00450500|FUN_00450500|undefined||.text|119|unknown
FUNC|00450580|FUN_00450580|undefined||.text|55|unknown
FUNC|004505c0|FUN_004505c0|undefined||.text|326|unknown
FUNC|00450710|FUN_00450710|undefined||.text|35|unknown
FUNC|00450740|FUN_00450740|undefined||.text|21|unknown
FUNC|00450760|FUN_00450760|undefined||.text|153|unknown
FUNC|00450800|FUN_00450800|undefined||.text|10|unknown
FUNC|00450810|FUN_00450810|undefined||.text|42|unknown
FUNC|00450840|FUN_00450840|undefined||.text|153|unknown
FUNC|004508e0|FUN_004508e0|undefined||.text|14|unknown
FUNC|004508f0|FUN_004508f0|undefined||.text|316|unknown
FUNC|00450a30|FUN_00450a30|undefined||.text|96|unknown
FUNC|00450a90|FUN_00450a90|undefined||.text|48|unknown
FUNC|00450ac0|FUN_00450ac0|undefined||.text|18|unknown
FUNC|00450ae0|__exit|void|_Code:int|.text|18|__cdecl
FUNC|00450b00|FUN_00450b00|undefined||.text|164|unknown
FUNC|00450bb0|FUN_00450bb0|undefined||.text|32|unknown
FUNC|00450bd0|_strncpy|char *|_Dest:char *;_Source:char *;_Count:size_t|.text|254|__cdecl
FUNC|00450cd0|_strstr|char *|_Str:char *;_SubStr:char *|.text|128|__cdecl
FUNC|00450d50|FUN_00450d50|undefined||.text|66|unknown
FUNC|00450da0|FUN_00450da0|undefined||.text|114|unknown
FUNC|00450e20|FUN_00450e20|undefined||.text|47|unknown
FUNC|00450e50|FUN_00450e50|undefined||.text|236|unknown
FUNC|00450f40|FUN_00450f40|undefined||.text|597|unknown
FUNC|004511a0|FUN_004511a0|undefined||.text|132|unknown
FUNC|00451230|FUN_00451230|undefined||.text|210|unknown
FUNC|00451310|FUN_00451310|undefined||.text|25|unknown
FUNC|00451332|FUN_00451332|undefined||.text|467|unknown
FUNC|00451505|FUN_00451505|undefined||.text|40|unknown
FUNC|00451530|FUN_00451530|undefined||.text|20|unknown
FUNC|0045154d|FUN_0045154d|undefined||.text|174|unknown
FUNC|00451600|FUN_00451600|undefined||.text|301|unknown
FUNC|00451810|FUN_00451810|undefined||.text|421|unknown
FUNC|004519c0|FUN_004519c0|undefined||.text|89|unknown
FUNC|00451a20|FUN_00451a20|undefined||.text|44|unknown
FUNC|00451a50|FUN_00451a50|undefined||.text|61|unknown
FUNC|00451a90|FUN_00451a90|undefined||.text|664|unknown
FUNC|00451dd0|_strrchr|char *|_Str:char *;_Ch:int|.text|39|__cdecl
FUNC|00451e00|FUN_00451e00|undefined||.text|61|unknown
FUNC|00451e40|FUN_00451e40|undefined||.text|97|unknown
FUNC|00451eb0|entry|undefined||.text|372|unknown
FUNC|00452050|__amsg_exit|void|param_1:int|.text|38|__cdecl
FUNC|00452080|FUN_00452080|undefined||.text|32|unknown
FUNC|004520a0|FUN_004520a0|undefined||.text|55|unknown
FUNC|004520e0|FUN_004520e0|undefined||.text|354|unknown
FUNC|00452250|FUN_00452250|undefined||.text|91|unknown
FUNC|004522b0|FUN_004522b0|undefined||.text|205|unknown
FUNC|00452380|FUN_00452380|undefined||.text|89|unknown
FUNC|004523e0|FUN_004523e0|undefined||.text|83|unknown
FUNC|00452440|FUN_00452440|undefined||.text|563|unknown
FUNC|00452680|FUN_00452680|undefined||.text|370|unknown
FUNC|00452800|__setdefaultprecision|undefined||.text|19|unknown
FUNC|00452820|FUN_00452820|undefined||.text|80|unknown
FUNC|00452870|FUN_00452870|undefined||.text|41|unknown
FUNC|004529f0|FUN_004529f0|undefined||.text|316|unknown
FUNC|00452b30|FUN_00452b30|undefined||.text|249|unknown
FUNC|00452c30|FUN_00452c30|undefined||.text|174|unknown
FUNC|00452ce0|FUN_00452ce0|undefined||.text|43|unknown
FUNC|00452d10|FUN_00452d10|undefined||.text|38|unknown
FUNC|00452db0|FUN_00452db0|undefined||.text|41|unknown
FUNC|00452de0|FUN_00452de0|undefined||.text|103|unknown
FUNC|00452e50|FUN_00452e50|undefined||.text|188|unknown
FUNC|00452f10|FUN_00452f10|undefined||.text|163|unknown
FUNC|00452fc0|FUN_00452fc0|undefined||.text|148|unknown
FUNC|00453060|FUN_00453060|undefined||.text|68|unknown
FUNC|004530b0|FUN_004530b0|undefined||.text|504|unknown
FUNC|00453300|FUN_00453300|undefined||.text|110|unknown
FUNC|00453400|FUN_00453400|undefined||.text|2172|unknown
FUNC|00453d90|FUN_00453d90|undefined||.text|66|unknown
FUNC|00453de0|FUN_00453de0|undefined||.text|57|unknown
FUNC|00453e20|FUN_00453e20|undefined||.text|61|unknown
FUNC|00453e60|FUN_00453e60|undefined||.text|17|unknown
FUNC|00453e80|FUN_00453e80|undefined||.text|18|unknown
FUNC|00453ea0|FUN_00453ea0|undefined||.text|18|unknown
FUNC|00453ec0|FUN_00453ec0|undefined||.text|51|unknown
FUNC|00453f00|FUN_00453f00|undefined||.text|159|unknown
FUNC|00453fa0|FUN_00453fa0|undefined||.text|84|unknown
FUNC|00454000|FUN_00454000|undefined||.text|542|unknown
FUNC|00454220|FUN_00454220|undefined||.text|347|unknown
FUNC|004543f0|FUN_004543f0|undefined||.text|132|unknown
FUNC|00454480|FUN_00454480|undefined||.text|142|unknown
FUNC|00454510|FUN_00454510|undefined||.text|147|unknown
FUNC|004545c6|FUN_004545c6|undefined||.text|187|unknown
FUNC|00454680|FUN_00454680|undefined||.text|3193|unknown
FUNC|004553c0|FUN_004553c0|undefined||.text|57|unknown
FUNC|00455400|FUN_00455400|undefined||.text|33|unknown
FUNC|00455430|FUN_00455430|undefined||.text|24|unknown
FUNC|00455450|FUN_00455450|undefined||.text|72|unknown
FUNC|004554a0|FUN_004554a0|undefined||.text|93|unknown
FUNC|00455500|FUN_00455500|undefined||.text|57|unknown
FUNC|00455540|FUN_00455540|undefined||.text|92|unknown
FUNC|004555a0|FUN_004555a0|undefined||.text|256|unknown
FUNC|004556a0|FUN_004556a0|undefined||.text|43|unknown
FUNC|004556d0|FUN_004556d0|undefined||.text|155|unknown
FUNC|00455770|FUN_00455770|undefined||.text|114|unknown
FUNC|004557f0|FUN_004557f0|undefined||.text|238|unknown
FUNC|004558e0|FUN_004558e0|undefined||.text|804|unknown
FUNC|00455c20|FUN_00455c20|undefined||.text|816|unknown
FUNC|00455f50|FUN_00455f50|undefined||.text|173|unknown
FUNC|00456000|FUN_00456000|undefined||.text|38|unknown
FUNC|00456030|FUN_00456030|undefined||.text|37|unknown
FUNC|00456060|FUN_00456060|undefined||.text|55|unknown
FUNC|004560a0|FUN_004560a0|undefined||.text|16|unknown
FUNC|004560b0|FUN_004560b0|undefined||.text|17|unknown
FUNC|004560d0|FUN_004560d0|undefined||.text|40|unknown
FUNC|00456100|FUN_00456100|undefined||.text|89|unknown
FUNC|004562be|FUN_004562be|undefined||.text|114|unknown
FUNC|00456468|FUN_00456468|undefined||.text|5|unknown
FUNC|00456476|FUN_00456476|undefined||.text|5|unknown
FUNC|00456540|FUN_00456540|undefined||.text|23|unknown
FUNC|00456557|__startOneArgErrorHandling|undefined||.text|60|unknown
FUNC|004565a0|FUN_004565a0|undefined||.text|21|unknown
FUNC|004565b5|FUN_004565b5|undefined||.text|23|unknown
FUNC|004565cc|FUN_004565cc|undefined||.text|25|unknown
FUNC|004565e5|__fload_withFB|undefined||.text|67|unknown
FUNC|00456628|FUN_00456628|undefined||.text|22|unknown
FUNC|0045663e|FUN_0045663e|undefined||.text|13|unknown
FUNC|0045664b|__math_exit|undefined||.text|42|unknown
FUNC|00456689|FUN_00456689|undefined||.text|163|unknown
FUNC|00456730|FUN_00456730|undefined||.text|545|unknown
FUNC|00456960|FUN_00456960|undefined||.text|129|unknown
FUNC|004569f0|FUN_004569f0|undefined||.text|21|unknown
FUNC|00456a10|FUN_00456a10|undefined||.text|40|unknown
FUNC|00456a40|FUN_00456a40|undefined||.text|152|unknown
FUNC|00456b50|__aulldiv|undefined||.text|104|unknown
FUNC|00456bc0|__aullrem|undefined||.text|117|unknown
FUNC|00456dd0|FUN_00456dd0|undefined||.text|18|unknown
FUNC|00456df0|FUN_00456df0|undefined||.text|58|unknown
FUNC|00456e30|FUN_00456e30|undefined||.text|238|unknown
FUNC|00456f20|FUN_00456f20|undefined||.text|158|unknown
FUNC|00456fc0|FUN_00456fc0|undefined||.text|527|unknown
FUNC|004571d0|FUN_004571d0|undefined||.text|342|unknown
FUNC|00457330|FUN_00457330|undefined||.text|490|unknown
FUNC|00457520|FUN_00457520|undefined||.text|77|unknown
FUNC|00457570|FUN_00457570|undefined||.text|56|unknown
FUNC|004575d0|FUN_004575d0|undefined||.text|45|unknown
FUNC|00457600|FUN_00457600|undefined||.text|11|unknown
FUNC|00457610|__global_unwind2|undefined||.text|32|unknown
FUNC|00457652|__local_unwind2|undefined||.text|104|unknown
FUNC|004576e6|FUN_004576e6|undefined||.text|24|unknown
FUNC|004577e0|FUN_004577e0|undefined||.text|61|unknown
FUNC|00457820|FUN_00457820|undefined||.text|470|unknown
FUNC|00457a00|FUN_00457a00|undefined||.text|59|unknown
FUNC|00457a40|FUN_00457a40|undefined||.text|24|unknown
FUNC|00457a60|FUN_00457a60|undefined||.text|150|unknown
FUNC|00457b00|FUN_00457b00|undefined||.text|139|unknown
FUNC|00457b90|FUN_00457b90|undefined||.text|252|unknown
FUNC|00457c90|FUN_00457c90|undefined||.text|102|unknown
FUNC|00457d00|FUN_00457d00|undefined||.text|105|unknown
FUNC|00457d70|FUN_00457d70|undefined||.text|157|unknown
FUNC|00457e10|FUN_00457e10|undefined||.text|29|unknown
FUNC|00457e30|FUN_00457e30|undefined||.text|15|unknown
FUNC|00457e40|FUN_00457e40|undefined||.text|29|unknown
FUNC|00457e60|FUN_00457e60|undefined||.text|177|unknown
FUNC|00457f20|FUN_00457f20|undefined||.text|463|unknown
FUNC|004580f0|FUN_004580f0|undefined||.text|24|unknown
FUNC|00458110|FUN_00458110|undefined||.text|24|unknown
FUNC|00458130|FUN_00458130|undefined||.text|56|unknown
FUNC|00458170|FUN_00458170|undefined||.text|56|unknown
FUNC|004581b0|FUN_004581b0|undefined||.text|145|unknown
FUNC|00458250|FUN_00458250|undefined||.text|115|unknown
FUNC|004582d0|FUN_004582d0|undefined||.text|190|unknown
FUNC|00458390|FUN_00458390|undefined||.text|11|unknown
FUNC|00458400|FUN_00458400|undefined||.text|113|unknown
FUNC|00458480|FUN_00458480|undefined||.text|26|unknown
FUNC|004584a0|FUN_004584a0|undefined||.text|876|unknown
FUNC|00458860|FUN_00458860|undefined||.text|540|unknown
FUNC|00458a80|FUN_00458a80|undefined||.text|47|unknown
FUNC|00458ab0|FUN_00458ab0|undefined||.text|301|unknown
FUNC|00458be0|FUN_00458be0|undefined||.text|252|unknown
FUNC|00458ce0|FUN_00458ce0|undefined||.text|42|unknown
FUNC|00458d10|__allshl|undefined||.text|31|unknown
FUNC|00458d30|FUN_00458d30|undefined||.text|131|unknown
FUNC|00458dc0|FUN_00458dc0|undefined||.text|279|unknown
FUNC|004595b1|FUN_004595b1|undefined||.text|21|unknown
FUNC|00459b50|FUN_00459b50|undefined||.text|256|unknown
FUNC|00459c70|FUN_00459c70|undefined||.text|143|unknown
FUNC|00459d00|FUN_00459d00|undefined||.text|35|unknown
FUNC|00459d30|FUN_00459d30|undefined||.text|104|unknown
FUNC|00459da0|FUN_00459da0|undefined||.text|46|unknown
FUNC|00459dd0|FUN_00459dd0|undefined||.text|45|unknown
FUNC|00459e00|FUN_00459e00|undefined||.text|241|unknown
FUNC|00459f00|FUN_00459f00|undefined||.text|1632|unknown
FUNC|0045a690|FUN_0045a690|undefined||.text|898|unknown
FUNC|0045aa20|FUN_0045aa20|undefined||.text|378|unknown
FUNC|0045aba0|FUN_0045aba0|undefined||.text|696|unknown
FUNC|0045ae60|FUN_0045ae60|undefined||.text|138|unknown
FUNC|0045aef0|FUN_0045aef0|undefined||.text|126|unknown
FUNC|0045af70|RtlUnwind|void|TargetFrame:PVOID;TargetIp:PVOID;ExceptionRecord:PEXCEPTION_RECORD;ReturnValue:PVOID|.text|6|unknown
FUNC|0045af80|__strcmpi|int|_Str1:char *;_Str2:char *|.text|140|__cdecl
FUNC|0045b010|FUN_0045b010|undefined||.text|260|unknown
FUNC|0045b120|FUN_0045b120|undefined||.text|210|unknown
FUNC|0045b200|FUN_0045b200|undefined||.text|32|unknown
IMPORT|KERNEL32.DLL|GetOEMCP
IMPORT|KERNEL32.DLL|GetACP
IMPORT|KERNEL32.DLL|ExitProcess
IMPORT|KERNEL32.DLL|WriteConsoleA
IMPORT|KERNEL32.DLL|SetErrorMode
IMPORT|KERNEL32.DLL|GetDriveTypeA
IMPORT|KERNEL32.DLL|GetVolumeInformationA
IMPORT|KERNEL32.DLL|QueryPerformanceCounter
IMPORT|KERNEL32.DLL|GetTickCount
IMPORT|KERNEL32.DLL|QueryPerformanceFrequency
IMPORT|KERNEL32.DLL|Sleep
IMPORT|KERNEL32.DLL|GetCommandLineA
IMPORT|KERNEL32.DLL|GetSystemDefaultLangID
IMPORT|KERNEL32.DLL|FreeLibrary
IMPORT|KERNEL32.DLL|LoadLibraryA
IMPORT|KERNEL32.DLL|GetLastError
IMPORT|KERNEL32.DLL|GetProcAddress
IMPORT|KERNEL32.DLL|GetCurrentThread
IMPORT|KERNEL32.DLL|GetThreadPriority
IMPORT|KERNEL32.DLL|SetThreadPriority
IMPORT|KERNEL32.DLL|GetSystemInfo
IMPORT|KERNEL32.DLL|GetVersionExA
IMPORT|KERNEL32.DLL|GlobalMemoryStatus
IMPORT|KERNEL32.DLL|HeapAlloc
IMPORT|KERNEL32.DLL|HeapFree
IMPORT|KERNEL32.DLL|SetFilePointer
IMPORT|KERNEL32.DLL|ReadFile
IMPORT|KERNEL32.DLL|SetCurrentDirectoryA
IMPORT|KERNEL32.DLL|GetCurrentDirectoryA
IMPORT|KERNEL32.DLL|SetEnvironmentVariableA
IMPORT|KERNEL32.DLL|GetCurrentProcess
IMPORT|KERNEL32.DLL|TerminateProcess
IMPORT|KERNEL32.DLL|CloseHandle
IMPORT|KERNEL32.DLL|GetVersion
IMPORT|KERNEL32.DLL|GetStartupInfoA
IMPORT|KERNEL32.DLL|GetModuleHandleA
IMPORT|KERNEL32.DLL|HeapCreate
IMPORT|KERNEL32.DLL|HeapDestroy
IMPORT|KERNEL32.DLL|VirtualAlloc
IMPORT|KERNEL32.DLL|VirtualFree
IMPORT|KERNEL32.DLL|SetStdHandle
IMPORT|KERNEL32.DLL|GetFileType
IMPORT|KERNEL32.DLL|GetStdHandle
IMPORT|KERNEL32.DLL|SetHandleCount
IMPORT|KERNEL32.DLL|WriteFile
IMPORT|KERNEL32.DLL|RaiseException
IMPORT|KERNEL32.DLL|GetModuleFileNameA
IMPORT|KERNEL32.DLL|GetEnvironmentStringsW
IMPORT|KERNEL32.DLL|GetEnvironmentStrings
IMPORT|KERNEL32.DLL|WideCharToMultiByte
IMPORT|KERNEL32.DLL|FreeEnvironmentStringsW
IMPORT|KERNEL32.DLL|FreeEnvironmentStringsA
IMPORT|KERNEL32.DLL|GetCPInfo
IMPORT|KERNEL32.DLL|CreateFileA
IMPORT|KERNEL32.DLL|LCMapStringA
IMPORT|KERNEL32.DLL|LCMapStringW
IMPORT|KERNEL32.DLL|MultiByteToWideChar
IMPORT|KERNEL32.DLL|GetStringTypeA
IMPORT|KERNEL32.DLL|GetStringTypeW
IMPORT|KERNEL32.DLL|SetEndOfFile
IMPORT|KERNEL32.DLL|GetConsoleMode
IMPORT|KERNEL32.DLL|SetConsoleMode
IMPORT|KERNEL32.DLL|ReadConsoleInputA
IMPORT|KERNEL32.DLL|RtlUnwind
IMPORT|KERNEL32.DLL|FlushFileBuffers
IMPORT|KERNEL32.DLL|UnhandledExceptionFilter
IMPORT|USER32.DLL|MessageBoxA
IMPORT|USER32.DLL|LoadStringA
IMPORT|USER32.DLL|FindWindowA
IMPORT|USER32.DLL|BringWindowToTop
IMPORT|USER32.DLL|IsIconic
IMPORT|USER32.DLL|ShowWindow
IMPORT|USER32.DLL|GetSystemMetrics
IMPORT|USER32.DLL|PeekMessageA
IMPORT|USER32.DLL|TranslateMessage
IMPORT|USER32.DLL|DispatchMessageA
IMPORT|USER32.DLL|GetForegroundWindow
IMPORT|USER32.DLL|InvalidateRect
IMPORT|USER32.DLL|UpdateWindow
IMPORT|USER32.DLL|PostQuitMessage
IMPORT|USER32.DLL|LoadIconA
IMPORT|USER32.DLL|RegisterClassA
IMPORT|USER32.DLL|CreateWindowExA
IMPORT|USER32.DLL|DestroyWindow
IMPORT|USER32.DLL|ReleaseDC
IMPORT|USER32.DLL|LoadCursorA
IMPORT|USER32.DLL|GetClientRect
IMPORT|USER32.DLL|SetWindowPos
IMPORT|USER32.DLL|GetDC
IMPORT|USER32.DLL|SetFocus
IMPORT|USER32.DLL|GetKeyboardState
IMPORT|USER32.DLL|BeginPaint
IMPORT|USER32.DLL|EndPaint
IMPORT|USER32.DLL|SetCursor
IMPORT|USER32.DLL|DefWindowProcA
IMPORT|DSOUND.DLL|DirectSoundCreate
IMPORT|GDI32.DLL|ChoosePixelFormat
IMPORT|GDI32.DLL|SetPixelFormat
IMPORT|GDI32.DLL|SwapBuffers
IMPORT|GDI32.DLL|StretchDIBits
IMPORT|GDI32.DLL|CreatePalette
IMPORT|GDI32.DLL|SelectPalette
IMPORT|GDI32.DLL|RealizePalette
IMPORT|GDI32.DLL|DeleteObject
IMPORT|ADVAPI32.DLL|RegOpenKeyExA
IMPORT|ADVAPI32.DLL|RegQueryValueExA
IMPORT|ADVAPI32.DLL|RegCloseKey
IMPORT|OLE32.DLL|CoUninitialize
IMPORT|OLE32.DLL|CoInitialize
IMPORT|OLE32.DLL|CoCreateInstance
IMPORT|DDRAW.DLL|DirectDrawCreate
IMPORT|DDRAW.DLL|DirectDrawEnumerateA
DATA|00400000|128|IMAGE_DOS_HEADER|IMAGE_DOS_HEADER_00400000|Headers|
DATA|00400080|248|IMAGE_NT_HEADERS32||Headers|
DATA|00400178|40|IMAGE_SECTION_HEADER||Headers|
DATA|004001a0|40|IMAGE_SECTION_HEADER||Headers|
DATA|004001c8|40|IMAGE_SECTION_HEADER||Headers|
DATA|004001f0|40|IMAGE_SECTION_HEADER||Headers|
DATA|00400218|40|IMAGE_SECTION_HEADER||Headers|
DATA|00400240|40|IMAGE_SECTION_HEADER||Headers|
DATA|00406170|4|pointer|switchdataD_00406170|.text|00405a12
DATA|00406174|4|pointer||.text|00405a1e
DATA|00406178|4|pointer||.text|00405a2a
DATA|0040617c|4|pointer||.text|00405a36
DATA|00406180|4|pointer||.text|00405a42
DATA|00406184|4|pointer||.text|00405a4e
DATA|00409c54|4|pointer|switchdataD_00409c54|.text|00409acd
DATA|00409c58|4|pointer||.text|00409ae0
DATA|00409c5c|4|pointer||.text|00409af3
DATA|00409c60|4|pointer||.text|00409b06
DATA|00409c64|4|pointer||.text|00409b19
DATA|00409c68|4|pointer||.text|00409b2c
DATA|00409c6c|1|byte|switchdataD_00409c6c|.text|0x0
DATA|00409c6d|1|byte||.text|0x5
DATA|00409c6e|1|byte||.text|0x5
DATA|00409c6f|1|byte||.text|0x1
DATA|00409c70|1|byte||.text|0x5
DATA|00409c71|1|byte||.text|0x2
DATA|00409c72|1|byte||.text|0x5
DATA|00409c73|1|byte||.text|0x5
DATA|00409c74|1|byte||.text|0x5
DATA|00409c75|1|byte||.text|0x3
DATA|00409c76|1|byte||.text|0x5
DATA|00409c77|1|byte||.text|0x5
DATA|00409c78|1|byte||.text|0x4
DATA|0040e71c|4|pointer|switchdataD_0040e71c|.text|0040e4a8
DATA|0040e720|4|pointer||.text|0040e518
DATA|0040e724|4|pointer||.text|0040e556
DATA|0040e728|4|pointer||.text|0040e598
DATA|0040e72c|4|pointer||.text|0040e5da
DATA|0040e730|4|pointer||.text|0040e6fa
DATA|0040e734|1|byte|switchdataD_0040e734|.text|0x0
DATA|0040e735|1|byte||.text|0x5
DATA|0040e736|1|byte||.text|0x5
DATA|0040e737|1|byte||.text|0x5
DATA|0040e738|1|byte||.text|0x5
DATA|0040e739|1|byte||.text|0x5
DATA|0040e73a|1|byte||.text|0x5
DATA|0040e73b|1|byte||.text|0x5
DATA|0040e73c|1|byte||.text|0x5
DATA|0040e73d|1|byte||.text|0x5
DATA|0040e73e|1|byte||.text|0x5
DATA|0040e73f|1|byte||.text|0x5
DATA|0040e740|1|byte||.text|0x5
DATA|0040e741|1|byte||.text|0x5
DATA|0040e742|1|byte||.text|0x5
DATA|0040e743|1|byte||.text|0x5
DATA|0040e744|1|byte||.text|0x5
DATA|0040e745|1|byte||.text|0x5
DATA|0040e746|1|byte||.text|0x5
DATA|0040e747|1|byte||.text|0x5
DATA|0040e748|1|byte||.text|0x5
DATA|0040e749|1|byte||.text|0x5
DATA|0040e74a|1|byte||.text|0x5
DATA|0040e74b|1|byte||.text|0x5
DATA|0040e74c|1|byte||.text|0x5
DATA|0040e74d|1|byte||.text|0x5
DATA|0040e74e|1|byte||.text|0x5
DATA|0040e74f|1|byte||.text|0x5
DATA|0040e750|1|byte||.text|0x5
DATA|0040e751|1|byte||.text|0x5
DATA|0040e752|1|byte||.text|0x5
DATA|0040e753|1|byte||.text|0x5
DATA|0040e754|1|byte||.text|0x5
DATA|0040e755|1|byte||.text|0x5
DATA|0040e756|1|byte||.text|0x5
DATA|0040e757|1|byte||.text|0x5
DATA|0040e758|1|byte||.text|0x5
DATA|0040e759|1|byte||.text|0x5
DATA|0040e75a|1|byte||.text|0x5
DATA|0040e75b|1|byte||.text|0x5
DATA|0040e75c|1|byte||.text|0x5
DATA|0040e75d|1|byte||.text|0x5
DATA|0040e75e|1|byte||.text|0x5
DATA|0040e75f|1|byte||.text|0x5
DATA|0040e760|1|byte||.text|0x5
DATA|0040e761|1|byte||.text|0x5
DATA|0040e762|1|byte||.text|0x5
DATA|0040e763|1|byte||.text|0x5
DATA|0040e764|1|byte||.text|0x5
DATA|0040e765|1|byte||.text|0x5
DATA|0040e766|1|byte||.text|0x5
DATA|0040e767|1|byte||.text|0x5
DATA|0040e768|1|byte||.text|0x5
DATA|0040e769|1|byte||.text|0x5
DATA|0040e76a|1|byte||.text|0x5
DATA|0040e76b|1|byte||.text|0x5
DATA|0040e76c|1|byte||.text|0x5
DATA|0040e76d|1|byte||.text|0x5
DATA|0040e76e|1|byte||.text|0x5
DATA|0040e76f|1|byte||.text|0x5
DATA|0040e770|1|byte||.text|0x5
DATA|0040e771|1|byte||.text|0x5
DATA|0040e772|1|byte||.text|0x5
DATA|0040e773|1|byte||.text|0x5
DATA|0040e774|1|byte||.text|0x5
DATA|0040e775|1|byte||.text|0x5
DATA|0040e776|1|byte||.text|0x5
DATA|0040e777|1|byte||.text|0x5
DATA|0040e778|1|byte||.text|0x5
DATA|0040e779|1|byte||.text|0x5
DATA|0040e77a|1|byte||.text|0x5
DATA|0040e77b|1|byte||.text|0x5
DATA|0040e77c|1|byte||.text|0x5
DATA|0040e77d|1|byte||.text|0x5
DATA|0040e77e|1|byte||.text|0x5
DATA|0040e77f|1|byte||.text|0x5
DATA|0040e780|1|byte||.text|0x5
DATA|0040e781|1|byte||.text|0x5
DATA|0040e782|1|byte||.text|0x5
DATA|0040e783|1|byte||.text|0x5
DATA|0040e784|1|byte||.text|0x5
DATA|0040e785|1|byte||.text|0x5
DATA|0040e786|1|byte||.text|0x5
DATA|0040e787|1|byte||.text|0x5
DATA|0040e788|1|byte||.text|0x5
DATA|0040e789|1|byte||.text|0x1
DATA|0040e78a|1|byte||.text|0x2
DATA|0040e78b|1|byte||.text|0x3
DATA|0040e78c|1|byte||.text|0x4
DATA|00411284|4|pointer|switchdataD_00411284|.text|00410801
DATA|00411288|4|pointer||.text|00410801
DATA|0041128c|4|pointer||.text|00411025
DATA|00411290|4|pointer||.text|00411025
DATA|00411294|4|pointer||.text|00410a76
DATA|00411298|4|pointer||.text|00410146
DATA|0041129c|4|pointer||.text|00410493
DATA|004112a0|4|pointer||.text|004103b5
DATA|004112a4|4|pointer||.text|00410705
DATA|004112a8|4|pointer||.text|00411222
DATA|004112ac|4|pointer||.text|004101f8
DATA|004112b0|4|pointer||.text|004102d6
DATA|004112b4|4|pointer||.text|00410549
DATA|004112b8|4|pointer||.text|0041062b
DATA|004112bc|4|pointer||.text|004107e4
DATA|004112c0|4|pointer||.text|00411265
DATA|004112c4|1|byte|switchdataD_004112c4|.text|0x0
DATA|004112c5|1|byte||.text|0xf
DATA|004112c6|1|byte||.text|0xf
DATA|004112c7|1|byte||.text|0xf
DATA|004112c8|1|byte||.text|0x1
DATA|004112c9|1|byte||.text|0xf
DATA|004112ca|1|byte||.text|0xf
DATA|004112cb|1|byte||.text|0xf
DATA|004112cc|1|byte||.text|0x2
DATA|004112cd|1|byte||.text|0xf
DATA|004112ce|1|byte||.text|0xf
DATA|004112cf|1|byte||.text|0xf
DATA|004112d0|1|byte||.text|0x3
DATA|004112d1|1|byte||.text|0xf
DATA|004112d2|1|byte||.text|0xf
DATA|004112d3|1|byte||.text|0xf
DATA|004112d4|1|byte||.text|0x4
DATA|004112d5|1|byte||.text|0xf
DATA|004112d6|1|byte||.text|0xf
DATA|004112d7|1|byte||.text|0xf
DATA|004112d8|1|byte||.text|0xf
DATA|004112d9|1|byte||.text|0xf
DATA|004112da|1|byte||.text|0xf
DATA|004112db|1|byte||.text|0xf
DATA|004112dc|1|byte||.text|0xf
DATA|004112dd|1|byte||.text|0xf
DATA|004112de|1|byte||.text|0xf
DATA|004112df|1|byte||.text|0xf
DATA|004112e0|1|byte||.text|0xf
DATA|004112e1|1|byte||.text|0xf
DATA|004112e2|1|byte||.text|0xf
DATA|004112e3|1|byte||.text|0xf
DATA|004112e4|1|byte||.text|0xf
DATA|004112e5|1|byte||.text|0xf
DATA|004112e6|1|byte||.text|0xf
DATA|004112e7|1|byte||.text|0xf
DATA|004112e8|1|byte||.text|0xf
DATA|004112e9|1|byte||.text|0xf
DATA|004112ea|1|byte||.text|0xf
DATA|004112eb|1|byte||.text|0xf
DATA|004112ec|1|byte||.text|0xf
DATA|004112ed|1|byte||.text|0xf
DATA|004112ee|1|byte||.text|0xf
DATA|004112ef|1|byte||.text|0xf
DATA|004112f0|1|byte||.text|0xf
DATA|004112f1|1|byte||.text|0xf
DATA|004112f2|1|byte||.text|0xf
DATA|004112f3|1|byte||.text|0xf
DATA|004112f4|1|byte||.text|0xf
DATA|004112f5|1|byte||.text|0xf
DATA|004112f6|1|byte||.text|0xf
DATA|004112f7|1|byte||.text|0xf
DATA|004112f8|1|byte||.text|0x5
DATA|004112f9|1|byte||.text|0xf
DATA|004112fa|1|byte||.text|0xf
DATA|004112fb|1|byte||.text|0xf
DATA|004112fc|1|byte||.text|0x6
DATA|004112fd|1|byte||.text|0xf
DATA|004112fe|1|byte||.text|0xf
DATA|004112ff|1|byte||.text|0xf
DATA|00411300|1|byte||.text|0x7
DATA|00411301|1|byte||.text|0xf
DATA|00411302|1|byte||.text|0xf
DATA|00411303|1|byte||.text|0xf
DATA|00411304|1|byte||.text|0x8
DATA|00411305|1|byte||.text|0xf
DATA|00411306|1|byte||.text|0xf
DATA|00411307|1|byte||.text|0xf
DATA|00411308|1|byte||.text|0x9
DATA|00411309|1|byte||.text|0xf
DATA|0041130a|1|byte||.text|0xf
DATA|0041130b|1|byte||.text|0xf
DATA|0041130c|1|byte||.text|0xa
DATA|0041130d|1|byte||.text|0xf
DATA|0041130e|1|byte||.text|0xb
DATA|0041130f|1|byte||.text|0xf
DATA|00411310|1|byte||.text|0xc
DATA|00411311|1|byte||.text|0xf
DATA|00411312|1|byte||.text|0xd
DATA|00411313|1|byte||.text|0xf
DATA|00411314|1|byte||.text|0xf
DATA|00411315|1|byte||.text|0xf
DATA|00411316|1|byte||.text|0xf
DATA|00411317|1|byte||.text|0xf
DATA|00411318|1|byte||.text|0xf
DATA|00411319|1|byte||.text|0xf
DATA|0041131a|1|byte||.text|0xf
DATA|0041131b|1|byte||.text|0xf
DATA|0041131c|1|byte||.text|0xf
DATA|0041131d|1|byte||.text|0xf
DATA|0041131e|1|byte||.text|0xf
DATA|0041131f|1|byte||.text|0xf
DATA|00411320|1|byte||.text|0xf
DATA|00411321|1|byte||.text|0xf
DATA|00411322|1|byte||.text|0xf
DATA|00411323|1|byte||.text|0xf
DATA|00411324|1|byte||.text|0xf
DATA|00411325|1|byte||.text|0xf
DATA|00411326|1|byte||.text|0xf
DATA|00411327|1|byte||.text|0xf
DATA|00411328|1|byte||.text|0xe
DATA|0041244c|4|pointer|switchdataD_0041244c|.text|00411d4a
DATA|00412450|4|pointer||.text|004120a3
DATA|00412454|4|pointer||.text|00411fce
DATA|00412458|4|pointer||.text|0041232a
DATA|0041245c|4|pointer||.text|00411e23
DATA|00412460|4|pointer||.text|00411ef8
DATA|00412464|4|pointer||.text|00412180
DATA|00412468|4|pointer||.text|00412259
DATA|0041246c|4|pointer||.text|00412400
DATA|00412470|4|pointer||.text|00412433
DATA|00412474|1|byte|switchdataD_00412474|.text|0x0
DATA|00412475|1|byte||.text|0x9
DATA|00412476|1|byte||.text|0x9
DATA|00412477|1|byte||.text|0x9
DATA|00412478|1|byte||.text|0x1
DATA|00412479|1|byte||.text|0x9
DATA|0041247a|1|byte||.text|0x9
DATA|0041247b|1|byte||.text|0x9
DATA|0041247c|1|byte||.text|0x2
DATA|0041247d|1|byte||.text|0x9
DATA|0041247e|1|byte||.text|0x9
DATA|0041247f|1|byte||.text|0x9
DATA|00412480|1|byte||.text|0x3
DATA|00412481|1|byte||.text|0x9
DATA|00412482|1|byte||.text|0x9
DATA|00412483|1|byte||.text|0x9
DATA|00412484|1|byte||.text|0x9
DATA|00412485|1|byte||.text|0x9
DATA|00412486|1|byte||.text|0x9
DATA|00412487|1|byte||.text|0x9
DATA|00412488|1|byte||.text|0x4
DATA|00412489|1|byte||.text|0x9
DATA|0041248a|1|byte||.text|0x5
DATA|0041248b|1|byte||.text|0x9
DATA|0041248c|1|byte||.text|0x6
DATA|0041248d|1|byte||.text|0x9
DATA|0041248e|1|byte||.text|0x7
DATA|0041248f|1|byte||.text|0x9
DATA|00412490|1|byte||.text|0x9
DATA|00412491|1|byte||.text|0x9
DATA|00412492|1|byte||.text|0x9
DATA|00412493|1|byte||.text|0x9
DATA|00412494|1|byte||.text|0x9
DATA|00412495|1|byte||.text|0x9
DATA|00412496|1|byte||.text|0x9
DATA|00412497|1|byte||.text|0x9
DATA|00412498|1|byte||.text|0x9
DATA|00412499|1|byte||.text|0x9
DATA|0041249a|1|byte||.text|0x9
DATA|0041249b|1|byte||.text|0x9
DATA|0041249c|1|byte||.text|0x9
DATA|0041249d|1|byte||.text|0x9
DATA|0041249e|1|byte||.text|0x9
DATA|0041249f|1|byte||.text|0x9
DATA|004124a0|1|byte||.text|0x9
DATA|004124a1|1|byte||.text|0x9
DATA|004124a2|1|byte||.text|0x9
DATA|004124a3|1|byte||.text|0x9
DATA|004124a4|1|byte||.text|0x8
DATA|00420cdc|4|pointer|switchdataD_00420cdc|.text|00420be5
DATA|00420ce0|4|pointer||.text|00420bf5
DATA|00420ce4|4|pointer||.text|00420c60
DATA|00420ce8|4|pointer|PTR_caseD_20_00420ce8|.text|00420c94
DATA|00420cec|4|pointer||.text|00420cd5
DATA|00420cf0|1|byte|switchdataD_00420cf0|.text|0x0
DATA|00420cf1|1|byte||.text|0x4
DATA|00420cf2|1|byte||.text|0x4
DATA|00420cf3|1|byte||.text|0x4
DATA|00420cf4|1|byte||.text|0x4
DATA|00420cf5|1|byte||.text|0x4
DATA|00420cf6|1|byte||.text|0x4
DATA|00420cf7|1|byte||.text|0x1
DATA|00420cf8|1|byte||.text|0x1
DATA|00420cf9|1|byte||.text|0x4
DATA|00420cfa|1|byte||.text|0x4
DATA|00420cfb|1|byte||.text|0x4
DATA|00420cfc|1|byte||.text|0x4
DATA|00420cfd|1|byte||.text|0x4
DATA|00420cfe|1|byte||.text|0x4
DATA|00420cff|1|byte||.text|0x4
DATA|00420d00|1|byte||.text|0x2
DATA|00420d01|1|byte||.text|0x4
DATA|00420d02|1|byte||.text|0x4
DATA|00420d03|1|byte||.text|0x4
DATA|00420d04|1|byte||.text|0x4
DATA|00420d05|1|byte||.text|0x4
DATA|00420d06|1|byte||.text|0x4
DATA|00420d07|1|byte||.text|0x4
DATA|00420d08|1|byte||.text|0x3
DATA|00421724|4|pointer|switchdataD_00421724|.text|00420e19
DATA|00421728|4|pointer||.text|00420ec0
DATA|0042172c|4|pointer||.text|00420f48
DATA|00421730|4|pointer||.text|00420f99
DATA|00421734|4|pointer||.text|0042103f
DATA|00421738|4|pointer|switchdataD_00421738|.text|00421568
DATA|0042173c|4|pointer||.text|004214e3
DATA|00421740|4|pointer||.text|00421517
DATA|00421744|4|pointer|PTR_caseD_20_00421744|.text|0042153b
DATA|00421748|4|pointer||.text|00421568
DATA|0042174c|1|byte|switchdataD_0042174c|.text|0x0
DATA|0042174d|1|byte||.text|0x4
DATA|0042174e|1|byte||.text|0x4
DATA|0042174f|1|byte||.text|0x4
DATA|00421750|1|byte||.text|0x4
DATA|00421751|1|byte||.text|0x4
DATA|00421752|1|byte||.text|0x4
DATA|00421753|1|byte||.text|0x4
DATA|00421754|1|byte||.text|0x1
DATA|00421755|1|byte||.text|0x4
DATA|00421756|1|byte||.text|0x4
DATA|00421757|1|byte||.text|0x4
DATA|00421758|1|byte||.text|0x4
DATA|00421759|1|byte||.text|0x4
DATA|0042175a|1|byte||.text|0x4
DATA|0042175b|1|byte||.text|0x4
DATA|0042175c|1|byte||.text|0x2
DATA|0042175d|1|byte||.text|0x4
DATA|0042175e|1|byte||.text|0x4
DATA|0042175f|1|byte||.text|0x4
DATA|00421760|1|byte||.text|0x4
DATA|00421761|1|byte||.text|0x4
DATA|00421762|1|byte||.text|0x4
DATA|00421763|1|byte||.text|0x4
DATA|00421764|1|byte|BYTE_00421764|.text|0x3
DATA|00421c40|4|pointer|switchdataD_00421c40|.text|00421a75
DATA|00421c44|4|pointer||.text|004219ef
DATA|00421c48|4|pointer||.text|00421a23
DATA|00421c4c|4|pointer|PTR_caseD_20_00421c4c|.text|00421a47
DATA|00421c50|4|pointer||.text|00421a75
DATA|00421c54|1|byte|switchdataD_00421c54|.text|0x0
DATA|00421c55|1|byte||.text|0x4
DATA|00421c56|1|byte||.text|0x4
DATA|00421c57|1|byte||.text|0x4
DATA|00421c58|1|byte||.text|0x4
DATA|00421c59|1|byte||.text|0x4
DATA|00421c5a|1|byte||.text|0x4
DATA|00421c5b|1|byte||.text|0x4
DATA|00421c5c|1|byte||.text|0x1
DATA|00421c5d|1|byte||.text|0x4
DATA|00421c5e|1|byte||.text|0x4
DATA|00421c5f|1|byte||.text|0x4
DATA|00421c60|1|byte||.text|0x4
DATA|00421c61|1|byte||.text|0x4
DATA|00421c62|1|byte||.text|0x4
DATA|00421c63|1|byte||.text|0x4
DATA|00421c64|1|byte||.text|0x2
DATA|00421c65|1|byte||.text|0x4
DATA|00421c66|1|byte||.text|0x4
DATA|00421c67|1|byte||.text|0x4
DATA|00421c68|1|byte||.text|0x4
DATA|00421c69|1|byte||.text|0x4
DATA|00421c6a|1|byte||.text|0x4
DATA|00421c6b|1|byte||.text|0x4
DATA|00421c6c|1|byte|BYTE_00421c6c|.text|0x3
DATA|00422970|4|pointer|switchdataD_00422970|.text|00422272
DATA|00422974|4|pointer||.text|004223b6
DATA|00422978|4|pointer||.text|0042230f
DATA|0042297c|4|pointer||.text|004226fb
DATA|00422980|4|pointer||.text|004224ff
DATA|00422984|4|pointer||.text|0042245d
DATA|00422988|4|pointer||.text|0042259c
DATA|0042298c|4|pointer||.text|004226fb
DATA|00422990|4|pointer||.text|00422643
DATA|00422994|4|undefined4|DAT_00422994|.text|-0x6f6f6f70
DATA|0042344c|4|pointer|switchdataD_0042344c|.text|00422d07
DATA|00423450|4|pointer||.text|00422d16
DATA|00423454|4|pointer||.text|00422d24
DATA|00423458|4|pointer||.text|00422d30
DATA|0042345c|4|pointer|switchdataD_0042345c|.text|00422fdc
DATA|00423460|4|pointer||.text|00422feb
DATA|00423464|4|pointer||.text|00422ff9
DATA|00423468|4|pointer||.text|00423005
DATA|0042346c|4|pointer|switchdataD_0042346c|.text|004231c4
DATA|00423470|4|pointer||.text|004231d3
DATA|00423474|4|pointer||.text|004231e1
DATA|00423478|4|pointer||.text|004231ed
DATA|0042347c|4|pointer|switchdataD_0042347c|.text|0042333c
DATA|00423480|4|pointer||.text|0042334f
DATA|00423484|4|pointer||.text|00423361
DATA|00423488|4|pointer||.text|00423371
DATA|004238cc|4|pointer|switchdataD_004238cc|.text|004234cd
DATA|004238d0|4|pointer||.text|004234dc
DATA|004238d4|4|pointer||.text|004234ea
DATA|004238d8|4|pointer||.text|004234f6
DATA|004246d0|4|pointer|switchdataD_004246d0|.text|00424696
DATA|004246d4|4|pointer||.text|00424696
DATA|004246d8|4|pointer||.text|0042469f
DATA|004246dc|4|pointer||.text|0042469f
DATA|004246e0|4|pointer||.text|0042469a
DATA|004246e4|4|pointer||.text|00424646
DATA|004246e8|4|pointer||.text|00424654
DATA|004246ec|4|pointer||.text|00423f0b
DATA|004246f0|4|pointer||.text|00423fcf
DATA|004246f4|4|pointer||.text|00424663
DATA|004246f8|4|pointer||.text|00424687
DATA|004246fc|4|pointer||.text|00424093
DATA|00424700|4|pointer||.text|004244c3
DATA|00424704|4|pointer||.text|00424157
DATA|00424708|4|pointer||.text|0042430d
DATA|0042470c|4|pointer||.text|00424249
DATA|00424710|4|pointer||.text|004243ff
DATA|00424714|4|pointer||.text|004246a4
DATA|00424718|4|pointer||.text|00424687
DATA|0042471c|4|pointer||.text|0042421b
DATA|00424720|4|pointer||.text|00424672
DATA|00424724|4|pointer||.text|004243d1
DATA|00424728|4|pointer||.text|00424587
DATA|0042472c|4|pointer||.text|004246c9
DATA|00424730|1|byte|switchdataD_00424730|.text|0x0
DATA|00424731|1|byte||.text|0x17
DATA|00424732|1|byte||.text|0x17
DATA|00424733|1|byte||.text|0x17
DATA|00424734|1|byte||.text|0x1
DATA|00424735|1|byte||.text|0x17
DATA|00424736|1|byte||.text|0x17
DATA|00424737|1|byte||.text|0x17
DATA|00424738|1|byte||.text|0x2
DATA|00424739|1|byte||.text|0x17
DATA|0042473a|1|byte||.text|0x17
DATA|0042473b|1|byte||.text|0x17
DATA|0042473c|1|byte||.text|0x3
DATA|0042473d|1|byte||.text|0x17
DATA|0042473e|1|byte||.text|0x17
DATA|0042473f|1|byte||.text|0x17
DATA|00424740|1|byte||.text|0x4
DATA|00424741|1|byte||.text|0x17
DATA|00424742|1|byte||.text|0x17
DATA|00424743|1|byte||.text|0x17
DATA|00424744|1|byte||.text|0x5
DATA|00424745|1|byte||.text|0x17
DATA|00424746|1|byte||.text|0x17
DATA|00424747|1|byte||.text|0x17
DATA|00424748|1|byte||.text|0x6
DATA|00424749|1|byte||.text|0x17
DATA|0042474a|1|byte||.text|0x17
DATA|0042474b|1|byte||.text|0x17
DATA|0042474c|1|byte||.text|0x7
DATA|0042474d|1|byte||.text|0x17
DATA|0042474e|1|byte||.text|0x17
DATA|0042474f|1|byte||.text|0x17
DATA|00424750|1|byte||.text|0x8
DATA|00424751|1|byte||.text|0x17
DATA|00424752|1|byte||.text|0x17
DATA|00424753|1|byte||.text|0x17
DATA|00424754|1|byte||.text|0x9
DATA|00424755|1|byte||.text|0x17
DATA|00424756|1|byte||.text|0x17
DATA|00424757|1|byte||.text|0x17
DATA|00424758|1|byte||.text|0xa
DATA|00424759|1|byte||.text|0x17
DATA|0042475a|1|byte||.text|0x17
DATA|0042475b|1|byte||.text|0x17
DATA|0042475c|1|byte||.text|0xb
DATA|0042475d|1|byte||.text|0x17
DATA|0042475e|1|byte||.text|0x17
DATA|0042475f|1|byte||.text|0x17
DATA|00424760|1|byte||.text|0xc
DATA|00424761|1|byte||.text|0x17
DATA|00424762|1|byte||.text|0x17
DATA|00424763|1|byte||.text|0x17
DATA|00424764|1|byte||.text|0xd
DATA|00424765|1|byte||.text|0x17
DATA|00424766|1|byte||.text|0x17
DATA|00424767|1|byte||.text|0x17
DATA|00424768|1|byte||.text|0xe
DATA|00424769|1|byte||.text|0x17
DATA|0042476a|1|byte||.text|0x17
DATA|0042476b|1|byte||.text|0x17
DATA|0042476c|1|byte||.text|0xf
DATA|0042476d|1|byte||.text|0x17
DATA|0042476e|1|byte||.text|0x17
DATA|0042476f|1|byte||.text|0x17
DATA|00424770|1|byte||.text|0x10
DATA|00424771|1|byte||.text|0x17
DATA|00424772|1|byte||.text|0x17
DATA|00424773|1|byte||.text|0x17
DATA|00424774|1|byte||.text|0x11
DATA|00424775|1|byte||.text|0x17
DATA|00424776|1|byte||.text|0x17
DATA|00424777|1|byte||.text|0x17
DATA|00424778|1|byte||.text|0x12
DATA|00424779|1|byte||.text|0x17
DATA|0042477a|1|byte||.text|0x13
DATA|0042477b|1|byte||.text|0x17
DATA|0042477c|1|byte||.text|0x14
DATA|0042477d|1|byte||.text|0x17
DATA|0042477e|1|byte||.text|0x15
DATA|0042477f|1|byte||.text|0x17
DATA|00424780|1|byte||.text|0x17
DATA|00424781|1|byte||.text|0x17
DATA|00424782|1|byte||.text|0x17
DATA|00424783|1|byte||.text|0x17
DATA|00424784|1|byte||.text|0x17
DATA|00424785|1|byte||.text|0x17
DATA|00424786|1|byte||.text|0x17
DATA|00424787|1|byte||.text|0x17
DATA|00424788|1|byte||.text|0x17
DATA|00424789|1|byte||.text|0x17
DATA|0042478a|1|byte||.text|0x17
DATA|0042478b|1|byte||.text|0x17
DATA|0042478c|1|byte||.text|0x17
DATA|0042478d|1|byte||.text|0x17
DATA|0042478e|1|byte||.text|0x17
DATA|0042478f|1|byte||.text|0x17
DATA|00424790|1|byte||.text|0x17
DATA|00424791|1|byte||.text|0x17
DATA|00424792|1|byte||.text|0x17
DATA|00424793|1|byte||.text|0x17
DATA|00424794|1|byte||.text|0x16
DATA|00425d0c|4|pointer|switchdataD_00425d0c|.text|00425d01
DATA|00425d10|4|pointer||.text|00425cbf
DATA|00425d14|4|pointer||.text|00425cca
DATA|00425d18|4|pointer||.text|00425ce0
DATA|00425d1c|4|pointer||.text|00425ceb
DATA|00425d20|4|pointer||.text|00425cf6
DATA|00425d24|4|pointer||.text|00425d01
DATA|00425d28|4|pointer||.text|00425d01
DATA|00425d2c|4|pointer||.text|00425cd5
DATA|00429dcc|4|pointer|switchdataD_00429dcc|.text|00429be0
DATA|00429dd0|4|pointer|PTR_caseD_1_00429dd0|.text|00429c64
DATA|00429dd4|4|pointer|PTR_caseD_2_00429dd4|.text|00429cce
DATA|00429dd8|4|pointer|PTR_caseD_3_00429dd8|.text|00429d2c
DATA|0042a7b4|4|pointer|switchdataD_0042a7b4|.text|0042a69f
DATA|0042a7b8|4|pointer||.text|0042a691
DATA|0042a7bc|4|pointer|PTR_caseD_2_0042a7bc|.text|0042a698
DATA|0042a7c0|4|pointer||.text|0042a6a6
DATA|0042c114|4|undefined *|switchdataD_0042c114|.text|0042bc3b
DATA|0042c118|4|undefined *||.text|0042bcd7
DATA|0042c11c|4|undefined *||.text|0042bd73
DATA|0042c120|4|undefined *||.text|0042be0b
DATA|0042c124|4|undefined *||.text|0042bea7
DATA|0042c128|4|undefined *||.text|0042bf3f
DATA|0042c12c|4|undefined *||.text|0042bfdb
DATA|0042c130|4|undefined *||.text|0042c077
DATA|0042c64c|4|undefined *|switchdataD_0042c64c|.text|0042c172
DATA|0042c650|4|undefined *||.text|0042c20a
DATA|0042c654|4|undefined *||.text|0042c2a6
DATA|0042c658|4|undefined *||.text|0042c342
DATA|0042c65c|4|undefined *||.text|0042c3de
DATA|0042c660|4|undefined *||.text|0042c476
DATA|0042c664|4|undefined *||.text|0042c512
DATA|0042c668|4|undefined *||.text|0042c5ae
DATA|00430b98|4|pointer|switchdataD_00430b98|.text|0042f4d9
DATA|00430b9c|4|pointer||.text|0042f784
DATA|00430ba0|4|pointer||.text|0042fd15
DATA|00430ba4|4|pointer||.text|0042fd0a
DATA|00430ba8|4|pointer||.text|0042faff
DATA|00430bac|4|pointer||.text|0042fd15
DATA|00430bb0|4|pointer||.text|0042f1ad
DATA|00430bb4|4|pointer||.text|0042ee28
DATA|00430bb8|4|pointer||.text|0042f474
DATA|00430bbc|4|pointer||.text|0042f7c8
DATA|00430bc0|4|pointer||.text|0042f86b
DATA|00430bc4|4|pointer||.text|0042f813
DATA|00430bc8|4|pointer||.text|0042fa31
DATA|00430bcc|4|pointer||.text|0043074a
DATA|00430bd0|1|byte|switchdataD_00430bd0|.text|0x0
DATA|00430bd1|1|byte||.text|0xd
DATA|00430bd2|1|byte||.text|0xd
DATA|00430bd3|1|byte||.text|0xd
DATA|00430bd4|1|byte||.text|0xd
DATA|00430bd5|1|byte||.text|0x1
DATA|00430bd6|1|byte||.text|0xd
DATA|00430bd7|1|byte||.text|0x2
DATA|00430bd8|1|byte||.text|0x3
DATA|00430bd9|1|byte||.text|0x4
DATA|00430bda|1|byte||.text|0x5
DATA|00430bdb|1|byte||.text|0xd
DATA|00430bdc|1|byte||.text|0xd
DATA|00430bdd|1|byte||.text|0xd
DATA|00430bde|1|byte||.text|0xd
DATA|00430bdf|1|byte||.text|0xd
DATA|00430be0|1|byte||.text|0xd
DATA|00430be1|1|byte||.text|0xd
DATA|00430be2|1|byte||.text|0xd
DATA|00430be3|1|byte||.text|0xd
DATA|00430be4|1|byte||.text|0xd
DATA|00430be5|1|byte||.text|0xd
DATA|00430be6|1|byte||.text|0xd
DATA|00430be7|1|byte||.text|0xd
DATA|00430be8|1|byte||.text|0xd
DATA|00430be9|1|byte||.text|0xd
DATA|00430bea|1|byte||.text|0xd
DATA|00430beb|1|byte||.text|0xd
DATA|00430bec|1|byte||.text|0xd
DATA|00430bed|1|byte||.text|0xd
DATA|00430bee|1|byte||.text|0xd
DATA|00430bef|1|byte||.text|0xd
DATA|00430bf0|1|byte||.text|0x6
DATA|00430bf1|1|byte||.text|0xd
DATA|00430bf2|1|byte||.text|0x7
DATA|00430bf3|1|byte||.text|0xd
DATA|00430bf4|1|byte||.text|0xd
DATA|00430bf5|1|byte||.text|0xd
DATA|00430bf6|1|byte||.text|0xd
DATA|00430bf7|1|byte||.text|0xd
DATA|00430bf8|1|byte||.text|0xd
DATA|00430bf9|1|byte||.text|0x8
DATA|00430bfa|1|byte||.text|0xd
DATA|00430bfb|1|byte||.text|0xd
DATA|00430bfc|1|byte||.text|0xd
DATA|00430bfd|1|byte||.text|0xd
DATA|00430bfe|1|byte||.text|0xd
DATA|00430bff|1|byte||.text|0xd
DATA|00430c00|1|byte||.text|0xd
DATA|00430c01|1|byte||.text|0xd
DATA|00430c02|1|byte||.text|0xd
DATA|00430c03|1|byte||.text|0xd
DATA|00430c04|1|byte||.text|0xd
DATA|00430c05|1|byte||.text|0xd
DATA|00430c06|1|byte||.text|0x9
DATA|00430c07|1|byte||.text|0xd
DATA|00430c08|1|byte||.text|0xd
DATA|00430c09|1|byte||.text|0xd
DATA|00430c0a|1|byte||.text|0xd
DATA|00430c0b|1|byte||.text|0xa
DATA|00430c0c|1|byte||.text|0xd
DATA|00430c0d|1|byte||.text|0xd
DATA|00430c0e|1|byte||.text|0xd
DATA|00430c0f|1|byte||.text|0xd
DATA|00430c10|1|byte||.text|0xd
DATA|00430c11|1|byte||.text|0xd
DATA|00430c12|1|byte||.text|0xd
DATA|00430c13|1|byte||.text|0xd
DATA|00430c14|1|byte||.text|0xd
DATA|00430c15|1|byte||.text|0xd
DATA|00430c16|1|byte||.text|0xd
DATA|00430c17|1|byte||.text|0xb
DATA|00430c18|1|byte||.text|0xd
DATA|00430c19|1|byte||.text|0xc
DATA|00430c1c|4|pointer|switchdataD_00430c1c|.text|0042f0bd
DATA|00430c20|4|pointer||.text|0042eebe
DATA|00430c24|4|pointer||.text|0042ef80
DATA|00430c28|4|pointer||.text|0042ee9e
DATA|00430c2c|4|pointer||.text|0042f040
DATA|00430c30|4|pointer||.text|0042f06d
DATA|00430c34|4|pointer||.text|0042f006
DATA|00430c38|4|pointer||.text|0042ef1f
DATA|00430c3c|4|pointer||.text|0042f19e
DATA|00430c40|1|byte|switchdataD_00430c40|.text|0x0
DATA|00430c41|1|byte||.text|0x8
DATA|00430c42|1|byte||.text|0x8
DATA|00430c43|1|byte||.text|0x8
DATA|00430c44|1|byte||.text|0x8
DATA|00430c45|1|byte||.text|0x8
DATA|00430c46|1|byte||.text|0x8
DATA|00430c47|1|byte||.text|0x8
DATA|00430c48|1|byte||.text|0x8
DATA|00430c49|1|byte||.text|0x8
DATA|00430c4a|1|byte||.text|0x8
DATA|00430c4b|1|byte||.text|0x8
DATA|00430c4c|1|byte||.text|0x8
DATA|00430c4d|1|byte||.text|0x8
DATA|00430c4e|1|byte||.text|0x8
DATA|00430c4f|1|byte||.text|0x8
DATA|00430c50|1|byte||.text|0x8
DATA|00430c51|1|byte||.text|0x8
DATA|00430c52|1|byte||.text|0x8
DATA|00430c53|1|byte||.text|0x8
DATA|00430c54|1|byte||.text|0x8
DATA|00430c55|1|byte||.text|0x8
DATA|00430c56|1|byte||.text|0x8
DATA|00430c57|1|byte||.text|0x1
DATA|00430c58|1|byte||.text|0x2
DATA|00430c59|1|byte||.text|0x3
DATA|00430c5a|1|byte||.text|0x4
DATA|00430c5b|1|byte||.text|0x5
DATA|00430c5c|1|byte||.text|0x8
DATA|00430c5d|1|byte||.text|0x8
DATA|00430c5e|1|byte||.text|0x8
DATA|00430c5f|1|byte||.text|0x8
DATA|00430c60|1|byte||.text|0x8
DATA|00430c61|1|byte||.text|0x8
DATA|00430c62|1|byte||.text|0x8
DATA|00430c63|1|byte||.text|0x8
DATA|00430c64|1|byte||.text|0x8
DATA|00430c65|1|byte||.text|0x8
DATA|00430c66|1|byte||.text|0x8
DATA|00430c67|1|byte||.text|0x8
DATA|00430c68|1|byte||.text|0x8
DATA|00430c69|1|byte||.text|0x8
DATA|00430c6a|1|byte||.text|0x8
DATA|00430c6b|1|byte||.text|0x8
DATA|00430c6c|1|byte||.text|0x8
DATA|00430c6d|1|byte||.text|0x8
DATA|00430c6e|1|byte||.text|0x8
DATA|00430c6f|1|byte||.text|0x8
DATA|00430c70|1|byte||.text|0x8
DATA|00430c71|1|byte||.text|0x8
DATA|00430c72|1|byte||.text|0x6
DATA|00430c73|1|byte||.text|0x7
DATA|00430c74|4|pointer|switchdataD_00430c74|.text|0042f2b6
DATA|00430c78|4|pointer||.text|0042f380
DATA|00430c7c|4|pointer||.text|0042f330
DATA|00430c80|4|pointer||.text|0042f28d
DATA|00430c84|4|pointer|PTR_caseD_24_00430c84|.text|0042f225
DATA|00430c88|4|pointer||.text|0042f41d
DATA|00430c8c|4|pointer||.text|0042f444
DATA|00430c90|4|pointer||.text|0042f465
DATA|00430c94|1|byte|switchdataD_00430c94|.text|0x0
DATA|00430c95|1|byte||.text|0x1
DATA|00430c96|1|byte||.text|0x2
DATA|00430c97|1|byte||.text|0x7
DATA|00430c98|1|byte||.text|0x7
DATA|00430c99|1|byte||.text|0x7
DATA|00430c9a|1|byte||.text|0x7
DATA|00430c9b|1|byte||.text|0x7
DATA|00430c9c|1|byte||.text|0x7
DATA|00430c9d|1|byte||.text|0x7
DATA|00430c9e|1|byte||.text|0x7
DATA|00430c9f|1|byte||.text|0x7
DATA|00430ca0|1|byte||.text|0x7
DATA|00430ca1|1|byte||.text|0x7
DATA|00430ca2|1|byte||.text|0x7
DATA|00430ca3|1|byte||.text|0x7
DATA|00430ca4|1|byte||.text|0x7
DATA|00430ca5|1|byte||.text|0x3
DATA|00430ca6|1|byte||.text|0x7
DATA|00430ca7|1|byte||.text|0x7
DATA|00430ca8|1|byte||.text|0x4
DATA|00430ca9|1|byte||.text|0x7
DATA|00430caa|1|byte||.text|0x7
DATA|00430cab|1|byte||.text|0x7
DATA|00430cac|1|byte||.text|0x7
DATA|00430cad|1|byte||.text|0x7
DATA|00430cae|1|byte||.text|0x7
DATA|00430caf|1|byte||.text|0x7
DATA|00430cb0|1|byte||.text|0x7
DATA|00430cb1|1|byte||.text|0x7
DATA|00430cb2|1|byte||.text|0x7
DATA|00430cb3|1|byte||.text|0x7
DATA|00430cb4|1|byte||.text|0x7
DATA|00430cb5|1|byte||.text|0x7
DATA|00430cb6|1|byte||.text|0x7
DATA|00430cb7|1|byte||.text|0x7
DATA|00430cb8|1|byte||.text|0x7
DATA|00430cb9|1|byte||.text|0x7
DATA|00430cba|1|byte||.text|0x7
DATA|00430cbb|1|byte||.text|0x7
DATA|00430cbc|1|byte||.text|0x7
DATA|00430cbd|1|byte||.text|0x5
DATA|00430cbe|1|byte||.text|0x7
DATA|00430cbf|1|byte||.text|0x7
DATA|00430cc0|1|byte||.text|0x7
DATA|00430cc1|1|byte||.text|0x7
DATA|00430cc2|1|byte||.text|0x7
DATA|00430cc3|1|byte||.text|0x7
DATA|00430cc4|1|byte||.text|0x7
DATA|00430cc5|1|byte||.text|0x7
DATA|00430cc6|1|byte||.text|0x7
DATA|00430cc7|1|byte||.text|0x6
DATA|00430cc8|4|pointer|switchdataD_00430cc8|.text|0042f50d
DATA|00430ccc|4|pointer||.text|0042f547
DATA|00430cd0|4|pointer||.text|0042f72e
DATA|00430cd4|4|pointer||.text|0042f74f
DATA|00430cd8|4|pointer||.text|0042f59c
DATA|00430cdc|4|pointer||.text|0042f65d
DATA|00430ce0|4|pointer||.text|0042f76e
DATA|00430ce4|1|byte|switchdataD_00430ce4|.text|0x0
DATA|00430ce5|1|byte||.text|0x1
DATA|00430ce6|1|byte||.text|0x6
DATA|00430ce7|1|byte||.text|0x2
DATA|00430ce8|1|byte||.text|0x6
DATA|00430ce9|1|byte||.text|0x6
DATA|00430cea|1|byte||.text|0x6
DATA|00430ceb|1|byte||.text|0x6
DATA|00430cec|1|byte||.text|0x6
DATA|00430ced|1|byte||.text|0x6
DATA|00430cee|1|byte||.text|0x6
DATA|00430cef|1|byte||.text|0x6
DATA|00430cf0|1|byte||.text|0x6
DATA|00430cf1|1|byte||.text|0x6
DATA|00430cf2|1|byte||.text|0x6
DATA|00430cf3|1|byte||.text|0x6
DATA|00430cf4|1|byte||.text|0x6
DATA|00430cf5|1|byte||.text|0x6
DATA|00430cf6|1|byte||.text|0x6
DATA|00430cf7|1|byte||.text|0x6
DATA|00430cf8|1|byte||.text|0x6
DATA|00430cf9|1|byte||.text|0x6
DATA|00430cfa|1|byte||.text|0x6
DATA|00430cfb|1|byte||.text|0x6
DATA|00430cfc|1|byte||.text|0x6
DATA|00430cfd|1|byte||.text|0x6
DATA|00430cfe|1|byte||.text|0x6
DATA|00430cff|1|byte||.text|0x6
DATA|00430d00|1|byte||.text|0x6
DATA|00430d01|1|byte||.text|0x6
DATA|00430d02|1|byte||.text|0x6
DATA|00430d03|1|byte||.text|0x6
DATA|00430d04|1|byte||.text|0x6
DATA|00430d05|1|byte||.text|0x6
DATA|00430d06|1|byte||.text|0x6
DATA|00430d07|1|byte||.text|0x6
DATA|00430d08|1|byte||.text|0x6
DATA|00430d09|1|byte||.text|0x6
DATA|00430d0a|1|byte||.text|0x6
DATA|00430d0b|1|byte||.text|0x6
DATA|00430d0c|1|byte||.text|0x6
DATA|00430d0d|1|byte||.text|0x6
DATA|00430d0e|1|byte||.text|0x6
DATA|00430d0f|1|byte||.text|0x6
DATA|00430d10|1|byte||.text|0x6
DATA|00430d11|1|byte||.text|0x6
DATA|00430d12|1|byte||.text|0x6
DATA|00430d13|1|byte||.text|0x6
DATA|00430d14|1|byte||.text|0x6
DATA|00430d15|1|byte||.text|0x6
DATA|00430d16|1|byte||.text|0x6
DATA|00430d17|1|byte||.text|0x6
DATA|00430d18|1|byte||.text|0x6
DATA|00430d19|1|byte||.text|0x6
DATA|00430d1a|1|byte||.text|0x6
DATA|00430d1b|1|byte||.text|0x6
DATA|00430d1c|1|byte||.text|0x6
DATA|00430d1d|1|byte|BYTE_00430d1d|.text|0x6
DATA|00430d1e|1|byte||.text|0x6
DATA|00430d1f|1|byte||.text|0x6
DATA|00430d20|1|byte||.text|0x6
DATA|00430d21|1|byte||.text|0x6
DATA|00430d22|1|byte||.text|0x6
DATA|00430d23|1|byte||.text|0x6
DATA|00430d24|1|byte||.text|0x6
DATA|00430d25|1|byte||.text|0x6
DATA|00430d26|1|byte||.text|0x6
DATA|00430d27|1|byte||.text|0x3
DATA|00430d28|1|byte||.text|0x6
DATA|00430d29|1|byte||.text|0x6
DATA|00430d2a|1|byte||.text|0x6
DATA|00430d2b|1|byte||.text|0x6
DATA|00430d2c|1|byte||.text|0x6
DATA|00430d2d|1|byte||.text|0x6
DATA|00430d2e|1|byte||.text|0x6
DATA|00430d2f|1|byte||.text|0x4
DATA|00430d30|1|byte||.text|0x5
DATA|00430d34|4|pointer|switchdataD_00430d34|.text|0042f982
DATA|00430d38|4|pointer||.text|0042f89b
DATA|00430d3c|4|pointer||.text|0042f9b3
DATA|00430d40|4|pointer||.text|0042f8d7
DATA|00430d44|4|pointer||.text|0042fa22
DATA|00430d48|1|byte|switchdataD_00430d48|.text|0x0
DATA|00430d49|1|byte||.text|0x4
DATA|00430d4a|1|byte||.text|0x4
DATA|00430d4b|1|byte||.text|0x4
DATA|00430d4c|1|byte||.text|0x4
DATA|00430d4d|1|byte||.text|0x4
DATA|00430d4e|1|byte||.text|0x4
DATA|00430d4f|1|byte||.text|0x4
DATA|00430d50|1|byte||.text|0x4
DATA|00430d51|1|byte||.text|0x4
DATA|00430d52|1|byte||.text|0x4
DATA|00430d53|1|byte||.text|0x4
DATA|00430d54|1|byte||.text|0x4
DATA|00430d55|1|byte||.text|0x4
DATA|00430d56|1|byte||.text|0x4
DATA|00430d57|1|byte||.text|0x4
DATA|00430d58|1|byte||.text|0x4
DATA|00430d59|1|byte||.text|0x1
DATA|00430d5a|1|byte||.text|0x2
DATA|00430d5b|1|byte||.text|0x3
DATA|00430d5c|4|pointer|switchdataD_00430d5c|.text|0042fb94
DATA|00430d60|4|pointer||.text|0042fc1a
DATA|00430d64|4|pointer||.text|0042fb6f
DATA|00430d68|4|pointer|PTR_caseD_1c_00430d68|.text|0042fbdf
DATA|00430d6c|4|pointer||.text|0042fbc0
DATA|00430d70|4|pointer||.text|0042fc4c
DATA|00430d74|4|pointer||.text|0042fcfb
DATA|00430d78|1|byte|switchdataD_00430d78|.text|0x0
DATA|00430d79|1|byte||.text|0x1
DATA|00430d7a|1|byte||.text|0x6
DATA|00430d7b|1|byte||.text|0x6
DATA|00430d7c|1|byte||.text|0x6
DATA|00430d7d|1|byte||.text|0x6
DATA|00430d7e|1|byte||.text|0x2
DATA|00430d7f|1|byte||.text|0x6
DATA|00430d80|1|byte||.text|0x6
DATA|00430d81|1|byte||.text|0x6
DATA|00430d82|1|byte||.text|0x6
DATA|00430d83|1|byte||.text|0x6
DATA|00430d84|1|byte||.text|0x3
DATA|00430d85|1|byte||.text|0x6
DATA|00430d86|1|byte||.text|0x6
DATA|00430d87|1|byte||.text|0x4
DATA|00430d88|1|byte||.text|0x6
DATA|00430d89|1|byte||.text|0x6
DATA|00430d8a|1|byte||.text|0x6
DATA|00430d8b|1|byte||.text|0x6
DATA|00430d8c|1|byte||.text|0x6
DATA|00430d8d|1|byte||.text|0x6
DATA|00430d8e|1|byte||.text|0x6
DATA|00430d8f|1|byte||.text|0x6
DATA|00430d90|1|byte||.text|0x6
DATA|00430d91|1|byte||.text|0x6
DATA|00430d92|1|byte||.text|0x6
DATA|00430d93|1|byte||.text|0x6
DATA|00430d94|1|byte||.text|0x6
DATA|00430d95|1|byte||.text|0x6
DATA|00430d96|1|byte||.text|0x6
DATA|00430d97|1|byte||.text|0x6
DATA|00430d98|1|byte||.text|0x6
DATA|00430d99|1|byte||.text|0x6
DATA|00430d9a|1|byte||.text|0x6
DATA|00430d9b|1|byte||.text|0x5
DATA|00430d9c|4|pointer|switchdataD_00430d9c|.text|0042fee6
DATA|00430da0|4|pointer||.text|0042ff69
DATA|00430da4|4|pointer||.text|00430139
DATA|00430da8|4|pointer||.text|00430014
DATA|00430dac|4|pointer||.text|004300cd
DATA|00430db0|4|pointer||.text|00430108
DATA|00430db4|4|pointer||.text|004301c1
DATA|00430db8|4|pointer||.text|0042fe0d
DATA|00430dbc|4|pointer||.text|004305bc
DATA|00430dc0|4|pointer||.text|0043061a
DATA|00430dc4|4|pointer||.text|00430658
DATA|00430dc8|4|pointer||.text|00430209
DATA|00430dcc|4|pointer||.text|004305fa
DATA|00430dd0|4|pointer||.text|00430053
DATA|00430dd4|4|pointer||.text|00430085
DATA|00430dd8|4|pointer||.text|004306e7
DATA|00430ddc|4|pointer||.text|0042fec6
DATA|00430de0|4|pointer||.text|0042fdd1
DATA|00430de4|4|pointer||.text|0042fdf0
DATA|00430de8|4|pointer||.text|0043021d
DATA|00430dec|4|pointer||.text|00430385
DATA|00430df0|4|pointer||.text|0043052d
DATA|00430df4|4|pointer||.text|004302da
DATA|00430df8|4|pointer||.text|00430446
DATA|00430dfc|4|pointer||.text|0042fe2c
DATA|00430e00|4|pointer||.text|0042fe7e
DATA|00430e04|4|pointer||.text|0042fea0
DATA|00430e08|4|pointer||.text|0042ff95
DATA|00430e0c|4|pointer||.text|0042ff37
DATA|00430e10|4|pointer||.text|0042fe5e
DATA|00430e14|4|pointer||.text|00430737
DATA|00430e18|1|byte|switchdataD_00430e18|.text|0x0
DATA|00430e19|1|byte||.text|0x1
DATA|00430e1a|1|byte||.text|0x1e
DATA|00430e1b|1|byte||.text|0x1e
DATA|00430e1c|1|byte||.text|0x2
DATA|00430e1d|1|byte||.text|0x3
DATA|00430e1e|1|byte||.text|0x4
DATA|00430e1f|1|byte||.text|0x5
DATA|00430e20|1|byte||.text|0x6
DATA|00430e21|1|byte||.text|0x1e
DATA|00430e22|1|byte||.text|0x7
DATA|00430e23|1|byte||.text|0x8
DATA|00430e24|1|byte||.text|0x9
DATA|00430e25|1|byte||.text|0xa
DATA|00430e26|1|byte||.text|0xb
DATA|00430e27|1|byte||.text|0xc
DATA|00430e28|1|byte||.text|0xd
DATA|00430e29|1|byte||.text|0xe
DATA|00430e2a|1|byte||.text|0xf
DATA|00430e2b|1|byte||.text|0x10
DATA|00430e2c|1|byte||.text|0x11
DATA|00430e2d|1|byte||.text|0x1e
DATA|00430e2e|1|byte||.text|0x1e
DATA|00430e2f|1|byte||.text|0x1e
DATA|00430e30|1|byte||.text|0x1e
DATA|00430e31|1|byte||.text|0x1e
DATA|00430e32|1|byte||.text|0x1e
DATA|00430e33|1|byte||.text|0x1e
DATA|00430e34|1|byte||.text|0x12
DATA|00430e35|1|byte||.text|0x1e
DATA|00430e36|1|byte||.text|0x1e
DATA|00430e37|1|byte||.text|0x1e
DATA|00430e38|1|byte||.text|0x1e
DATA|00430e39|1|byte||.text|0x1e
DATA|00430e3a|1|byte||.text|0x1e
DATA|00430e3b|1|byte||.text|0x1e
DATA|00430e3c|1|byte||.text|0x1e
DATA|00430e3d|1|byte||.text|0x13
DATA|00430e3e|1|byte||.text|0x14
DATA|00430e3f|1|byte||.text|0x15
DATA|00430e40|1|byte||.text|0x1e
DATA|00430e41|1|byte||.text|0x16
DATA|00430e42|1|byte||.text|0x17
DATA|00430e43|1|byte||.text|0x1e
DATA|00430e44|1|byte||.text|0x1e
DATA|00430e45|1|byte||.text|0x18
DATA|00430e46|1|byte||.text|0x19
DATA|00430e47|1|byte||.text|0x1a
DATA|00430e48|1|byte||.text|0x1e
DATA|00430e49|1|byte||.text|0x1e
DATA|00430e4a|1|byte||.text|0x1e
DATA|00430e4b|1|byte||.text|0x1e
DATA|00430e4c|1|byte||.text|0x1e
DATA|00430e4d|1|byte||.text|0x1e
DATA|00430e4e|1|byte||.text|0x1b
DATA|00430e4f|1|byte||.text|0x1c
DATA|00430e50|1|byte||.text|0x1e
DATA|00430e51|1|byte||.text|0x1e
DATA|00430e52|1|byte||.text|0x1e
DATA|00430e53|1|byte||.text|0x1d
DATA|00447d1c|4|pointer|switchdataD_00447d1c|.text|00447c16
DATA|00447d20|4|pointer|PTR_caseD_1_00447d20|.text|00447c2e
DATA|00447d24|4|pointer||.text|00447c53
DATA|00447d28|4|pointer||.text|00447c80
DATA|00447d2c|4|pointer||.text|00447ca2
DATA|00447d30|4|pointer||.text|00447ccc
DATA|00447d34|4|pointer||.text|00447cf0
DATA|0044d0e0|4|pointer|switchdataD_0044d0e0|.text|0044d065
DATA|0044d0e4|4|pointer||.text|0044d06e
DATA|0044d0e8|4|pointer||.text|0044d077
DATA|0044d0ec|4|pointer||.text|0044d080
DATA|0044d0f0|4|pointer||.text|0044d089
DATA|0044e8f0|4|undefined *|switchdataD_0044e8f0|.text|0044e751
DATA|0044e8f4|4|undefined *||.text|0044e760
DATA|0044e8f8|4|undefined *||.text|0044e77d
DATA|0044e8fc|4|undefined *||.text|0044e792
DATA|0044e900|4|undefined *||.text|0044e7a7
DATA|0044e904|4|undefined *||.text|0044e7bc
DATA|00451af4|4|pointer|switchdataD_00451af4|.text|00451b00
DATA|00451af8|4|pointer||.text|00451b2c
DATA|00451afc|4|pointer||.text|00451b50
DATA|00451b6c|4|pointer|switchdataD_00451b6c|.text|00451bcf
DATA|00451b70|4|pointer||.text|00451bbc
DATA|00451b74|4|pointer||.text|00451bb4
DATA|00451b78|4|pointer||.text|00451bac
DATA|00451b7c|4|pointer||.text|00451ba4
DATA|00451b80|4|pointer||.text|00451b9c
DATA|00451b84|4|pointer||.text|00451b94
DATA|00451b88|4|pointer||.text|00451b8c
DATA|00451bd8|4|pointer|switchdataD_00451bd8|.text|00451be8
DATA|00451bdc|4|pointer||.text|00451bf0
DATA|00451be0|4|pointer||.text|00451bfc
DATA|00451be4|4|pointer||.text|00451c10
DATA|00451c7c|4|pointer|switchdataD_00451c7c|.text|00451c88
DATA|00451c80|4|pointer||.text|00451ca8
DATA|00451c84|4|pointer||.text|00451cd0
DATA|00451d04|4|pointer|switchdataD_00451d04|.text|00451d24
DATA|00451d08|4|pointer||.text|00451d2c
DATA|00451d0c|4|pointer||.text|00451d34
DATA|00451d10|4|pointer||.text|00451d3c
DATA|00451d14|4|pointer||.text|00451d44
DATA|00451d18|4|pointer||.text|00451d4c
DATA|00451d1c|4|pointer||.text|00451d54
DATA|00451d20|4|pointer|PTR_caseD_0_00451d20|.text|00451d67
DATA|00451d70|4|pointer|switchdataD_00451d70|.text|00451d80
DATA|00451d74|4|pointer||.text|00451d88
DATA|00451d78|4|pointer||.text|00451d98
DATA|00451d7c|4|pointer||.text|00451dac
DATA|00453c7c|4|pointer|switchdataD_00453c7c|.text|00453600
DATA|00453c80|4|pointer||.text|00453484
DATA|00453c84|4|pointer||.text|004534a9
DATA|00453c88|4|pointer||.text|00453512
DATA|00453c8c|4|pointer||.text|0045355c
DATA|00453c90|4|pointer||.text|00453565
DATA|00453c94|4|pointer|PTR_caseD_6_00453c94|.text|004535aa
DATA|00453c98|4|pointer||.text|0045367a
DATA|00453c9c|4|pointer|switchdataD_00453c9c|.text|004534e5
DATA|00453ca0|4|pointer||.text|004534f4
DATA|00453ca4|4|pointer||.text|004534d6
DATA|00453ca8|4|pointer||.text|004534c7
DATA|00453cac|4|pointer||.text|00453503
DATA|00453cb0|4|pointer||.text|00453c3a
DATA|00453cb4|1|byte|switchdataD_00453cb4|.text|0x0
DATA|00453cb5|1|byte||.text|0x5
DATA|00453cb6|1|byte||.text|0x5
DATA|00453cb7|1|byte||.text|0x1
DATA|00453cb8|1|byte||.text|0x5
DATA|00453cb9|1|byte||.text|0x5
DATA|00453cba|1|byte||.text|0x5
DATA|00453cbb|1|byte||.text|0x5
DATA|00453cbc|1|byte||.text|0x5
DATA|00453cbd|1|byte||.text|0x5
DATA|00453cbe|1|byte||.text|0x5
DATA|00453cbf|1|byte||.text|0x2
DATA|00453cc0|1|byte||.text|0x5
DATA|00453cc1|1|byte||.text|0x3
DATA|00453cc2|1|byte||.text|0x5
DATA|00453cc3|1|byte||.text|0x5
DATA|00453cc4|1|byte||.text|0x4
DATA|00453cc8|4|pointer|switchdataD_00453cc8|.text|004535d7
DATA|00453ccc|4|pointer||.text|0045365b
DATA|00453cd0|4|pointer||.text|004535c8
DATA|00453cd4|4|pointer||.text|0045366a
DATA|00453cd8|4|pointer||.text|00453c3a
DATA|00453cdc|1|byte|switchdataD_00453cdc|.text|0x0
DATA|00453cdd|1|byte||.text|0x4
DATA|00453cde|1|byte||.text|0x4
DATA|00453cdf|1|byte||.text|0x4
DATA|00453ce0|1|byte||.text|0x4
DATA|00453ce1|1|byte||.text|0x4
DATA|00453ce2|1|byte||.text|0x4
DATA|00453ce3|1|byte||.text|0x4
DATA|00453ce4|1|byte||.text|0x4
DATA|00453ce5|1|byte||.text|0x4
DATA|00453ce6|1|byte||.text|0x4
DATA|00453ce7|1|byte||.text|0x4
DATA|00453ce8|1|byte||.text|0x4
DATA|00453ce9|1|byte||.text|0x4
DATA|00453cea|1|byte||.text|0x4
DATA|00453ceb|1|byte||.text|0x4
DATA|00453cec|1|byte||.text|0x4
DATA|00453ced|1|byte||.text|0x4
DATA|00453cee|1|byte||.text|0x4
DATA|00453cef|1|byte||.text|0x4
DATA|00453cf0|1|byte||.text|0x4
DATA|00453cf1|1|byte||.text|0x4
DATA|00453cf2|1|byte||.text|0x4
DATA|00453cf3|1|byte||.text|0x4
DATA|00453cf4|1|byte||.text|0x4
DATA|00453cf5|1|byte||.text|0x4
DATA|00453cf6|1|byte||.text|0x4
DATA|00453cf7|1|byte||.text|0x4
DATA|00453cf8|1|byte||.text|0x4
DATA|00453cf9|1|byte||.text|0x4
DATA|00453cfa|1|byte||.text|0x4
DATA|00453cfb|1|byte||.text|0x1
DATA|00453cfc|1|byte||.text|0x4
DATA|00453cfd|1|byte||.text|0x4
DATA|00453cfe|1|byte||.text|0x4
DATA|00453cff|1|byte||.text|0x2
DATA|00453d00|1|byte||.text|0x4
DATA|00453d01|1|byte||.text|0x4
DATA|00453d02|1|byte||.text|0x4
DATA|00453d03|1|byte||.text|0x4
DATA|00453d04|1|byte||.text|0x4
DATA|00453d05|1|byte||.text|0x4
DATA|00453d06|1|byte||.text|0x4
DATA|00453d07|1|byte||.text|0x4
DATA|00453d08|1|byte||.text|0x4
DATA|00453d09|1|byte||.text|0x4
DATA|00453d0a|1|byte||.text|0x3
DATA|00453d0c|4|pointer|switchdataD_00453d0c|.text|00453698
DATA|00453d10|4|pointer||.text|00453867
DATA|00453d14|4|pointer||.text|00453867
DATA|00453d18|4|pointer||.text|0045377c
DATA|00453d1c|4|pointer||.text|00453970
DATA|00453d20|4|pointer||.text|00453713
DATA|00453d24|4|pointer||.text|004536aa
DATA|00453d28|4|pointer||.text|0045394a
DATA|00453d2c|4|pointer||.text|00453872
DATA|00453d30|4|pointer||.text|0045394a
DATA|00453d34|4|pointer||.text|00453826
DATA|00453d38|4|pointer||.text|004539ac
DATA|00453d3c|4|pointer||.text|00453968
DATA|00453d40|4|pointer||.text|0045378e
DATA|00453d44|4|pointer||.text|0045395e
DATA|00453d48|4|pointer||.text|0045397a
DATA|00453d4c|4|pointer||.text|00453b20
DATA|00453d50|1|byte|switchdataD_00453d50|.text|0x0
DATA|00453d51|1|byte||.text|0x10
DATA|00453d52|1|byte||.text|0x1
DATA|00453d53|1|byte||.text|0x10
DATA|00453d54|1|byte||.text|0x2
DATA|00453d55|1|byte||.text|0x10
DATA|00453d56|1|byte||.text|0x10
DATA|00453d57|1|byte||.text|0x10
DATA|00453d58|1|byte||.text|0x10
DATA|00453d59|1|byte||.text|0x10
DATA|00453d5a|1|byte||.text|0x10
DATA|00453d5b|1|byte||.text|0x10
DATA|00453d5c|1|byte||.text|0x10
DATA|00453d5d|1|byte||.text|0x10
DATA|00453d5e|1|byte||.text|0x10
DATA|00453d5f|1|byte||.text|0x10
DATA|00453d60|1|byte||.text|0x3
DATA|00453d61|1|byte||.text|0x10
DATA|00453d62|1|byte||.text|0x10
DATA|00453d63|1|byte||.text|0x10
DATA|00453d64|1|byte||.text|0x10
DATA|00453d65|1|byte||.text|0x4
DATA|00453d66|1|byte||.text|0x10
DATA|00453d67|1|byte||.text|0x5
DATA|00453d68|1|byte||.text|0x10
DATA|00453d69|1|byte||.text|0x10
DATA|00453d6a|1|byte||.text|0x10
DATA|00453d6b|1|byte||.text|0x10
DATA|00453d6c|1|byte||.text|0x10
DATA|00453d6d|1|byte||.text|0x10
DATA|00453d6e|1|byte||.text|0x10
DATA|00453d6f|1|byte||.text|0x10
DATA|00453d70|1|byte||.text|0x6
DATA|00453d71|1|byte||.text|0x7
DATA|00453d72|1|byte||.text|0x8
DATA|00453d73|1|byte||.text|0x8
DATA|00453d74|1|byte||.text|0x8
DATA|00453d75|1|byte||.text|0x10
DATA|00453d76|1|byte||.text|0x9
DATA|00453d77|1|byte||.text|0x10
DATA|00453d78|1|byte||.text|0x10
DATA|00453d79|1|byte||.text|0x10
DATA|00453d7a|1|byte||.text|0x10
DATA|00453d7b|1|byte||.text|0xa
DATA|00453d7c|1|byte||.text|0xb
DATA|00453d7d|1|byte||.text|0xc
DATA|00453d7e|1|byte||.text|0x10
DATA|00453d7f|1|byte||.text|0x10
DATA|00453d80|1|byte||.text|0xd
DATA|00453d81|1|byte||.text|0x10
DATA|00453d82|1|byte||.text|0xe
DATA|00453d83|1|byte||.text|0x10
DATA|00453d84|1|byte||.text|0x10
DATA|00453d85|1|byte||.text|0xf
DATA|0045437c|4|pointer|switchdataD_0045437c|.text|00454297
DATA|00454380|4|pointer||.text|00454304
DATA|00454384|4|pointer||.text|004542ed
DATA|00454388|4|pointer||.text|004542e0
DATA|0045438c|4|pointer||.text|004542fa
DATA|00454390|4|pointer||.text|004542aa
DATA|00454394|4|pointer||.text|004542be
DATA|00454398|4|pointer||.text|004542cf
DATA|0045439c|4|pointer||.text|004542b4
DATA|004543a0|4|pointer||.text|0045430c
DATA|004543a4|1|byte|switchdataD_004543a4|.text|0x0
DATA|004543a5|1|byte||.text|0x9
DATA|004543a6|1|byte||.text|0x9
DATA|004543a7|1|byte||.text|0x9
DATA|004543a8|1|byte||.text|0x9
DATA|004543a9|1|byte||.text|0x9
DATA|004543aa|1|byte||.text|0x9
DATA|004543ab|1|byte||.text|0x9
DATA|004543ac|1|byte||.text|0x9
DATA|004543ad|1|byte||.text|0x9
DATA|004543ae|1|byte||.text|0x9
DATA|004543af|1|byte||.text|0x9
DATA|004543b0|1|byte||.text|0x9
DATA|004543b1|1|byte||.text|0x9
DATA|004543b2|1|byte||.text|0x9
DATA|004543b3|1|byte||.text|0x9
DATA|004543b4|1|byte||.text|0x9
DATA|004543b5|1|byte||.text|0x9
DATA|004543b6|1|byte||.text|0x9
DATA|004543b7|1|byte||.text|0x9
DATA|004543b8|1|byte||.text|0x9
DATA|004543b9|1|byte||.text|0x9
DATA|004543ba|1|byte||.text|0x9
DATA|004543bb|1|byte||.text|0x9
DATA|004543bc|1|byte||.text|0x9
DATA|004543bd|1|byte||.text|0x1
DATA|004543be|1|byte||.text|0x9
DATA|004543bf|1|byte||.text|0x9
DATA|004543c0|1|byte||.text|0x9
DATA|004543c1|1|byte||.text|0x9
DATA|004543c2|1|byte||.text|0x9
DATA|004543c3|1|byte||.text|0x9
DATA|004543c4|1|byte||.text|0x9
DATA|004543c5|1|byte||.text|0x9
DATA|004543c6|1|byte||.text|0x9
DATA|004543c7|1|byte||.text|0x9
DATA|004543c8|1|byte||.text|0x9
DATA|004543c9|1|byte||.text|0x9
DATA|004543ca|1|byte||.text|0x9
DATA|004543cb|1|byte||.text|0x2
DATA|004543cc|1|byte||.text|0x3
DATA|004543cd|1|byte||.text|0x4
DATA|004543ce|1|byte||.text|0x9
DATA|004543cf|1|byte||.text|0x9
DATA|004543d0|1|byte||.text|0x9
DATA|004543d1|1|byte||.text|0x9
DATA|004543d2|1|byte||.text|0x9
DATA|004543d3|1|byte||.text|0x9
DATA|004543d4|1|byte||.text|0x9
DATA|004543d5|1|byte||.text|0x9
DATA|004543d6|1|byte||.text|0x9
DATA|004543d7|1|byte||.text|0x9
DATA|004543d8|1|byte||.text|0x9
DATA|004543d9|1|byte||.text|0x9
DATA|004543da|1|byte||.text|0x9
DATA|004543db|1|byte||.text|0x5
DATA|004543dc|1|byte||.text|0x6
DATA|004543dd|1|byte||.text|0x9
DATA|004543de|1|byte||.text|0x9
DATA|004543df|1|byte||.text|0x9
DATA|004543e0|1|byte||.text|0x9
DATA|004543e1|1|byte||.text|0x9
DATA|004543e2|1|byte||.text|0x9
DATA|004543e3|1|byte||.text|0x9
DATA|004543e4|1|byte||.text|0x9
DATA|004543e5|1|byte||.text|0x9
DATA|004543e6|1|byte||.text|0x9
DATA|004543e7|1|byte||.text|0x7
DATA|004543e8|1|byte||.text|0x9
DATA|004543e9|1|byte||.text|0x9
DATA|004543ea|1|byte||.text|0x9
DATA|004543eb|1|byte||.text|0x9
DATA|004543ec|1|byte||.text|0x9
DATA|004543ed|1|byte||.text|0x8
DATA|004552fc|4|pointer|switchdataD_004552fc|.text|00454850
DATA|00455300|4|pointer||.text|0045485a
DATA|00455304|4|pointer||.text|0045481d
DATA|00455308|4|pointer||.text|00454840
DATA|0045530c|4|pointer||.text|0045485a
DATA|00455310|4|pointer||.text|00454807
DATA|00455314|4|pointer||.text|00454846
DATA|00455318|4|pointer||.text|0045484a
DATA|0045531c|4|pointer||.text|00454856
DATA|00455320|1|byte|switchdataD_00455320|.text|0x0
DATA|00455321|1|byte||.text|0x8
DATA|00455322|1|byte||.text|0x8
DATA|00455323|1|byte||.text|0x8
DATA|00455324|1|byte||.text|0x8
DATA|00455325|1|byte||.text|0x8
DATA|00455326|1|byte||.text|0x8
DATA|00455327|1|byte||.text|0x8
DATA|00455328|1|byte||.text|0x8
DATA|00455329|1|byte||.text|0x8
DATA|0045532a|1|byte||.text|0x8
DATA|0045532b|1|byte||.text|0x8
DATA|0045532c|1|byte||.text|0x8
DATA|0045532d|1|byte||.text|0x8
DATA|0045532e|1|byte||.text|0x8
DATA|0045532f|1|byte||.text|0x8
DATA|00455330|1|byte||.text|0x8
DATA|00455331|1|byte||.text|0x8
DATA|00455332|1|byte||.text|0x8
DATA|00455333|1|byte||.text|0x8
DATA|00455334|1|byte||.text|0x8
DATA|00455335|1|byte||.text|0x8
DATA|00455336|1|byte||.text|0x8
DATA|00455337|1|byte||.text|0x8
DATA|00455338|1|byte||.text|0x8
DATA|00455339|1|byte||.text|0x8
DATA|0045533a|1|byte||.text|0x8
DATA|0045533b|1|byte||.text|0x8
DATA|0045533c|1|byte||.text|0x1
DATA|0045533d|1|byte|BYTE_0045533d|.text|0x8
DATA|0045533e|1|byte||.text|0x8
DATA|0045533f|1|byte||.text|0x2
DATA|00455340|1|byte||.text|0x8
DATA|00455341|1|byte||.text|0x8
DATA|00455342|1|byte||.text|0x3
DATA|00455343|1|byte||.text|0x8
DATA|00455344|1|byte||.text|0x4
DATA|00455345|1|byte||.text|0x8
DATA|00455346|1|byte||.text|0x8
DATA|00455347|1|byte||.text|0x8
DATA|00455348|1|byte||.text|0x8
DATA|00455349|1|byte||.text|0x8
DATA|0045534a|1|byte||.text|0x8
DATA|0045534b|1|byte||.text|0x8
DATA|0045534c|1|byte||.text|0x8
DATA|0045534d|1|byte||.text|0x8
DATA|0045534e|1|byte||.text|0x8
DATA|0045534f|1|byte||.text|0x8
DATA|00455350|1|byte||.text|0x8
DATA|00455351|1|byte||.text|0x8
DATA|00455352|1|byte||.text|0x8
DATA|00455353|1|byte||.text|0x8
DATA|00455354|1|byte||.text|0x8
DATA|00455355|1|byte||.text|0x8
DATA|00455356|1|byte||.text|0x8
DATA|00455357|1|byte||.text|0x8
DATA|00455358|1|byte||.text|0x8
DATA|00455359|1|byte||.text|0x8
DATA|0045535a|1|byte||.text|0x8
DATA|0045535b|1|byte||.text|0x8
DATA|0045535c|1|byte||.text|0x8
DATA|0045535d|1|byte||.text|0x8
DATA|0045535e|1|byte||.text|0x5
DATA|0045535f|1|byte||.text|0x8
DATA|00455360|1|byte||.text|0x8
DATA|00455361|1|byte||.text|0x8
DATA|00455362|1|byte||.text|0x6
DATA|00455363|1|byte||.text|0x8
DATA|00455364|1|byte||.text|0x8
DATA|00455365|1|byte||.text|0x8
DATA|00455366|1|byte||.text|0x8
DATA|00455367|1|byte||.text|0x8
DATA|00455368|1|byte||.text|0x8
DATA|00455369|1|byte||.text|0x8
DATA|0045536a|1|byte||.text|0x8
DATA|0045536b|1|byte||.text|0x8
DATA|0045536c|1|byte||.text|0x8
DATA|0045536d|1|byte||.text|0x7
DATA|00455370|4|pointer|switchdataD_00455370|.text|0045491f
DATA|00455374|4|pointer||.text|00454c79
DATA|00455378|4|pointer||.text|00454fa2
DATA|0045537c|4|pointer||.text|00454bb8
DATA|00455380|4|pointer||.text|00454f61
DATA|00455384|4|pointer||.text|00454c79
DATA|00455388|4|pointer||.text|00454c74
DATA|0045538c|4|pointer||.text|00454948
DATA|00455390|4|pointer||.text|00454c79
DATA|00455394|4|pointer||.text|00454bc1
DATA|00455398|4|pointer||.text|0045495c
DATA|0045539c|4|pointer||.text|004551cf
DATA|004553a0|1|byte|switchdataD_004553a0|.text|0x0
DATA|004553a1|1|byte||.text|0x1
DATA|004553a2|1|byte||.text|0x2
DATA|004553a3|1|byte||.text|0x2
DATA|004553a4|1|byte||.text|0x2
DATA|004553a5|1|byte||.text|0xb
DATA|004553a6|1|byte||.text|0x3
DATA|004553a7|1|byte||.text|0xb
DATA|004553a8|1|byte||.text|0xb
DATA|004553a9|1|byte||.text|0xb
DATA|004553aa|1|byte||.text|0xb
DATA|004553ab|1|byte||.text|0x4
DATA|004553ac|1|byte||.text|0x5
DATA|004553ad|1|byte||.text|0x6
DATA|004553ae|1|byte||.text|0xb
DATA|004553af|1|byte||.text|0xb
DATA|004553b0|1|byte||.text|0x7
DATA|004553b1|1|byte||.text|0xb
DATA|004553b2|1|byte||.text|0x8
DATA|004553b3|1|byte||.text|0xb
DATA|004553b4|1|byte||.text|0xb
DATA|004553b5|1|byte||.text|0x9
DATA|004553b6|1|byte||.text|0xb
DATA|004553b7|1|byte||.text|0xb
DATA|004553b8|1|byte||.text|0xa
DATA|00455c04|4|pointer|switchdataD_00455c04|.text|00455b9f
DATA|00455c08|4|pointer||.text|00455b93
DATA|00455c0c|4|pointer||.text|00455b89
DATA|00455c10|4|pointer||.text|00455b82
DATA|004575a8|4|pointer|switchdataD_004575a8|.text|0045758d
DATA|004575ac|4|pointer||.text|00457593
DATA|004575b0|4|pointer||.text|00457599
DATA|004575b4|4|pointer||.text|0045759f
DATA|004575b8|4|pointer||.text|004575a5
DATA|004575bc|1|byte|switchdataD_004575bc|.text|0x0
DATA|004575bd|1|byte||.text|0x4
DATA|004575be|1|byte||.text|0x4
DATA|004575bf|1|byte||.text|0x4
DATA|004575c0|1|byte||.text|0x1
DATA|004575c1|1|byte||.text|0x4
DATA|004575c2|1|byte||.text|0x4
DATA|004575c3|1|byte||.text|0x4
DATA|004575c4|1|byte||.text|0x4
DATA|004575c5|1|byte||.text|0x4
DATA|004575c6|1|byte||.text|0x4
DATA|004575c7|1|byte||.text|0x4
DATA|004575c8|1|byte||.text|0x4
DATA|004575c9|1|byte||.text|0x4
DATA|004575ca|1|byte||.text|0x4
DATA|004575cb|1|byte||.text|0x4
DATA|004575cc|1|byte||.text|0x4
DATA|004575cd|1|byte||.text|0x2
DATA|004575ce|1|byte||.text|0x3
DATA|0045880c|4|pointer|switchdataD_0045880c|.text|0045853f
DATA|00458810|4|pointer|PTR_caseD_20_00458810|.text|00458543
DATA|00458814|4|pointer||.text|0045854a
DATA|00458818|4|pointer||.text|00458551
DATA|0045881c|4|pointer||.text|004587f1
DATA|00458820|1|byte|switchdataD_00458820|.text|0x0
DATA|00458821|1|byte||.text|0x4
DATA|00458822|1|byte||.text|0x4
DATA|00458823|1|byte||.text|0x4
DATA|00458824|1|byte||.text|0x4
DATA|00458825|1|byte||.text|0x4
DATA|00458826|1|byte||.text|0x4
DATA|00458827|1|byte||.text|0x4
DATA|00458828|1|byte||.text|0x4
DATA|00458829|1|byte||.text|0x4
DATA|0045882a|1|byte||.text|0x4
DATA|0045882b|1|byte||.text|0x4
DATA|0045882c|1|byte||.text|0x4
DATA|0045882d|1|byte||.text|0x4
DATA|0045882e|1|byte||.text|0x4
DATA|0045882f|1|byte||.text|0x4
DATA|00458830|1|byte||.text|0x1
DATA|00458831|1|byte||.text|0x4
DATA|00458832|1|byte||.text|0x4
DATA|00458833|1|byte||.text|0x4
DATA|00458834|1|byte||.text|0x4
DATA|00458835|1|byte||.text|0x4
DATA|00458836|1|byte||.text|0x4
DATA|00458837|1|byte||.text|0x4
DATA|00458838|1|byte||.text|0x4
DATA|00458839|1|byte||.text|0x4
DATA|0045883a|1|byte||.text|0x4
DATA|0045883b|1|byte||.text|0x4
DATA|0045883c|1|byte||.text|0x4
DATA|0045883d|1|byte||.text|0x4
DATA|0045883e|1|byte||.text|0x4
DATA|0045883f|1|byte||.text|0x4
DATA|00458840|1|byte||.text|0x2
DATA|00458841|1|byte||.text|0x4
DATA|00458842|1|byte||.text|0x4
DATA|00458843|1|byte||.text|0x4
DATA|00458844|1|byte||.text|0x4
DATA|00458845|1|byte||.text|0x4
DATA|00458846|1|byte||.text|0x4
DATA|00458847|1|byte||.text|0x4
DATA|00458848|1|byte||.text|0x4
DATA|00458849|1|byte||.text|0x4
DATA|0045884a|1|byte||.text|0x4
DATA|0045884b|1|byte||.text|0x4
DATA|0045884c|1|byte||.text|0x4
DATA|0045884d|1|byte||.text|0x4
DATA|0045884e|1|byte||.text|0x4
DATA|0045884f|1|byte||.text|0x4
DATA|00458850|1|byte||.text|0x3
DATA|00459c50|4|pointer|switchdataD_00459c50|.text|00459b76
DATA|00459c54|4|pointer||.text|00459c34
DATA|00459c58|4|pointer||.text|00459c20
DATA|00459c5c|4|pointer||.text|00459c2a
DATA|00459c60|4|pointer||.text|00459b76
DATA|00459c64|4|pointer||.text|00459be0
DATA|00459c68|4|pointer||.text|00459c48
DATA|00459c6c|4|pointer||.text|00459c3e
DATA|0045a560|4|pointer|switchdataD_0045a560|.text|00459f8e
DATA|0045a564|4|pointer||.text|00459ff5
DATA|0045a568|4|pointer||.text|0045a03d
DATA|0045a56c|4|pointer||.text|0045a07b
DATA|0045a570|4|pointer||.text|0045a121
DATA|0045a574|4|pointer||.text|0045a1de
DATA|0045a578|4|pointer||.text|0045a23c
DATA|0045a57c|4|pointer||.text|0045a29f
DATA|0045a580|4|pointer||.text|0045a271
DATA|0045a584|4|pointer||.text|0045a2ce
DATA|0045a588|4|pointer|PTR_caseD_a_0045a588|.text|0045a3d3
DATA|0045a58c|4|pointer||.text|0045a38f
DATA|0045a590|4|pointer|switchdataD_0045a590|.text|0045a1d3
DATA|0045a594|4|pointer||.text|0045a1d3
DATA|0045a598|4|pointer||.text|0045a074
DATA|0045a59c|4|pointer||.text|0045a1c9
DATA|0045a5a0|4|pointer||.text|0045a1c9
DATA|0045a5a4|4|pointer||.text|0045a3cd
DATA|0045a5a8|1|byte|switchdataD_0045a5a8|.text|0x0
DATA|0045a5a9|1|byte||.text|0x5
DATA|0045a5aa|1|byte||.text|0x1
DATA|0045a5ab|1|byte||.text|0x5
DATA|0045a5ac|1|byte||.text|0x5
DATA|0045a5ad|1|byte||.text|0x2
DATA|0045a5ae|1|byte||.text|0x5
DATA|0045a5af|1|byte||.text|0x5
DATA|0045a5b0|1|byte||.text|0x5
DATA|0045a5b1|1|byte||.text|0x5
DATA|0045a5b2|1|byte||.text|0x5
DATA|0045a5b3|1|byte||.text|0x5
DATA|0045a5b4|1|byte||.text|0x5
DATA|0045a5b5|1|byte||.text|0x5
DATA|0045a5b6|1|byte||.text|0x5
DATA|0045a5b7|1|byte||.text|0x5
DATA|0045a5b8|1|byte||.text|0x5
DATA|0045a5b9|1|byte||.text|0x5
DATA|0045a5ba|1|byte||.text|0x5
DATA|0045a5bb|1|byte||.text|0x5
DATA|0045a5bc|1|byte||.text|0x5
DATA|0045a5bd|1|byte||.text|0x5
DATA|0045a5be|1|byte||.text|0x5
DATA|0045a5bf|1|byte||.text|0x5
DATA|0045a5c0|1|byte||.text|0x5
DATA|0045a5c1|1|byte||.text|0x3
DATA|0045a5c2|1|byte||.text|0x3
DATA|0045a5c3|1|byte||.text|0x5
DATA|0045a5c4|1|byte||.text|0x5
DATA|0045a5c5|1|byte||.text|0x5
DATA|0045a5c6|1|byte||.text|0x5
DATA|0045a5c7|1|byte||.text|0x5
DATA|0045a5c8|1|byte||.text|0x5
DATA|0045a5c9|1|byte||.text|0x5
DATA|0045a5ca|1|byte||.text|0x5
DATA|0045a5cb|1|byte||.text|0x5
DATA|0045a5cc|1|byte||.text|0x5
DATA|0045a5cd|1|byte|BYTE_0045a5cd|.text|0x5
DATA|0045a5ce|1|byte||.text|0x5
DATA|0045a5cf|1|byte||.text|0x5
DATA|0045a5d0|1|byte||.text|0x5
DATA|0045a5d1|1|byte||.text|0x5
DATA|0045a5d2|1|byte||.text|0x5
DATA|0045a5d3|1|byte||.text|0x5
DATA|0045a5d4|1|byte||.text|0x5
DATA|0045a5d5|1|byte||.text|0x5
DATA|0045a5d6|1|byte||.text|0x5
DATA|0045a5d7|1|byte||.text|0x5
DATA|0045a5d8|1|byte||.text|0x5
DATA|0045a5d9|1|byte||.text|0x5
DATA|0045a5da|1|byte||.text|0x5
DATA|0045a5db|1|byte||.text|0x5
DATA|0045a5dc|1|byte||.text|0x5
DATA|0045a5dd|1|byte||.text|0x5
DATA|0045a5de|1|byte||.text|0x5
DATA|0045a5df|1|byte||.text|0x5
DATA|0045a5e0|1|byte||.text|0x5
DATA|0045a5e1|1|byte||.text|0x4
DATA|0045a5e2|1|byte||.text|0x4
DATA|0045a5e4|4|pointer|switchdataD_0045a5e4|.text|0045a1d3
DATA|0045a5e8|4|pointer||.text|0045a1d3
DATA|0045a5ec|4|pointer||.text|0045a1c9
DATA|0045a5f0|4|pointer||.text|0045a1c9
DATA|0045a5f4|4|pointer||.text|0045a3cd
DATA|0045a5f8|1|byte|switchdataD_0045a5f8|.text|0x0
DATA|0045a5f9|1|byte||.text|0x4
DATA|0045a5fa|1|byte||.text|0x1
DATA|0045a5fb|1|byte||.text|0x4
DATA|0045a5fc|1|byte||.text|0x4
DATA|0045a5fd|1|byte||.text|0x4
DATA|0045a5fe|1|byte||.text|0x4
DATA|0045a5ff|1|byte||.text|0x4
DATA|0045a600|1|byte||.text|0x4
DATA|0045a601|1|byte||.text|0x4
DATA|0045a602|1|byte||.text|0x4
DATA|0045a603|1|byte||.text|0x4
DATA|0045a604|1|byte||.text|0x4
DATA|0045a605|1|byte||.text|0x4
DATA|0045a606|1|byte||.text|0x4
DATA|0045a607|1|byte||.text|0x4
DATA|0045a608|1|byte||.text|0x4
DATA|0045a609|1|byte||.text|0x4
DATA|0045a60a|1|byte||.text|0x4
DATA|0045a60b|1|byte||.text|0x4
DATA|0045a60c|1|byte||.text|0x4
DATA|0045a60d|1|byte||.text|0x4
DATA|0045a60e|1|byte||.text|0x4
DATA|0045a60f|1|byte||.text|0x4
DATA|0045a610|1|byte||.text|0x4
DATA|0045a611|1|byte||.text|0x2
DATA|0045a612|1|byte||.text|0x2
DATA|0045a613|1|byte||.text|0x4
DATA|0045a614|1|byte||.text|0x4
DATA|0045a615|1|byte||.text|0x4
DATA|0045a616|1|byte||.text|0x4
DATA|0045a617|1|byte||.text|0x4
DATA|0045a618|1|byte||.text|0x4
DATA|0045a619|1|byte||.text|0x4
DATA|0045a61a|1|byte||.text|0x4
DATA|0045a61b|1|byte||.text|0x4
DATA|0045a61c|1|byte||.text|0x4
DATA|0045a61d|1|byte|BYTE_0045a61d|.text|0x4
DATA|0045a61e|1|byte||.text|0x4
DATA|0045a61f|1|byte||.text|0x4
DATA|0045a620|1|byte||.text|0x4
DATA|0045a621|1|byte||.text|0x4
DATA|0045a622|1|byte||.text|0x4
DATA|0045a623|1|byte||.text|0x4
DATA|0045a624|1|byte||.text|0x4
DATA|0045a625|1|byte||.text|0x4
DATA|0045a626|1|byte||.text|0x4
DATA|0045a627|1|byte||.text|0x4
DATA|0045a628|1|byte||.text|0x4
DATA|0045a629|1|byte||.text|0x4
DATA|0045a62a|1|byte||.text|0x4
DATA|0045a62b|1|byte||.text|0x4
DATA|0045a62c|1|byte||.text|0x4
DATA|0045a62d|1|byte||.text|0x4
DATA|0045a62e|1|byte||.text|0x4
DATA|0045a62f|1|byte||.text|0x4
DATA|0045a630|1|byte||.text|0x4
DATA|0045a631|1|byte||.text|0x3
DATA|0045a632|1|byte||.text|0x3
DATA|0045a634|4|pointer|switchdataD_0045a634|.text|0045a1d3
DATA|0045a638|4|pointer||.text|0045a1d3
DATA|0045a63c|4|pointer||.text|0045a1c9
DATA|0045a640|4|pointer||.text|0045a1c9
DATA|0045a644|4|pointer||.text|0045a3cd
DATA|0045a648|1|byte|switchdataD_0045a648|.text|0x0
DATA|0045a649|1|byte||.text|0x4
DATA|0045a64a|1|byte||.text|0x1
DATA|0045a64b|1|byte||.text|0x4
DATA|0045a64c|1|byte||.text|0x4
DATA|0045a64d|1|byte||.text|0x4
DATA|0045a64e|1|byte||.text|0x4
DATA|0045a64f|1|byte||.text|0x4
DATA|0045a650|1|byte||.text|0x4
DATA|0045a651|1|byte||.text|0x4
DATA|0045a652|1|byte||.text|0x4
DATA|0045a653|1|byte||.text|0x4
DATA|0045a654|1|byte||.text|0x4
DATA|0045a655|1|byte||.text|0x4
DATA|0045a656|1|byte||.text|0x4
DATA|0045a657|1|byte||.text|0x4
DATA|0045a658|1|byte||.text|0x4
DATA|0045a659|1|byte||.text|0x4
DATA|0045a65a|1|byte||.text|0x4
DATA|0045a65b|1|byte||.text|0x4
DATA|0045a65c|1|byte||.text|0x4
DATA|0045a65d|1|byte||.text|0x4
DATA|0045a65e|1|byte||.text|0x4
DATA|0045a65f|1|byte||.text|0x4
DATA|0045a660|1|byte||.text|0x4
DATA|0045a661|1|byte||.text|0x2
DATA|0045a662|1|byte||.text|0x2
DATA|0045a663|1|byte||.text|0x4
DATA|0045a664|1|byte||.text|0x4
DATA|0045a665|1|byte||.text|0x4
DATA|0045a666|1|byte||.text|0x4
DATA|0045a667|1|byte||.text|0x4
DATA|0045a668|1|byte||.text|0x4
DATA|0045a669|1|byte||.text|0x4
DATA|0045a66a|1|byte||.text|0x4
DATA|0045a66b|1|byte||.text|0x4
DATA|0045a66c|1|byte||.text|0x4
DATA|0045a66d|1|byte||.text|0x4
DATA|0045a66e|1|byte||.text|0x4
DATA|0045a66f|1|byte||.text|0x4
DATA|0045a670|1|byte||.text|0x4
DATA|0045a671|1|byte||.text|0x4
DATA|0045a672|1|byte||.text|0x4
DATA|0045a673|1|byte||.text|0x4
DATA|0045a674|1|byte||.text|0x4
DATA|0045a675|1|byte||.text|0x4
DATA|0045a676|1|byte||.text|0x4
DATA|0045a677|1|byte||.text|0x4
DATA|0045a678|1|byte||.text|0x4
DATA|0045a679|1|byte||.text|0x4
DATA|0045a67a|1|byte||.text|0x4
DATA|0045a67b|1|byte||.text|0x4
DATA|0045a67c|1|byte||.text|0x4
DATA|0045a67d|1|byte||.text|0x4
DATA|0045a67e|1|byte||.text|0x4
DATA|0045a67f|1|byte||.text|0x4
DATA|0045a680|1|byte||.text|0x4
DATA|0045a681|1|byte||.text|0x3
DATA|0045a682|1|byte||.text|0x3
DATA|0045c000|4|undefined4|DAT_0045c000|.rdata|0x0
DATA|0045c004|4|undefined4|DAT_0045c004|.rdata|0x0
DATA|0045c0c0|4|undefined4|DAT_0045c0c0|.rdata|0x7
DATA|0045c220|4|undefined4|DAT_0045c220|.rdata|0x7fff
DATA|0045c968|4|undefined4|DAT_0045c968|.rdata|0xac44
DATA|0045c96c|4|undefined4|DAT_0045c96c|.rdata|0x40001
DATA|0045cca8|4|undefined4|DAT_0045cca8|.rdata|0x6f1d2b61
DATA|0045ccac|4|undefined4|DAT_0045ccac|.rdata|0x11cfd5a0
DATA|0045ccb0|4|undefined4|DAT_0045ccb0|.rdata|0x4544c7bf
DATA|0045ccb4|4|undefined4|DAT_0045ccb4|.rdata|0x5453
DATA|0045ccd8|4|undefined4|DAT_0045ccd8|.rdata|0x3bba0080
DATA|0045cd17|29|string||.rdata|?IsProcessorFeaturePresent
DATA|0045cd34|9|string|s_KERNEL32_0045cd34|.rdata|KERNEL32
DATA|0045cd48|4|undefined4|DAT_0045cd48|.rdata|0x30302b65
DATA|0045cd4c|2|undefined2|DAT_0045cd4c|.rdata|0x30
DATA|0045cdac|2|undefined2|DAT_0045cdac|.rdata|0x28
DATA|0045cdae|12|unicode|u_null)_0045cdae|.rdata|null)
DATA|0045cdbc|1|undefined1|DAT_0045cdbc|.rdata|0x28
DATA|0045cdbd|6|string|s_null)_0045cdbd|.rdata|null)
DATA|0045ce24|8|string||.rdata|floor
DATA|0045ceff|17|string||.rdata|@runtime error 
DATA|0045cf14|16|string||.rdata|TLOSS error  
DATA|0045cf24|16|string||.rdata|SING error  
DATA|0045cf34|16|string||.rdata|DOMAIN error  
DATA|0045cf44|40|string||.rdata|R6028  - unable to initialize heap  
DATA|0045cf6c|56|string||.rdata|R6027  - not enough space for lowio initialization  
DATA|0045cfa4|56|string||.rdata|R6026  - not enough space for stdio initialization  
DATA|0045cfdc|40|string||.rdata|R6025  - pure virtual function call  
DATA|0045d004|56|string||.rdata|R6024  - not enough space for _onexit/atexit table  
DATA|0045d03c|44|string||.rdata|R6019  - unable to open console device  
DATA|0045d068|36|string||.rdata|R6018  - unexpected heap error  
DATA|0045d08c|48|string||.rdata|R6017  - unexpected multithread lock error  
DATA|0045d0bc|44|string||.rdata|R6016  - not enough space for thread data  
DATA|0045d0e8|36|string||.rdata|  abnormal program termination  
DATA|0045d10c|44|string|s_R6009_-_not_enough_space_for_env_0045d10c|.rdata|R6009  - not enough space for environment  
DATA|0045d138|44|string||.rdata|R6008  - not enough space for arguments  
DATA|0045d164|40|string||.rdata|R6002  - floating point not loaded  
DATA|0045d18c|37|string|s_Microsoft_Visual_C++_Runtime_Lib_0045d18c|.rdata|Microsoft Visual C++ Runtime Library
DATA|0045d1b4|28|string|s_Runtime_Error!_Program:_0045d1b4|.rdata|Runtime Error!  Program: 
DATA|0045d1d4|24|string|s_<program_name_unknown>_0045d1d4|.rdata|<program name unknown>
DATA|0045d1f4|19|string|s_GetLastActivePopup_0045d1f4|.rdata|GetLastActivePopup
DATA|0045d208|16|string|s_GetActiveWindow_0045d208|.rdata|GetActiveWindow
DATA|0045d218|12|string|s_MessageBoxA_0045d218|.rdata|MessageBoxA
DATA|0045d224|11|string|s_user32.dll_0045d224|.rdata|user32.dll
DATA|0045d230|4|undefined4|DAT_0045d230|.rdata|0x4e512331
DATA|0045d234|2|undefined2|DAT_0045d234|.rdata|0x4e41
DATA|0045d236|1|undefined1|DAT_0045d236|.rdata|0x0
DATA|0045d238|4|undefined4|DAT_0045d238|.rdata|0x4e492331
DATA|0045d23c|2|undefined2|DAT_0045d23c|.rdata|0x46
DATA|0045d240|4|undefined4|DAT_0045d240|.rdata|0x4e492331
DATA|0045d244|2|undefined2|DAT_0045d244|.rdata|0x44
DATA|0045d248|4|undefined4|DAT_0045d248|.rdata|0x4e532331
DATA|0045d24c|2|undefined2|DAT_0045d24c|.rdata|0x4e41
DATA|0045d24e|1|undefined1|DAT_0045d24e|.rdata|0x0
DATA|0045d2e0|7|string|s_CONIN$_0045d2e0|.rdata|CONIN$
DATA|0045e050|4|undefined4|DAT_0045e050|.data|0x1
DATA|0045e054|7|string|s_KEY_F1_0045e054|.data|KEY_F1
DATA|0045e074|4|undefined4|DAT_0045e074|.data|0x3b
DATA|0045e098|4|undefined4|DAT_0045e098|.data|0x3c
DATA|0045e228|16|string||.data|KEY_SCROLLLOCK
DATA|0045e24c|12|string||.data|KEY_TICK
DATA|0045e3d8|12|string||.data|KEY_MINUS
DATA|0045e3fc|12|string||.data|KEY_EQUAL
DATA|0045e420|16|string||.data|KEY_BACKSPACE
DATA|0045e444|12|string||.data|KEY_INSERT
DATA|0045e468|12|string||.data|KEY_HOME
DATA|0045e48c|12|string||.data|KEY_PAGEUP
DATA|0045e4b0|12|string||.data|KEY_NUMLOCK
DATA|0045e4d4|16|string||.data|KEY_PADSLASH
DATA|0045e4f8|12|string||.data|KEY_PADSTAR
DATA|0045e51c|16|string||.data|KEY_PADMINUS
DATA|0045e6cc|16|string||.data|KEY_LEFTBRACKET
DATA|0045e6f0|20|string||.data|KEY_RIGHTBRACKET
DATA|0045e714|16|string||.data|KEY_BACKSLASH
DATA|0045e738|12|string||.data|KEY_DELETE
DATA|0045e75c|8|string||.data|KEY_END
DATA|0045e780|16|string||.data|KEY_PAGEDOWN
DATA|0045e810|12|string||.data|KEY_PADPLUS
DATA|0045e834|16|string||.data|KEY_CAPSLOCK
DATA|0045e99c|16|string||.data|KEY_SEMICOLON
DATA|0045e9c0|16|string||.data|KEY_APOSTROPHE
DATA|0045e9e4|12|string||.data|KEY_ENTER
DATA|0045ea74|16|string||.data|KEY_LEFTSHIFT
DATA|0045eb94|12|string||.data|KEY_COMMA
DATA|0045ebb8|12|string||.data|KEY_PERIOD
DATA|0045ebdc|12|string||.data|KEY_SLASH
DATA|0045ec00|16|string||.data|KEY_RIGHTSHIFT
DATA|0045ec24|12|string||.data|KEY_UPARROW
DATA|0045ecb4|16|string||.data|KEY_PADENTER
DATA|0045ecd8|16|string||.data|KEY_LEFTCTRL
DATA|0045ecfc|16|string||.data|KEY_LEFTWINDOW
DATA|0045ed20|12|string||.data|KEY_LEFTALT
DATA|0045ed44|12|string||.data|KEY_SPACE
DATA|0045ed68|16|string||.data|KEY_RIGHTALT
DATA|0045ed8c|16|string||.data|KEY_RIGHTWINDOW
DATA|0045edb0|20|string||.data|KEY_KEYBOARDMOUSE
DATA|0045edd4|16|string||.data|KEY_RIGHTCTRL
DATA|0045edf8|16|string||.data|KEY_LEFTARROW
DATA|0045ee1c|16|string||.data|KEY_DOWNARROW
DATA|0045ee40|16|string||.data|KEY_RIGHTARROW
DATA|0045ee88|16|string||.data|KEY_PADPERIOD
DATA|0045f230|46|string|s_***********keyboard_handler_erro_0045f230|.data|***********keyboard handler error*********** 
DATA|0045f260|2|undefined2|DAT_0045f260|.data|0x20
DATA|0045f264|4|undefined4|DAT_0045f264|.data|0x4c4c554e
DATA|0045f268|1|undefined1|DAT_0045f268|.data|0x0
DATA|0045f26c|9|string|s_BUTTON%i_0045f26c|.data|BUTTON%i
DATA|0045f278|11|string|s_Bugs_Bunny_0045f278|.data|Bugs Bunny
DATA|0045f284|1|undefined1|DAT_0045f284|.data|0xa
DATA|0045f285|1|undefined1|DAT_0045f285|.data|0x0
DATA|0045f2a4|4|undefined4|DAT_0045f2a4|.data|0x1
DATA|0045f2a8|4|undefined4|DAT_0045f2a8|.data|0x1
DATA|0045f2ac|1|undefined1|DAT_0045f2ac|.data|0x1
DATA|0045f2b0|4|undefined4|DAT_0045f2b0|.data|0x1
DATA|0045f2bc|4|undefined4|DAT_0045f2bc|.data|0x1
DATA|0045f2c0|4|undefined4|DAT_0045f2c0|.data|0x2
DATA|0045f2c4|4|undefined4|DAT_0045f2c4|.data|0x3
DATA|0045f340|4|undefined4|DAT_0045f340|.data|0x10
DATA|0045f344|4|pointer|PTR_DAT_0045f344|.data|0045f2b8
DATA|0045f348|11|string|s_BBLIT_Game_0045f348|.data|BBLIT Game
DATA|0045f354|4|undefined4|DAT_0045f354|.data|0x61445c3a
DATA|0045f358|4|undefined4|DAT_0045f358|.data|0x5c736174
DATA|0045f35c|1|undefined1|DAT_0045f35c|.data|0x0
DATA|0045f360|6|string|s_BBLIT_0045f360|.data|BBLIT
DATA|0045f368|4|undefined4|DAT_0045f368|.data|0x5c3a61
DATA|0045f36c|1|undefined1|DAT_0045f36c|.data|0x62
DATA|0045f36d|1|undefined1|DAT_0045f36d|.data|0x69
DATA|0045f370|1|undefined1|DAT_0045f370|.data|0x5c
DATA|0045f371|1|undefined1|DAT_0045f371|.data|0x0
DATA|0045f374|18|string|s_installation_path_0045f374|.data|installation path
DATA|0045f388|44|string|s_Software\Infogrames\Bugs_Bunny_L_0045f388|.data|Software\Infogrames\Bugs Bunny Lost In Time
DATA|0045f3b8|22|string|s_..\bin\Savegame%d.dat_0045f3b8|.data|..\bin\Savegame%d.dat
DATA|0045f3d0|20|string|s_..\bin\Savedata.dat_0045f3d0|.data|..\bin\Savedata.dat
DATA|004673f0|16|string|s_opengl32.dll_004673f0|.data|opengl32.dll
DATA|00467410|4|undefined4|DAT_00467410|.data|0x0
DATA|00467414|4|undefined4|DAT_00467414|.data|0x0
DATA|00467418|1|undefined1|DAT_00467418|.data|0x0
DATA|00467470|4|undefined4|DAT_00467470|.data|0x0
DATA|00467474|4|undefined4|DAT_00467474|.data|0x0
DATA|00467478|1|undefined1|DAT_00467478|.data|0x0
DATA|004674d0|4|undefined4|DAT_004674d0|.data|0x0
DATA|004674d4|4|undefined4|DAT_004674d4|.data|0x0
DATA|004674d8|1|undefined1|DAT_004674d8|.data|0x0
DATA|004674dc|4|undefined4|DAT_004674dc|.data|0x140
DATA|004674e0|4|undefined4|DAT_004674e0|.data|0xf0
DATA|004674e4|1|undefined1|DAT_004674e4|.data|0x0
DATA|0046753c|4|undefined4|DAT_0046753c|.data|0x625c2e2e
DATA|00467540|4|undefined4|DAT_00467540|.data|0x5c657a
DATA|00467544|6|string|s_/pal:_00467544|.data|/pal:
DATA|0046754c|6|string|s_/PAL:_0046754c|.data|/PAL:
DATA|00467564|6|string|s_/dll:_00467564|.data|/dll:
DATA|0046756c|6|string|s_/DLL:_0046756c|.data|/DLL:
DATA|00467574|6|string|s_/FNTP_00467574|.data|/FNTP
DATA|0046757c|6|string|s_/fntp_0046757c|.data|/fntp
DATA|00467584|6|string|s_/CONS_00467584|.data|/CONS
DATA|0046758c|6|string|s_/cons_0046758c|.data|/cons
DATA|00467594|12|string|s_/SKIP_INTRO_00467594|.data|/SKIP_INTRO
DATA|004675a0|12|string|s_/skip_intro_004675a0|.data|/skip_intro
DATA|004675ac|8|string|s_/soft24_004675ac|.data|/soft24
DATA|004675b4|8|string|s_/SOFT24_004675b4|.data|/SOFT24
DATA|004675bc|8|string|s_/soft16_004675bc|.data|/soft16
DATA|004675c4|8|string|s_/SOFT16_004675c4|.data|/SOFT16
DATA|004675cc|9|string|s_/softrgb_004675cc|.data|/softrgb
DATA|004675d8|9|string|s_/SOFTRGB_004675d8|.data|/SOFTRGB
DATA|004675e4|9|string|s_/softpal_004675e4|.data|/softpal
DATA|004675f0|9|string|s_/SOFTPAL_004675f0|.data|/SOFTPAL
DATA|004675fc|7|string|s_/soft8_004675fc|.data|/soft8
DATA|00467604|7|string|s_/SOFT8_00467604|.data|/SOFT8
DATA|0046760c|6|string|s_/soft_0046760c|.data|/soft
DATA|00467614|6|string|s_/SOFT_00467614|.data|/SOFT
DATA|0046761c|8|string|s_/opengl_0046761c|.data|/opengl
DATA|00467624|8|string|s_/OPENGL_00467624|.data|/OPENGL
DATA|0046764c|6|string|s_/full_0046764c|.data|/full
DATA|00467654|6|string|s_/FULL_00467654|.data|/FULL
DATA|0046765c|9|string|s_/NO_SKIP_0046765c|.data|/NO_SKIP
DATA|00467668|9|string|s_/no_skip_00467668|.data|/no_skip
DATA|00467674|9|string|s_/NO_SYNC_00467674|.data|/NO_SYNC
DATA|00467680|9|string|s_/no_sync_00467680|.data|/no_sync
DATA|004676b8|20|string|s_..\bin\config.pc_004676b8|.data|..\bin\config.pc
DATA|004676cc|13|string|s_FirstTime=%i_004676cc|.data|FirstTime=%i
DATA|004676dc|10|string|s_FirstTime_004676dc|.data|FirstTime
DATA|004676e8|12|string|s_Language=%i_004676e8|.data|Language=%i
DATA|004676f4|9|string|s_Language_004676f4|.data|Language
DATA|00467704|16|string|s_..\bin\bugs.ini_00467704|.data|..\bin\bugs.ini
DATA|00467714|11|string|s_FirstTime=_00467714|.data|FirstTime=
DATA|00467740|4|undefined4|DAT_00467740|.data|0x3f800000
DATA|00467744|2|undefined2|DAT_00467744|.data|0xff
DATA|00467748|4|undefined4|DAT_00467748|.data|0x140
DATA|0046774c|4|undefined4|DAT_0046774c|.data|0xc8
DATA|00467f50|4|undefined4|DAT_00467f50|.data|0x0
DATA|00467f54|4|undefined4|DAT_00467f54|.data|0x3b80841f
DATA|0046834c|4|undefined4|DAT_0046834c|.data|0x3f800000
DATA|00468350|4|undefined4|DAT_00468350|.data|0x0
DATA|00468354|4|undefined4|DAT_00468354|.data|0x3b80841f
DATA|0046874c|4|undefined4|DAT_0046874c|.data|0x3f800000
DATA|00468750|4|pointer|PTR_DAT_00468750|.data|007c62d0
DATA|00468754|4|pointer|PTR_s_glAccum_00468754|.data|0046ae00
DATA|0046875c|4|undefined *|PTR_s_glAlphaFunc_0046875c|.data|0046adf4
DATA|00468760|4|undefined *||.data|007c9010
DATA|00468764|4|undefined *||.data|0046addc
DATA|00468768|4|undefined *||.data|007c638c
DATA|0046876c|4|undefined *||.data|0046adcc
DATA|00468770|4|undefined *||.data|007c64d8
DATA|00468774|4|undefined *||.data|0046adc4
DATA|00468778|4|undefined *||.data|007c6368
DATA|0046877c|4|undefined *||.data|0046adb4
DATA|00468780|4|undefined *||.data|007c6264
DATA|00468784|4|undefined *||.data|0046ada8
DATA|00468788|4|undefined *||.data|007c63c8
DATA|0046878c|4|undefined *||.data|0046ad9c
DATA|00468790|4|undefined *||.data|007c6278
DATA|00468794|4|undefined *||.data|0046ad90
DATA|00468798|4|undefined *||.data|007c6564
DATA|0046879c|4|undefined *||.data|0046ad84
DATA|004687a0|4|undefined *||.data|007c6318
DATA|004687a4|4|undefined *||.data|0046ad7c
DATA|004687a8|4|undefined *||.data|007c6598
DATA|004687ac|4|undefined *||.data|0046ad6c
DATA|004687b0|4|undefined *||.data|007c6274
DATA|004687b4|4|undefined *||.data|0046ad5c
DATA|004687b8|4|undefined *||.data|007c8fec
DATA|004687bc|4|undefined *||.data|0046ad4c
DATA|004687c0|4|undefined *||.data|007c647c
DATA|004687c4|4|undefined *||.data|0046ad3c
DATA|004687c8|4|undefined *||.data|007c9018
DATA|004687cc|4|undefined *||.data|0046ad2c
DATA|004687d0|4|undefined *||.data|007c648c
DATA|004687d4|4|undefined *||.data|0046ad20
DATA|004687d8|4|undefined *||.data|007c64b4
DATA|004687dc|4|undefined *||.data|0046ad14
DATA|004687e0|4|undefined *||.data|007c6398
DATA|004687e4|4|undefined *||.data|0046ad08
DATA|004687e8|4|undefined *||.data|007c64b8
DATA|004687ec|4|undefined *||.data|0046acfc
DATA|004687f0|4|undefined *||.data|007c6390
DATA|004687f4|4|undefined *||.data|0046acf0
DATA|004687f8|4|undefined *||.data|007c64c0
DATA|004687fc|4|undefined *||.data|0046ace4
DATA|00468800|4|undefined *||.data|007c635c
DATA|00468804|4|undefined *||.data|0046acd8
DATA|00468808|4|undefined *||.data|007c64a0
DATA|0046880c|4|undefined *||.data|0046accc
DATA|00468810|4|undefined *||.data|007c6344
DATA|00468814|4|undefined *||.data|0046acc0
DATA|00468818|4|undefined *||.data|007c6494
DATA|0046881c|4|undefined *||.data|0046acb4
DATA|00468820|4|undefined *||.data|007c6328
DATA|00468824|4|undefined *||.data|0046aca8
DATA|00468828|4|undefined *||.data|007c6310
DATA|0046882c|4|undefined *||.data|0046ac9c
DATA|00468830|4|undefined *||.data|007c9484
DATA|00468834|4|undefined *||.data|0046ac90
DATA|00468838|4|undefined *||.data|007c6330
DATA|0046883c|4|undefined *||.data|0046ac84
DATA|00468840|4|undefined *||.data|007c9110
DATA|00468844|4|undefined *||.data|0046ac78
DATA|00468848|4|undefined *||.data|007c6324
DATA|0046884c|4|undefined *||.data|0046ac6c
DATA|00468850|4|undefined *||.data|007c90f4
DATA|00468854|4|undefined *||.data|0046ac60
DATA|00468858|4|undefined *||.data|007c64bc
DATA|0046885c|4|undefined *||.data|0046ac54
DATA|00468860|4|undefined *||.data|007c6358
DATA|00468864|4|undefined *||.data|0046ac48
DATA|00468868|4|undefined *||.data|007c64a8
DATA|0046886c|4|undefined *||.data|0046ac3c
DATA|00468870|4|undefined *||.data|007c634c
DATA|00468874|4|undefined *||.data|0046ac30
DATA|00468878|4|undefined *||.data|007c64ac
DATA|0046887c|4|undefined *||.data|0046ac24
DATA|00468880|4|undefined *||.data|007c6378
DATA|00468884|4|undefined *||.data|0046ac18
DATA|00468888|4|undefined *||.data|007c64b0
DATA|0046888c|4|undefined *||.data|0046ac0c
DATA|00468890|4|undefined *||.data|007c6364
DATA|00468894|4|undefined *||.data|0046ac00
DATA|00468898|4|undefined *||.data|007c649c
DATA|0046889c|4|undefined *||.data|0046abf4
DATA|004688a0|4|undefined *||.data|007c6440
DATA|004688a4|4|undefined *||.data|0046abe8
DATA|004688a8|4|undefined *||.data|007c6320
DATA|004688ac|4|undefined *||.data|0046abdc
DATA|004688b0|4|undefined *||.data|007c90f0
DATA|004688b4|4|undefined *||.data|0046abd0
DATA|004688b8|4|undefined *||.data|007c6448
DATA|004688bc|4|undefined *||.data|0046abc4
DATA|004688c0|4|undefined *||.data|007c90d4
DATA|004688c4|4|undefined *||.data|0046abb8
DATA|004688c8|4|undefined *||.data|007c642c
DATA|004688cc|4|undefined *||.data|0046abac
DATA|004688d0|4|undefined *||.data|007c90b8
DATA|004688d4|4|undefined *||.data|0046aba0
DATA|004688d8|4|undefined *||.data|007c657c
DATA|004688dc|4|undefined *||.data|0046ab94
DATA|004688e0|4|undefined *||.data|007c65ec
DATA|004688e4|4|undefined *||.data|0046ab84
DATA|004688e8|4|undefined *||.data|007c65f0
DATA|004688ec|4|undefined *||.data|0046ab74
DATA|004688f0|4|undefined *||.data|007c6580
DATA|004688f4|4|undefined *||.data|0046ab64
DATA|004688f8|4|undefined *||.data|007c6290
DATA|004688fc|4|undefined *||.data|0046ab50
DATA|00468900|4|undefined *||.data|007c629c
DATA|00468904|4|undefined *||.data|0046ab3c
DATA|00468908|4|undefined *||.data|007c9030
DATA|0046890c|4|undefined *||.data|0046ab28
DATA|00468910|4|undefined *||.data|007c9058
DATA|00468914|4|undefined *||.data|0046ab14
DATA|00468918|4|undefined *||.data|007c62e4
DATA|0046891c|4|undefined *||.data|0046ab08
DATA|00468920|4|undefined *||.data|007c6388
DATA|00468924|4|undefined *||.data|0046aaf8
DATA|00468928|4|undefined *||.data|007c6574
DATA|0046892c|4|undefined *||.data|0046aae4
DATA|00468930|4|undefined *||.data|007c90a8
DATA|00468934|4|undefined *||.data|0046aad8
DATA|00468938|4|undefined *||.data|007c6628
DATA|0046893c|4|undefined *||.data|0046aacc
DATA|00468940|4|undefined *||.data|007c9098
DATA|00468944|4|undefined *||.data|0046aabc
DATA|00468948|4|undefined *||.data|007c639c
DATA|0046894c|4|undefined *||.data|0046aab0
DATA|00468950|4|undefined *||.data|007c8ff4
DATA|00468954|4|undefined *||.data|0046aa98
DATA|00468958|4|undefined *||.data|007c630c
DATA|0046895c|4|undefined *||.data|0046aa88
DATA|00468960|4|undefined *||.data|007c62bc
DATA|00468964|4|undefined *||.data|0046aa78
DATA|00468968|4|undefined *||.data|007c8fe4
DATA|0046896c|4|undefined *||.data|0046aa68
DATA|00468970|4|undefined *||.data|007c63e0
DATA|00468974|4|undefined *||.data|0046aa58
DATA|00468978|4|undefined *||.data|007c6360
DATA|0046897c|4|undefined *||.data|0046aa4c
DATA|00468980|4|undefined *||.data|007c644c
DATA|00468984|4|undefined *||.data|0046aa38
DATA|00468988|4|undefined *||.data|007c6588
DATA|0046898c|4|undefined *||.data|0046aa2c
DATA|00468990|4|undefined *||.data|007c632c
DATA|00468994|4|undefined *||.data|0046aa20
DATA|00468998|4|undefined *||.data|007c6474
DATA|0046899c|4|undefined *||.data|0046aa0c
DATA|004689a0|4|undefined *||.data|007c62a8
DATA|004689a4|4|undefined *||.data|0046aa04
DATA|004689a8|4|undefined *||.data|007c63fc
DATA|004689ac|4|undefined *||.data|0046a9f8
DATA|004689b0|4|undefined *||.data|007c90a4
DATA|004689b4|4|undefined *||.data|0046a9e8
DATA|004689b8|4|undefined *||.data|007c6260
DATA|004689bc|4|undefined *||.data|0046a9d8
DATA|004689c0|4|undefined *||.data|007c9094
DATA|004689c4|4|undefined *||.data|0046a9c8
DATA|004689c8|4|undefined *||.data|007c62f0
DATA|004689cc|4|undefined *||.data|0046a9b8
DATA|004689d0|4|undefined *||.data|007c908c
DATA|004689d4|4|undefined *||.data|0046a9a8
DATA|004689d8|4|undefined *||.data|007c62f4
DATA|004689dc|4|undefined *||.data|0046a998
DATA|004689e0|4|undefined *||.data|007c90a0
DATA|004689e4|4|undefined *||.data|0046a988
DATA|004689e8|4|undefined *||.data|007c62fc
DATA|004689ec|4|undefined *||.data|0046a978
DATA|004689f0|4|undefined *||.data|007c6450
DATA|004689f4|4|undefined *||.data|0046a96c
DATA|004689f8|4|undefined *||.data|007c6404
DATA|004689fc|4|undefined *||.data|0046a960
DATA|00468a00|4|undefined *||.data|007c6338
DATA|00468a04|4|undefined *||.data|0046a950
DATA|00468a08|4|undefined *||.data|007c6334
DATA|00468a0c|4|undefined *||.data|0046a940
DATA|00468a10|4|undefined *||.data|007c628c
DATA|00468a14|4|undefined *||.data|0046a92c
DATA|00468a18|4|undefined *||.data|007c90c4
DATA|00468a1c|4|undefined *||.data|0046a920
DATA|00468a20|4|undefined *||.data|007c63a4
DATA|00468a24|4|undefined *||.data|0046a918
DATA|00468a28|4|undefined *||.data|007c8fe0
DATA|00468a2c|4|undefined *||.data|0046a910
DATA|00468a30|4|undefined *||.data|007c6370
DATA|00468a34|4|undefined *||.data|0046a908
DATA|00468a38|4|undefined *||.data|007c8fe8
DATA|00468a3c|4|undefined *||.data|0046a900
DATA|00468a40|4|undefined *||.data|007c636c
DATA|00468a44|4|undefined *||.data|0046a8f8
DATA|00468a48|4|undefined *||.data|007c6630
DATA|00468a4c|4|undefined *||.data|0046a8ec
DATA|00468a50|4|undefined *||.data|007c6444
DATA|00468a54|4|undefined *||.data|0046a8e0
DATA|00468a58|4|undefined *||.data|007c63d8
DATA|00468a5c|4|undefined *||.data|0046a8d4
DATA|00468a60|4|undefined *||.data|007c6434
DATA|00468a64|4|undefined *||.data|0046a8c4
DATA|00468a68|4|undefined *||.data|007c9460
DATA|00468a6c|4|undefined *||.data|0046a8b4
DATA|00468a70|4|undefined *||.data|007c6540
DATA|00468a74|4|undefined *||.data|0046a8a4
DATA|00468a78|4|undefined *||.data|007c901c
DATA|00468a7c|4|undefined *||.data|0046a894
DATA|00468a80|4|undefined *||.data|007c6614
DATA|00468a84|4|undefined *||.data|0046a888
DATA|00468a88|4|undefined *||.data|007c659c
DATA|00468a8c|4|undefined *||.data|0046a87c
DATA|00468a90|4|undefined *||.data|007c63bc
DATA|00468a94|4|undefined *||.data|0046a86c
DATA|00468a98|4|undefined *||.data|007c9000
DATA|00468a9c|4|undefined *||.data|0046a85c
DATA|00468aa0|4|undefined *||.data|007c90b4
DATA|00468aa4|4|undefined *||.data|0046a84c
DATA|00468aa8|4|undefined *||.data|007c6510
DATA|00468aac|4|undefined *||.data|0046a840
DATA|00468ab0|4|undefined *||.data|007c6528
DATA|00468ab4|4|undefined *||.data|0046a834
DATA|00468ab8|4|undefined *||.data|007c64f0
DATA|00468abc|4|undefined *||.data|0046a828
DATA|00468ac0|4|undefined *||.data|007c9008
DATA|00468ac4|4|undefined *||.data|0046a818
DATA|00468ac8|4|undefined *||.data|007c8ffc
DATA|00468acc|4|undefined *||.data|0046a808
DATA|00468ad0|4|undefined *||.data|007c9080
DATA|00468ad4|4|undefined *||.data|0046a7f8
DATA|00468ad8|4|undefined *||.data|007c9050
DATA|00468adc|4|undefined *||.data|0046a7e4
DATA|00468ae0|4|undefined *||.data|007c9468
DATA|00468ae4|4|undefined *||.data|0046a7d0
DATA|00468ae8|4|undefined *||.data|007c6394
DATA|00468aec|4|undefined *||.data|0046a7c0
DATA|00468af0|4|undefined *||.data|007c9350
DATA|00468af4|4|undefined *||.data|0046a7ac
DATA|00468af8|4|undefined *||.data|007c6304
DATA|00468afc|4|undefined *||.data|0046a7a0
DATA|00468b00|4|undefined *||.data|007c9020
DATA|00468b04|4|undefined *||.data|0046a790
DATA|00468b08|4|undefined *||.data|007c9028
DATA|00468b0c|4|undefined *||.data|0046a780
DATA|00468b10|4|undefined *||.data|007c62b4
DATA|00468b14|4|undefined *||.data|0046a770
DATA|00468b18|4|undefined *||.data|007c62d8
DATA|00468b1c|4|undefined *||.data|0046a760
DATA|00468b20|4|undefined *||.data|007c62ec
DATA|00468b24|4|undefined *||.data|0046a750
DATA|00468b28|4|undefined *||.data|007c6340
DATA|00468b2c|4|undefined *||.data|0046a740
DATA|00468b30|4|undefined *||.data|007c6294
DATA|00468b34|4|undefined *||.data|0046a724
DATA|00468b38|4|undefined *||.data|007c62b0
DATA|00468b3c|4|undefined *||.data|0046a708
DATA|00468b40|4|undefined *||.data|007c63c4
DATA|00468b44|4|undefined *||.data|0046a6f4
DATA|00468b48|4|undefined *||.data|007c63dc
DATA|00468b4c|4|undefined *||.data|0046a6e0
DATA|00468b50|4|undefined *||.data|007c9070
DATA|00468b54|4|undefined *||.data|0046a6d8
DATA|00468b58|4|undefined *||.data|007c65bc
DATA|00468b5c|4|undefined *||.data|0046a6cc
DATA|00468b60|4|undefined *||.data|007c9334
DATA|00468b64|4|undefined *||.data|0046a6bc
DATA|00468b68|4|undefined *||.data|007c932c
DATA|00468b6c|4|undefined *||.data|0046a6b0
DATA|00468b70|4|undefined *||.data|007c8fdc
DATA|00468b74|4|undefined *||.data|0046a6a4
DATA|00468b78|4|undefined *||.data|007c9330
DATA|00468b7c|4|undefined *||.data|0046a698
DATA|00468b80|4|undefined *||.data|007c651c
DATA|00468b84|4|undefined *||.data|0046a68c
DATA|00468b88|4|undefined *||.data|007c9320
DATA|00468b8c|4|undefined *||.data|0046a680
DATA|00468b90|4|undefined *||.data|007c6518
DATA|00468b94|4|undefined *||.data|0046a674
DATA|00468b98|4|undefined *||.data|007c6270
DATA|00468b9c|4|undefined *||.data|0046a668
DATA|00468ba0|4|undefined *||.data|007c6554
DATA|00468ba4|4|undefined *||.data|0046a65c
DATA|00468ba8|4|undefined *||.data|007c6560
DATA|00468bac|4|undefined *||.data|0046a650
DATA|00468bb0|4|undefined *||.data|007c6308
DATA|00468bb4|4|undefined *||.data|0046a644
DATA|00468bb8|4|undefined *||.data|007c64ec
DATA|00468bbc|4|undefined *||.data|0046a638
DATA|00468bc0|4|undefined *||.data|007c63ac
DATA|00468bc4|4|undefined *||.data|0046a624
DATA|00468bc8|4|undefined *||.data|007c8ff0
DATA|00468bcc|4|undefined *||.data|0046a618
DATA|00468bd0|4|undefined *||.data|007c909c
DATA|00468bd4|4|undefined *||.data|0046a60c
DATA|00468bd8|4|undefined *||.data|007c6314
DATA|00468bdc|4|undefined *||.data|0046a600
DATA|00468be0|4|undefined *||.data|007c6590
DATA|00468be4|4|undefined *||.data|0046a5f0
DATA|00468be8|4|undefined *||.data|007c625c
DATA|00468bec|4|undefined *||.data|0046a5e0
DATA|00468bf0|4|undefined *||.data|007c658c
DATA|00468bf4|4|undefined *||.data|0046a5d0
DATA|00468bf8|4|undefined *||.data|007c6268
DATA|00468bfc|4|undefined *||.data|0046a5c0
DATA|00468c00|4|undefined *||.data|007c62dc
DATA|00468c04|4|undefined *||.data|0046a5b4
DATA|00468c08|4|undefined *||.data|007c6460
DATA|00468c0c|4|undefined *||.data|0046a5a8
DATA|00468c10|4|undefined *||.data|007c62e0
DATA|00468c14|4|undefined *||.data|0046a59c
DATA|00468c18|4|undefined *||.data|007c6454
DATA|00468c1c|4|undefined *||.data|0046a590
DATA|00468c20|4|undefined *||.data|007c6384
DATA|00468c24|4|undefined *||.data|0046a580
DATA|00468c28|4|undefined *||.data|007c6610
DATA|00468c2c|4|undefined *||.data|0046a574
DATA|00468c30|4|undefined *||.data|007c907c
DATA|00468c34|4|undefined *||.data|0046a568
DATA|00468c38|4|undefined *||.data|007c9090
DATA|00468c3c|4|undefined *||.data|0046a558
DATA|00468c40|4|undefined *||.data|007c63e4
DATA|00468c44|4|undefined *||.data|0046a548
DATA|00468c48|4|undefined *||.data|007c63e8
DATA|00468c4c|4|undefined *||.data|0046a538
DATA|00468c50|4|undefined *||.data|007c65f4
DATA|00468c54|4|undefined *||.data|0046a52c
DATA|00468c58|4|undefined *||.data|007c63cc
DATA|00468c5c|4|undefined *||.data|0046a520
DATA|00468c60|4|undefined *||.data|007c6284
DATA|00468c64|4|undefined *||.data|0046a518
DATA|00468c68|4|undefined *||.data|007c6288
DATA|00468c6c|4|undefined *||.data|0046a510
DATA|00468c70|4|undefined *||.data|007c62b8
DATA|00468c74|4|undefined *||.data|0046a508
DATA|00468c78|4|undefined *||.data|007c62cc
DATA|00468c7c|4|undefined *||.data|0046a500
DATA|00468c80|4|undefined *||.data|007c6350
DATA|00468c84|4|undefined *||.data|0046a4f4
DATA|00468c88|4|undefined *||.data|007c633c
DATA|00468c8c|4|undefined *||.data|0046a4e8
DATA|00468c90|4|undefined *||.data|007c6348
DATA|00468c94|4|undefined *||.data|0046a4dc
DATA|00468c98|4|undefined *||.data|007c6374
DATA|00468c9c|4|undefined *||.data|0046a4d0
DATA|00468ca0|4|undefined *||.data|007c63f0
DATA|00468ca4|4|undefined *||.data|0046a4c4
DATA|00468ca8|4|undefined *||.data|007c6480
DATA|00468cac|4|undefined *||.data|0046a4b4
DATA|00468cb0|4|undefined *||.data|007c63ec
DATA|00468cb4|4|undefined *||.data|0046a4a8
DATA|00468cb8|4|undefined *||.data|007c646c
DATA|00468cbc|4|undefined *||.data|0046a498
DATA|00468cc0|4|undefined *||.data|007c90ac
DATA|00468cc4|4|undefined *||.data|0046a488
DATA|00468cc8|4|undefined *||.data|007c90e8
DATA|00468ccc|4|undefined *||.data|0046a478
DATA|00468cd0|4|undefined *||.data|007c90d8
DATA|00468cd4|4|undefined *||.data|0046a468
DATA|00468cd8|4|undefined *||.data|007c9328
DATA|00468cdc|4|undefined *||.data|0046a45c
DATA|00468ce0|4|undefined *||.data|007c6414
DATA|00468ce4|4|undefined *||.data|0046a450
DATA|00468ce8|4|undefined *||.data|007c62a4
DATA|00468cec|4|undefined *||.data|0046a444
DATA|00468cf0|4|undefined *||.data|007c6424
DATA|00468cf4|4|undefined *||.data|0046a438
DATA|00468cf8|4|undefined *||.data|007c62c8
DATA|00468cfc|4|undefined *||.data|0046a42c
DATA|00468d00|4|undefined *||.data|007c641c
DATA|00468d04|4|undefined *||.data|0046a420
DATA|00468d08|4|undefined *||.data|007c627c
DATA|00468d0c|4|undefined *||.data|0046a414
DATA|00468d10|4|undefined *||.data|007c6428
DATA|00468d14|4|undefined *||.data|0046a408
DATA|00468d18|4|undefined *||.data|007c6298
DATA|00468d1c|4|undefined *||.data|0046a3fc
DATA|00468d20|4|undefined *||.data|007c63f8
DATA|00468d24|4|undefined *||.data|0046a3f0
DATA|00468d28|4|undefined *||.data|007c6254
DATA|00468d2c|4|undefined *||.data|0046a3e4
DATA|00468d30|4|undefined *||.data|007c90c0
DATA|00468d34|4|undefined *||.data|0046a3d4
DATA|00468d38|4|undefined *||.data|007c946c
DATA|00468d3c|4|undefined *||.data|0046a3cc
DATA|00468d40|4|undefined *||.data|007c9060
DATA|00468d44|4|undefined *||.data|0046a3bc
DATA|00468d48|4|undefined *||.data|007c63b0
DATA|00468d4c|4|undefined *||.data|0046a3ac
DATA|00468d50|4|undefined *||.data|007c64d4
DATA|00468d54|4|undefined *||.data|0046a39c
DATA|00468d58|4|undefined *||.data|007c645c
DATA|00468d5c|4|undefined *||.data|0046a38c
DATA|00468d60|4|undefined *||.data|007c6608
DATA|00468d64|4|undefined *||.data|0046a37c
DATA|00468d68|4|undefined *||.data|007c6604
DATA|00468d6c|4|undefined *||.data|0046a36c
DATA|00468d70|4|undefined *||.data|007c64cc
DATA|00468d74|4|undefined *||.data|0046a358
DATA|00468d78|4|undefined *||.data|007c64c4
DATA|00468d7c|4|undefined *||.data|0046a344
DATA|00468d80|4|undefined *||.data|007c6458
DATA|00468d84|4|undefined *||.data|0046a338
DATA|00468d88|4|undefined *||.data|007c626c
DATA|00468d8c|4|undefined *||.data|0046a32c
DATA|00468d90|4|undefined *||.data|007c6354
DATA|00468d94|4|undefined *||.data|0046a31c
DATA|00468d98|4|undefined *||.data|007c6468
DATA|00468d9c|4|undefined *||.data|0046a30c
DATA|00468da0|4|undefined *||.data|007c6400
DATA|00468da4|4|undefined *||.data|0046a2f8
DATA|00468da8|4|undefined *||.data|007c631c
DATA|00468dac|4|undefined *||.data|0046a2ec
DATA|00468db0|4|undefined *||.data|007c8fd4
DATA|00468db4|4|undefined *||.data|0046a2d8
DATA|00468db8|4|undefined *||.data|007c6380
DATA|00468dbc|4|undefined *||.data|0046a2cc
DATA|00468dc0|4|undefined *||.data|007c6490
DATA|00468dc4|4|undefined *||.data|0046a2c0
DATA|00468dc8|4|undefined *||.data|007c6408
DATA|00468dcc|4|undefined *||.data|0046a2a8
DATA|00468dd0|4|undefined *||.data|007c6484
DATA|00468dd4|4|undefined *||.data|0046a298
DATA|00468dd8|4|undefined *||.data|007c64c8
DATA|00468ddc|4|undefined *||.data|0046a284
DATA|00468de0|4|undefined *||.data|007c6478
DATA|00468de4|4|undefined *||.data|0046a274
DATA|00468de8|4|undefined *||.data|007c6470
DATA|00468dec|4|undefined *||.data|0046a268
DATA|00468df0|4|undefined *||.data|007c6594
DATA|00468df4|4|undefined *||.data|0046a258
DATA|00468df8|4|undefined *||.data|007c65e4
DATA|00468dfc|4|undefined *||.data|0046a248
DATA|00468e00|4|undefined *||.data|007c65b8
DATA|00468e04|4|undefined *||.data|0046a238
DATA|00468e08|4|undefined *||.data|007c65d8
DATA|00468e0c|4|undefined *||.data|0046a228
DATA|00468e10|4|undefined *||.data|007c65b4
DATA|00468e14|4|undefined *||.data|0046a218
DATA|00468e18|4|undefined *||.data|007c652c
DATA|00468e1c|4|undefined *||.data|0046a208
DATA|00468e20|4|undefined *||.data|007c65c4
DATA|00468e24|4|undefined *||.data|0046a1f8
DATA|00468e28|4|undefined *||.data|007c655c
DATA|00468e2c|4|undefined *||.data|0046a1e8
DATA|00468e30|4|undefined *||.data|007c65b0
DATA|00468e34|4|undefined *||.data|0046a1d8
DATA|00468e38|4|undefined *||.data|007c65c0
DATA|00468e3c|4|undefined *||.data|0046a1c8
DATA|00468e40|4|undefined *||.data|007c65ac
DATA|00468e44|4|undefined *||.data|0046a1b8
DATA|00468e48|4|undefined *||.data|007c6520
DATA|00468e4c|4|undefined *||.data|0046a1a8
DATA|00468e50|4|undefined *||.data|007c65a8
DATA|00468e54|4|undefined *||.data|0046a198
DATA|00468e58|4|undefined *||.data|007c64f8
DATA|00468e5c|4|undefined *||.data|0046a188
DATA|00468e60|4|undefined *||.data|007c65e0
DATA|00468e64|4|undefined *||.data|0046a178
DATA|00468e68|4|undefined *||.data|007c6534
DATA|00468e6c|4|undefined *||.data|0046a168
DATA|00468e70|4|undefined *||.data|007c65a0
DATA|00468e74|4|undefined *||.data|0046a158
DATA|00468e78|4|undefined *||.data|007c6508
DATA|00468e7c|4|undefined *||.data|0046a148
DATA|00468e80|4|undefined *||.data|007c65cc
DATA|00468e84|4|undefined *||.data|0046a138
DATA|00468e88|4|undefined *||.data|007c64e4
DATA|00468e8c|4|undefined *||.data|0046a128
DATA|00468e90|4|undefined *||.data|007c65c8
DATA|00468e94|4|undefined *||.data|0046a118
DATA|00468e98|4|undefined *||.data|007c6570
DATA|00468e9c|4|undefined *||.data|0046a108
DATA|00468ea0|4|undefined *||.data|007c65dc
DATA|00468ea4|4|undefined *||.data|0046a0f8
DATA|00468ea8|4|undefined *||.data|007c8fd0
DATA|00468eac|4|undefined *||.data|0046a0e8
DATA|00468eb0|4|undefined *||.data|007c62c4
DATA|00468eb4|4|undefined *||.data|0046a0d8
DATA|00468eb8|4|undefined *||.data|007c63a8
DATA|00468ebc|4|undefined *||.data|0046a0c8
DATA|00468ec0|4|undefined *||.data|007c6638
DATA|00468ec4|4|undefined *||.data|0046a0c0
DATA|00468ec8|4|undefined *||.data|007c63d4
DATA|00468ecc|4|undefined *||.data|0046a0b4
DATA|00468ed0|4|undefined *||.data|007c6624
DATA|00468ed4|4|undefined *||.data|0046a0ac
DATA|00468ed8|4|undefined *||.data|007c6430
DATA|00468edc|4|undefined *||.data|0046a0a0
DATA|00468ee0|4|undefined *||.data|007c662c
DATA|00468ee4|4|undefined *||.data|0046a098
DATA|00468ee8|4|undefined *||.data|007c643c
DATA|00468eec|4|undefined *||.data|0046a08c
DATA|00468ef0|4|undefined *||.data|007c8fd8
DATA|00468ef4|4|undefined *||.data|0046a084
DATA|00468ef8|4|undefined *||.data|007c6410
DATA|00468efc|4|undefined *||.data|0046a078
DATA|00468f00|4|undefined *||.data|007c90b0
DATA|00468f04|4|undefined *||.data|0046a068
DATA|00468f08|4|undefined *||.data|007c65e8
DATA|00468f0c|4|undefined *||.data|0046a05c
DATA|00468f10|4|undefined *||.data|007c65d4
DATA|00468f14|4|undefined *||.data|0046a050
DATA|00468f18|4|undefined *||.data|007c6504
DATA|00468f1c|4|undefined *||.data|0046a044
DATA|00468f20|4|undefined *||.data|007c6500
DATA|00468f24|4|undefined *||.data|0046a038
DATA|00468f28|4|undefined *||.data|007c62f8
DATA|00468f2c|4|undefined *||.data|0046a02c
DATA|00468f30|4|undefined *||.data|007c64e0
DATA|00468f34|4|undefined *||.data|0046a01c
DATA|00468f38|4|undefined *||.data|007c62d4
DATA|00468f3c|4|undefined *||.data|0046a00c
DATA|00468f40|4|undefined *||.data|007c63a0
DATA|00468f44|4|undefined *||.data|00469ffc
DATA|00468f48|4|undefined *||.data|007c6488
DATA|00468f4c|4|undefined *||.data|00469fec
DATA|00468f50|4|undefined *||.data|007c62e8
DATA|00468f54|4|undefined *||.data|00469fe0
DATA|00468f58|4|undefined *||.data|007c9088
DATA|00468f5c|4|undefined *||.data|00469fd0
DATA|00468f60|4|undefined *||.data|007c9464
DATA|00468f64|4|undefined *||.data|00469fc0
DATA|00468f68|4|undefined *||.data|007c9084
DATA|00468f6c|4|undefined *||.data|00469fb0
DATA|00468f70|4|undefined *||.data|007c9324
DATA|00468f74|4|undefined *||.data|00469fa0
DATA|00468f78|4|undefined *||.data|007c9064
DATA|00468f7c|4|undefined *||.data|00469f90
DATA|00468f80|4|undefined *||.data|007c9338
DATA|00468f84|4|undefined *||.data|00469f80
DATA|00468f88|4|undefined *||.data|007c903c
DATA|00468f8c|4|undefined *||.data|00469f70
DATA|00468f90|4|undefined *||.data|007c90e0
DATA|00468f94|4|undefined *||.data|00469f60
DATA|00468f98|4|undefined *||.data|007c9068
DATA|00468f9c|4|undefined *||.data|00469f50
DATA|00468fa0|4|undefined *||.data|007c933c
DATA|00468fa4|4|undefined *||.data|00469f40
DATA|00468fa8|4|undefined *||.data|007c905c
DATA|00468fac|4|undefined *||.data|00469f30
DATA|00468fb0|4|undefined *||.data|007c9108
DATA|00468fb4|4|undefined *||.data|00469f20
DATA|00468fb8|4|undefined *||.data|007c9074
DATA|00468fbc|4|undefined *||.data|00469f10
DATA|00468fc0|4|undefined *||.data|007c910c
DATA|00468fc4|4|undefined *||.data|00469f00
DATA|00468fc8|4|undefined *||.data|007c904c
DATA|00468fcc|4|undefined *||.data|00469ef0
DATA|00468fd0|4|undefined *||.data|007c90d0
DATA|00468fd4|4|undefined *||.data|00469ee0
DATA|00468fd8|4|undefined *||.data|007c9078
DATA|00468fdc|4|undefined *||.data|00469ed0
DATA|00468fe0|4|undefined *||.data|007c9118
DATA|00468fe4|4|undefined *||.data|00469ec0
DATA|00468fe8|4|undefined *||.data|007c906c
DATA|00468fec|4|undefined *||.data|00469eb0
DATA|00468ff0|4|undefined *||.data|007c90f8
DATA|00468ff4|4|undefined *||.data|00469ea0
DATA|00468ff8|4|undefined *||.data|007c9044
DATA|00468ffc|4|undefined *||.data|00469e90
DATA|00469000|4|undefined *||.data|007c9100
DATA|00469004|4|undefined *||.data|00469e80
DATA|00469008|4|undefined *||.data|007c902c
DATA|0046900c|4|undefined *||.data|00469e70
DATA|00469010|4|undefined *||.data|007c90bc
DATA|00469014|4|undefined *||.data|00469e60
DATA|00469018|4|undefined *||.data|007c9048
DATA|0046901c|4|undefined *||.data|00469e50
DATA|00469020|4|undefined *||.data|007c9104
DATA|00469024|4|undefined *||.data|00469e40
DATA|00469028|4|undefined *||.data|007c9040
DATA|0046902c|4|undefined *||.data|00469e30
DATA|00469030|4|undefined *||.data|007c90e4
DATA|00469034|4|undefined *||.data|00469e20
DATA|00469038|4|undefined *||.data|007c9054
DATA|0046903c|4|undefined *||.data|00469e10
DATA|00469040|4|undefined *||.data|007c90ec
DATA|00469044|4|undefined *||.data|00469e00
DATA|00469048|4|undefined *||.data|007c9034
DATA|0046904c|4|undefined *||.data|00469df0
DATA|00469050|4|undefined *||.data|007c6300
DATA|00469054|4|undefined *||.data|00469de0
DATA|00469058|4|undefined *||.data|007c65a4
DATA|0046905c|4|undefined *||.data|00469dcc
DATA|00469060|4|undefined *||.data|007c6438
DATA|00469064|4|undefined *||.data|00469dc0
DATA|00469068|4|undefined *||.data|007c9494
DATA|0046906c|4|undefined *||.data|00469db4
DATA|00469070|4|undefined *||.data|007c6600
DATA|00469074|4|undefined *||.data|00469da8
DATA|00469078|4|undefined *||.data|007c9348
DATA|0046907c|4|undefined *||.data|00469d9c
DATA|00469080|4|undefined *||.data|007c640c
DATA|00469084|4|undefined *||.data|00469d90
DATA|00469088|4|undefined *||.data|007c6634
DATA|0046908c|4|undefined *||.data|00469d84
DATA|00469090|4|undefined *||.data|007c6420
DATA|00469094|4|undefined *||.data|00469d78
DATA|00469098|4|undefined *||.data|007c6618
DATA|0046909c|4|undefined *||.data|00469d6c
DATA|004690a0|4|undefined *||.data|007c6418
DATA|004690a4|4|undefined *||.data|00469d60
DATA|004690a8|4|undefined *||.data|007c6620
DATA|004690ac|4|undefined *||.data|00469d54
DATA|004690b0|4|undefined *||.data|007c90c8
DATA|004690b4|4|undefined *||.data|00469d44
DATA|004690b8|4|undefined *||.data|007c90cc
DATA|004690bc|4|undefined *||.data|00469d34
DATA|004690c0|4|undefined *||.data|007c62c0
DATA|004690c4|4|undefined *||.data|00469d24
DATA|004690c8|4|undefined *||.data|007c64f4
DATA|004690cc|4|undefined *||.data|00469d10
DATA|004690d0|4|undefined *||.data|007c62ac
DATA|004690d4|4|undefined *||.data|00469d00
DATA|004690d8|4|undefined *||.data|007c6514
DATA|004690dc|4|undefined *||.data|00469cec
DATA|004690e0|4|undefined *||.data|007c65fc
DATA|004690e4|4|undefined *||.data|00469cdc
DATA|004690e8|4|undefined *||.data|007c65f8
DATA|004690ec|4|undefined *||.data|00469ccc
DATA|004690f0|4|undefined *||.data|007c6544
DATA|004690f4|4|undefined *||.data|00469cbc
DATA|004690f8|4|undefined *||.data|007c6568
DATA|004690fc|4|undefined *||.data|00469cac
DATA|00469100|4|undefined *||.data|007c9004
DATA|00469104|4|undefined *||.data|00469ca0
DATA|00469108|4|undefined *||.data|007c656c
DATA|0046910c|4|undefined *||.data|00469c94
DATA|00469110|4|undefined *||.data|007c900c
DATA|00469114|4|undefined *||.data|00469c88
DATA|00469118|4|undefined *||.data|007c6558
DATA|0046911c|4|undefined *||.data|00469c7c
DATA|00469120|4|undefined *||.data|007c9480
DATA|00469124|4|undefined *||.data|00469c70
DATA|00469128|4|undefined *||.data|007c6550
DATA|0046912c|4|undefined *||.data|00469c64
DATA|00469130|4|undefined *||.data|007c948c
DATA|00469134|4|undefined *||.data|00469c58
DATA|00469138|4|undefined *||.data|007c64e8
DATA|0046913c|4|undefined *||.data|00469c4c
DATA|00469140|4|undefined *||.data|007c947c
DATA|00469144|4|undefined *||.data|00469c40
DATA|00469148|4|undefined *||.data|007c654c
DATA|0046914c|4|undefined *||.data|00469c34
DATA|00469150|4|undefined *||.data|007c9488
DATA|00469154|4|undefined *||.data|00469c28
DATA|00469158|4|undefined *||.data|007c6538
DATA|0046915c|4|undefined *||.data|00469c1c
DATA|00469160|4|undefined *||.data|007c9474
DATA|00469164|4|undefined *||.data|00469c10
DATA|00469168|4|undefined *||.data|007c6530
DATA|0046916c|4|undefined *||.data|00469c04
DATA|00469170|4|undefined *||.data|007c9344
DATA|00469174|4|undefined *||.data|00469bf8
DATA|00469178|4|undefined *||.data|007c64dc
DATA|0046917c|4|undefined *||.data|00469bec
DATA|00469180|4|undefined *||.data|007c9470
DATA|00469184|4|undefined *||.data|00469be0
DATA|00469188|4|undefined *||.data|007c6524
DATA|0046918c|4|undefined *||.data|00469bd4
DATA|00469190|4|undefined *||.data|007c9478
DATA|00469194|4|undefined *||.data|00469bc8
DATA|00469198|4|undefined *||.data|007c650c
DATA|0046919c|4|undefined *||.data|00469bbc
DATA|004691a0|4|undefined *||.data|007c9498
DATA|004691a4|4|undefined *||.data|00469bb0
DATA|004691a8|4|undefined *||.data|007c64fc
DATA|004691ac|4|undefined *||.data|00469ba4
DATA|004691b0|4|undefined *||.data|007c9340
DATA|004691b4|4|undefined *||.data|00469b98
DATA|004691b8|4|undefined *||.data|007c64d0
DATA|004691bc|4|undefined *||.data|00469b8c
DATA|004691c0|4|undefined *||.data|007c6464
DATA|004691c4|4|undefined *||.data|00469b7c
DATA|004691c8|4|undefined *||.data|007c660c
DATA|004691cc|4|undefined *||.data|00469b70
DATA|004691d0|4|undefined *||.data|007c6584
DATA|004691d4|4|undefined *||.data|00469b58
DATA|004691d8|4|undefined *||.data|007c9114
DATA|004691dc|4|undefined *||.data|00469b48
DATA|004691e0|4|undefined *||.data|007c934c
DATA|004691e4|4|undefined *||.data|00469b34
DATA|004691e8|4|undefined *||.data|007c90dc
DATA|004691ec|4|undefined *||.data|00469b1c
DATA|004691f0|4|undefined *||.data|007c661c
DATA|004691f4|4|undefined *||.data|00469b08
DATA|004691f8|4|undefined *||.data|007c64a4
DATA|004691fc|4|undefined *||.data|00469af0
DATA|00469200|4|undefined *||.data|007c90fc
DATA|00469204|4|undefined *||.data|00469ad8
DATA|00469208|4|undefined *||.data|007c6258
DATA|0046920c|4|undefined *||.data|00469ac0
DATA|00469210|4|undefined *||.data|007c63b4
DATA|00469214|4|undefined *||.data|00469ab0
DATA|00469218|4|undefined *||.data|007c6498
DATA|0046921c|4|undefined *||.data|00469a94
DATA|00469220|4|undefined *||.data|007c63d0
DATA|00469224|4|undefined *||.data|00469a78
DATA|00469228|4|undefined *||.data|007c6280
DATA|0046922c|4|undefined *||.data|00469a64
DATA|00469230|4|undefined *||.data|007c63f4
DATA|00469234|4|undefined *||.data|00469a50
DATA|00469238|4|undefined *||.data|007c63b8
DATA|0046923c|4|undefined *||.data|00469a40
DATA|00469240|4|undefined *||.data|007c65d0
DATA|00469244|4|undefined *||.data|00469a28
DATA|00469248|4|undefined *||.data|007c9014
DATA|0046924c|4|undefined *||.data|00469a0c
DATA|00469250|4|undefined *||.data|007c637c
DATA|00469254|4|undefined *||.data|004699f8
DATA|00469258|4|undefined *||.data|007c9038
DATA|0046925c|4|undefined *||.data|004699e8
DATA|00469260|4|undefined *||.data|007c9490
DATA|00469264|4|undefined *||.data|004699d8
DATA|00469268|4|undefined *||.data|007c6548
DATA|0046926c|4|undefined *||.data|004699c4
DATA|00469270|4|undefined *||.data|007c8ff8
DATA|00469274|4|undefined *||.data|004699b0
DATA|00469278|4|undefined *||.data|007c9024
DATA|0046927c|4|undefined *||.data|0046999c
DATA|00469280|4|undefined *||.data|007c653c
DATA|00469284|4|undefined *||.data|00469988
DATA|00469288|4|undefined *||.data|007c6578
DATA|0046928c|4|undefined *||.data|00469974
DATA|00469970|4|pointer|PTR_DAT_00469970|.data|004b1c10
DATA|00469974|20|string|s_wglUseFontOutlinesW_00469974|.data|wglUseFontOutlinesW
DATA|00469988|20|string|s_wglUseFontOutlinesA_00469988|.data|wglUseFontOutlinesA
DATA|0046999c|19|string|s_wglUseFontBitmapsW_0046999c|.data|wglUseFontBitmapsW
DATA|004699b0|19|string|s_wglUseFontBitmapsA_004699b0|.data|wglUseFontBitmapsA
DATA|004699c4|20|string|s_wglSwapLayerBuffers_004699c4|.data|wglSwapLayerBuffers
DATA|004699d8|15|string|s_wglSwapBuffers_004699d8|.data|wglSwapBuffers
DATA|004699e8|14|string|s_wglShareLists_004699e8|.data|wglShareLists
DATA|004699f8|18|string|s_wglSetPixelFormat_004699f8|.data|wglSetPixelFormat
DATA|00469a0c|26|string|s_wglSetLayerPaletteEntries_00469a0c|.data|wglSetLayerPaletteEntries
DATA|00469a28|23|string|s_wglRealizeLayerPalette_00469a28|.data|wglRealizeLayerPalette
DATA|00469a40|15|string|s_wglMakeCurrent_00469a40|.data|wglMakeCurrent
DATA|00469a50|18|string|s_wglGetProcAddress_00469a50|.data|wglGetProcAddress
DATA|00469a64|18|string|s_wglGetPixelFormat_00469a64|.data|wglGetPixelFormat
DATA|00469a78|26|string|s_wglGetLayerPaletteEntries_00469a78|.data|wglGetLayerPaletteEntries
DATA|00469a94|25|string|s_wglGetDefaultProcAddress_00469a94|.data|wglGetDefaultProcAddress
DATA|00469ab0|16|string|s_wglGetCurrentDC_00469ab0|.data|wglGetCurrentDC
DATA|00469ac0|21|string|s_wglGetCurrentContext_00469ac0|.data|wglGetCurrentContext
DATA|00469ad8|23|string|s_wglDescribePixelFormat_00469ad8|.data|wglDescribePixelFormat
DATA|00469af0|22|string|s_wglDescribeLayerPlane_00469af0|.data|wglDescribeLayerPlane
DATA|00469b08|17|string|s_wglDeleteContext_00469b08|.data|wglDeleteContext
DATA|00469b1c|22|string|s_wglCreateLayerContext_00469b1c|.data|wglCreateLayerContext
DATA|00469b34|17|string|s_wglCreateContext_00469b34|.data|wglCreateContext
DATA|00469b48|15|string|s_wglCopyContext_00469b48|.data|wglCopyContext
DATA|00469b58|21|string|s_wglChoosePixelFormat_00469b58|.data|wglChoosePixelFormat
DATA|00469b70|11|string|s_glViewport_00469b70|.data|glViewport
DATA|00469b7c|16|string|s_glVertexPointer_00469b7c|.data|glVertexPointer
DATA|00469b8c|12|string|s_glVertex4sv_00469b8c|.data|glVertex4sv
DATA|00469b98|11|string|s_glVertex4s_00469b98|.data|glVertex4s
DATA|00469ba4|12|string|s_glVertex4iv_00469ba4|.data|glVertex4iv
DATA|00469bb0|11|string|s_glVertex4i_00469bb0|.data|glVertex4i
DATA|00469bbc|12|string|s_glVertex4fv_00469bbc|.data|glVertex4fv
DATA|00469bc8|11|string|s_glVertex4f_00469bc8|.data|glVertex4f
DATA|00469bd4|12|string|s_glVertex4dv_00469bd4|.data|glVertex4dv
DATA|00469be0|11|string|s_glVertex4d_00469be0|.data|glVertex4d
DATA|00469bec|12|string|s_glVertex3sv_00469bec|.data|glVertex3sv
DATA|00469bf8|11|string|s_glVertex3s_00469bf8|.data|glVertex3s
DATA|00469c04|12|string|s_glVertex3iv_00469c04|.data|glVertex3iv
DATA|00469c10|11|string|s_glVertex3i_00469c10|.data|glVertex3i
DATA|00469c1c|12|string|s_glVertex3fv_00469c1c|.data|glVertex3fv
DATA|00469c28|11|string|s_glVertex3f_00469c28|.data|glVertex3f
DATA|00469c34|12|string|s_glVertex3dv_00469c34|.data|glVertex3dv
DATA|00469c40|11|string|s_glVertex3d_00469c40|.data|glVertex3d
DATA|00469c4c|12|string|s_glVertex2sv_00469c4c|.data|glVertex2sv
DATA|00469c58|11|string|s_glVertex2s_00469c58|.data|glVertex2s
DATA|00469c64|12|string|s_glVertex2iv_00469c64|.data|glVertex2iv
DATA|00469c70|11|string|s_glVertex2i_00469c70|.data|glVertex2i
DATA|00469c7c|12|string|s_glVertex2fv_00469c7c|.data|glVertex2fv
DATA|00469c88|11|string|s_glVertex2f_00469c88|.data|glVertex2f
DATA|00469c94|12|string|s_glVertex2dv_00469c94|.data|glVertex2dv
DATA|00469ca0|11|string|s_glVertex2d_00469ca0|.data|glVertex2d
DATA|00469cac|13|string|s_glTranslatef_00469cac|.data|glTranslatef
DATA|00469cbc|13|string|s_glTranslated_00469cbc|.data|glTranslated
DATA|00469ccc|16|string|s_glTexSubImage2D_00469ccc|.data|glTexSubImage2D
DATA|00469cdc|16|string|s_glTexSubImage1D_00469cdc|.data|glTexSubImage1D
DATA|00469cec|17|string|s_glTexParameteriv_00469cec|.data|glTexParameteriv
DATA|00469d00|16|string|s_glTexParameteri_00469d00|.data|glTexParameteri
DATA|00469d10|17|string|s_glTexParameterfv_00469d10|.data|glTexParameterfv
DATA|00469d24|16|string|s_glTexParameterf_00469d24|.data|glTexParameterf
DATA|00469d34|13|string|s_glTexImage2D_00469d34|.data|glTexImage2D
DATA|00469d44|13|string|s_glTexImage1D_00469d44|.data|glTexImage1D
DATA|00469d54|11|string|s_glTexGeniv_00469d54|.data|glTexGeniv
DATA|00469d60|10|string|s_glTexGeni_00469d60|.data|glTexGeni
DATA|00469d6c|11|string|s_glTexGenfv_00469d6c|.data|glTexGenfv
DATA|00469d78|10|string|s_glTexGenf_00469d78|.data|glTexGenf
DATA|00469d84|11|string|s_glTexGendv_00469d84|.data|glTexGendv
DATA|00469d90|10|string|s_glTexGend_00469d90|.data|glTexGend
DATA|00469d9c|11|string|s_glTexEnviv_00469d9c|.data|glTexEnviv
DATA|00469da8|10|string|s_glTexEnvi_00469da8|.data|glTexEnvi
DATA|00469db4|11|string|s_glTexEnvfv_00469db4|.data|glTexEnvfv
DATA|00469dc0|10|string|s_glTexEnvf_00469dc0|.data|glTexEnvf
DATA|00469dcc|18|string|s_glTexCoordPointer_00469dcc|.data|glTexCoordPointer
DATA|00469de0|14|string|s_glTexCoord4sv_00469de0|.data|glTexCoord4sv
DATA|00469df0|13|string|s_glTexCoord4s_00469df0|.data|glTexCoord4s
DATA|00469e00|14|string|s_glTexCoord4iv_00469e00|.data|glTexCoord4iv
DATA|00469e10|13|string|s_glTexCoord4i_00469e10|.data|glTexCoord4i
DATA|00469e20|14|string|s_glTexCoord4fv_00469e20|.data|glTexCoord4fv
DATA|00469e30|13|string|s_glTexCoord4f_00469e30|.data|glTexCoord4f
DATA|00469e40|14|string|s_glTexCoord4dv_00469e40|.data|glTexCoord4dv
DATA|00469e50|13|string|s_glTexCoord4d_00469e50|.data|glTexCoord4d
DATA|00469e60|14|string|s_glTexCoord3sv_00469e60|.data|glTexCoord3sv
DATA|00469e70|13|string|s_glTexCoord3s_00469e70|.data|glTexCoord3s
DATA|00469e80|14|string|s_glTexCoord3iv_00469e80|.data|glTexCoord3iv
DATA|00469e90|13|string|s_glTexCoord3i_00469e90|.data|glTexCoord3i
DATA|00469ea0|14|string|s_glTexCoord3fv_00469ea0|.data|glTexCoord3fv
DATA|00469eb0|13|string|s_glTexCoord3f_00469eb0|.data|glTexCoord3f
DATA|00469ec0|14|string|s_glTexCoord3dv_00469ec0|.data|glTexCoord3dv
DATA|00469ed0|13|string|s_glTexCoord3d_00469ed0|.data|glTexCoord3d
DATA|00469ee0|14|string|s_glTexCoord2sv_00469ee0|.data|glTexCoord2sv
DATA|00469ef0|13|string|s_glTexCoord2s_00469ef0|.data|glTexCoord2s
DATA|00469f00|14|string|s_glTexCoord2iv_00469f00|.data|glTexCoord2iv
DATA|00469f10|13|string|s_glTexCoord2i_00469f10|.data|glTexCoord2i
DATA|00469f20|14|string|s_glTexCoord2fv_00469f20|.data|glTexCoord2fv
DATA|00469f30|13|string|s_glTexCoord2f_00469f30|.data|glTexCoord2f
DATA|00469f40|14|string|s_glTexCoord2dv_00469f40|.data|glTexCoord2dv
DATA|00469f50|13|string|s_glTexCoord2d_00469f50|.data|glTexCoord2d
DATA|00469f60|14|string|s_glTexCoord1sv_00469f60|.data|glTexCoord1sv
DATA|00469f70|13|string|s_glTexCoord1s_00469f70|.data|glTexCoord1s
DATA|00469f80|14|string|s_glTexCoord1iv_00469f80|.data|glTexCoord1iv
DATA|00469f90|13|string|s_glTexCoord1i_00469f90|.data|glTexCoord1i
DATA|00469fa0|14|string|s_glTexCoord1fv_00469fa0|.data|glTexCoord1fv
DATA|00469fb0|13|string|s_glTexCoord1f_00469fb0|.data|glTexCoord1f
DATA|00469fc0|14|string|s_glTexCoord1dv_00469fc0|.data|glTexCoord1dv
DATA|00469fd0|13|string|s_glTexCoord1d_00469fd0|.data|glTexCoord1d
DATA|00469fe0|12|string|s_glStencilOp_00469fe0|.data|glStencilOp
DATA|00469fec|14|string|s_glStencilMask_00469fec|.data|glStencilMask
DATA|00469ffc|14|string|s_glStencilFunc_00469ffc|.data|glStencilFunc
DATA|0046a00c|13|string|s_glShadeModel_0046a00c|.data|glShadeModel
DATA|0046a01c|15|string|s_glSelectBuffer_0046a01c|.data|glSelectBuffer
DATA|0046a02c|10|string|s_glScissor_0046a02c|.data|glScissor
DATA|0046a038|9|string|s_glScalef_0046a038|.data|glScalef
DATA|0046a044|9|string|s_glScaled_0046a044|.data|glScaled
DATA|0046a050|10|string|s_glRotatef_0046a050|.data|glRotatef
DATA|0046a05c|10|string|s_glRotated_0046a05c|.data|glRotated
DATA|0046a068|13|string|s_glRenderMode_0046a068|.data|glRenderMode
DATA|0046a078|9|string|s_glRectsv_0046a078|.data|glRectsv
DATA|0046a084|8|string|s_glRects_0046a084|.data|glRects
DATA|0046a08c|9|string|s_glRectiv_0046a08c|.data|glRectiv
DATA|0046a098|8|string|s_glRecti_0046a098|.data|glRecti
DATA|0046a0a0|9|string|s_glRectfv_0046a0a0|.data|glRectfv
DATA|0046a0ac|8|string|s_glRectf_0046a0ac|.data|glRectf
DATA|0046a0b4|9|string|s_glRectdv_0046a0b4|.data|glRectdv
DATA|0046a0c0|8|string|s_glRectd_0046a0c0|.data|glRectd
DATA|0046a0c8|13|string|s_glReadPixels_0046a0c8|.data|glReadPixels
DATA|0046a0d8|13|string|s_glReadBuffer_0046a0d8|.data|glReadBuffer
DATA|0046a0e8|15|string|s_glRasterPos4sv_0046a0e8|.data|glRasterPos4sv
DATA|0046a0f8|14|string|s_glRasterPos4s_0046a0f8|.data|glRasterPos4s
DATA|0046a108|15|string|s_glRasterPos4iv_0046a108|.data|glRasterPos4iv
DATA|0046a118|14|string|s_glRasterPos4i_0046a118|.data|glRasterPos4i
DATA|0046a128|15|string|s_glRasterPos4fv_0046a128|.data|glRasterPos4fv
DATA|0046a138|14|string|s_glRasterPos4f_0046a138|.data|glRasterPos4f
DATA|0046a148|15|string|s_glRasterPos4dv_0046a148|.data|glRasterPos4dv
DATA|0046a158|14|string|s_glRasterPos4d_0046a158|.data|glRasterPos4d
DATA|0046a168|15|string|s_glRasterPos3sv_0046a168|.data|glRasterPos3sv
DATA|0046a178|14|string|s_glRasterPos3s_0046a178|.data|glRasterPos3s
DATA|0046a188|15|string|s_glRasterPos3iv_0046a188|.data|glRasterPos3iv
DATA|0046a198|14|string|s_glRasterPos3i_0046a198|.data|glRasterPos3i
DATA|0046a1a8|15|string|s_glRasterPos3fv_0046a1a8|.data|glRasterPos3fv
DATA|0046a1b8|14|string|s_glRasterPos3f_0046a1b8|.data|glRasterPos3f
DATA|0046a1c8|15|string|s_glRasterPos3dv_0046a1c8|.data|glRasterPos3dv
DATA|0046a1d8|14|string|s_glRasterPos3d_0046a1d8|.data|glRasterPos3d
DATA|0046a1e8|15|string|s_glRasterPos2sv_0046a1e8|.data|glRasterPos2sv
DATA|0046a1f8|14|string|s_glRasterPos2s_0046a1f8|.data|glRasterPos2s
DATA|0046a208|15|string|s_glRasterPos2iv_0046a208|.data|glRasterPos2iv
DATA|0046a218|14|string|s_glRasterPos2i_0046a218|.data|glRasterPos2i
DATA|0046a228|15|string|s_glRasterPos2fv_0046a228|.data|glRasterPos2fv
DATA|0046a238|14|string|s_glRasterPos2f_0046a238|.data|glRasterPos2f
DATA|0046a248|15|string|s_glRasterPos2dv_0046a248|.data|glRasterPos2dv
DATA|0046a258|14|string|s_glRasterPos2d_0046a258|.data|glRasterPos2d
DATA|0046a268|11|string|s_glPushName_0046a268|.data|glPushName
DATA|0046a274|13|string|s_glPushMatrix_0046a274|.data|glPushMatrix
DATA|0046a284|19|string|s_glPushClientAttrib_0046a284|.data|glPushClientAttrib
DATA|0046a298|13|string|s_glPushAttrib_0046a298|.data|glPushAttrib
DATA|0046a2a8|21|string|s_glPrioritizeTextures_0046a2a8|.data|glPrioritizeTextures
DATA|0046a2c0|10|string|s_glPopName_0046a2c0|.data|glPopName
DATA|0046a2cc|12|string|s_glPopMatrix_0046a2cc|.data|glPopMatrix
DATA|0046a2d8|18|string|s_glPopClientAttrib_0046a2d8|.data|glPopClientAttrib
DATA|0046a2ec|12|string|s_glPopAttrib_0046a2ec|.data|glPopAttrib
DATA|0046a2f8|17|string|s_glPolygonStipple_0046a2f8|.data|glPolygonStipple
DATA|0046a30c|16|string|s_glPolygonOffset_0046a30c|.data|glPolygonOffset
DATA|0046a31c|14|string|s_glPolygonMode_0046a31c|.data|glPolygonMode
DATA|0046a32c|12|string|s_glPointSize_0046a32c|.data|glPointSize
DATA|0046a338|12|string|s_glPixelZoom_0046a338|.data|glPixelZoom
DATA|0046a344|17|string|s_glPixelTransferi_0046a344|.data|glPixelTransferi
DATA|0046a358|17|string|s_glPixelTransferf_0046a358|.data|glPixelTransferf
DATA|0046a36c|14|string|s_glPixelStorei_0046a36c|.data|glPixelStorei
DATA|0046a37c|14|string|s_glPixelStoref_0046a37c|.data|glPixelStoref
DATA|0046a38c|14|string|s_glPixelMapusv_0046a38c|.data|glPixelMapusv
DATA|0046a39c|14|string|s_glPixelMapuiv_0046a39c|.data|glPixelMapuiv
DATA|0046a3ac|13|string|s_glPixelMapfv_0046a3ac|.data|glPixelMapfv
DATA|0046a3bc|14|string|s_glPassThrough_0046a3bc|.data|glPassThrough
DATA|0046a3cc|8|string|s_glOrtho_0046a3cc|.data|glOrtho
DATA|0046a3d4|16|string|s_glNormalPointer_0046a3d4|.data|glNormalPointer
DATA|0046a3e4|12|string|s_glNormal3sv_0046a3e4|.data|glNormal3sv
DATA|0046a3f0|11|string|s_glNormal3s_0046a3f0|.data|glNormal3s
DATA|0046a3fc|12|string|s_glNormal3iv_0046a3fc|.data|glNormal3iv
DATA|0046a408|11|string|s_glNormal3i_0046a408|.data|glNormal3i
DATA|0046a414|12|string|s_glNormal3fv_0046a414|.data|glNormal3fv
DATA|0046a420|11|string|s_glNormal3f_0046a420|.data|glNormal3f
DATA|0046a42c|12|string|s_glNormal3dv_0046a42c|.data|glNormal3dv
DATA|0046a438|11|string|s_glNormal3d_0046a438|.data|glNormal3d
DATA|0046a444|12|string|s_glNormal3bv_0046a444|.data|glNormal3bv
DATA|0046a450|11|string|s_glNormal3b_0046a450|.data|glNormal3b
DATA|0046a45c|10|string|s_glNewList_0046a45c|.data|glNewList
DATA|0046a468|14|string|s_glMultMatrixf_0046a468|.data|glMultMatrixf
DATA|0046a478|14|string|s_glMultMatrixd_0046a478|.data|glMultMatrixd
DATA|0046a488|13|string|s_glMatrixMode_0046a488|.data|glMatrixMode
DATA|0046a498|13|string|s_glMaterialiv_0046a498|.data|glMaterialiv
DATA|0046a4a8|12|string|s_glMateriali_0046a4a8|.data|glMateriali
DATA|0046a4b4|13|string|s_glMaterialfv_0046a4b4|.data|glMaterialfv
DATA|0046a4c4|12|string|s_glMaterialf_0046a4c4|.data|glMaterialf
DATA|0046a4d0|12|string|s_glMapGrid2f_0046a4d0|.data|glMapGrid2f
DATA|0046a4dc|12|string|s_glMapGrid2d_0046a4dc|.data|glMapGrid2d
DATA|0046a4e8|12|string|s_glMapGrid1f_0046a4e8|.data|glMapGrid1f
DATA|0046a4f4|12|string|s_glMapGrid1d_0046a4f4|.data|glMapGrid1d
DATA|0046a500|8|string|s_glMap2f_0046a500|.data|glMap2f
DATA|0046a508|8|string|s_glMap2d_0046a508|.data|glMap2d
DATA|0046a510|8|string|s_glMap1f_0046a510|.data|glMap1f
DATA|0046a518|8|string|s_glMap1d_0046a518|.data|glMap1d
DATA|0046a520|10|string|s_glLogicOp_0046a520|.data|glLogicOp
DATA|0046a52c|11|string|s_glLoadName_0046a52c|.data|glLoadName
DATA|0046a538|14|string|s_glLoadMatrixf_0046a538|.data|glLoadMatrixf
DATA|0046a548|14|string|s_glLoadMatrixd_0046a548|.data|glLoadMatrixd
DATA|0046a558|15|string|s_glLoadIdentity_0046a558|.data|glLoadIdentity
DATA|0046a568|11|string|s_glListBase_0046a568|.data|glListBase
DATA|0046a574|12|string|s_glLineWidth_0046a574|.data|glLineWidth
DATA|0046a580|14|string|s_glLineStipple_0046a580|.data|glLineStipple
DATA|0046a590|10|string|s_glLightiv_0046a590|.data|glLightiv
DATA|0046a59c|9|string|s_glLighti_0046a59c|.data|glLighti
DATA|0046a5a8|10|string|s_glLightfv_0046a5a8|.data|glLightfv
DATA|0046a5b4|9|string|s_glLightf_0046a5b4|.data|glLightf
DATA|0046a5c0|15|string|s_glLightModeliv_0046a5c0|.data|glLightModeliv
DATA|0046a5d0|14|string|s_glLightModeli_0046a5d0|.data|glLightModeli
DATA|0046a5e0|15|string|s_glLightModelfv_0046a5e0|.data|glLightModelfv
DATA|0046a5f0|14|string|s_glLightModelf_0046a5f0|.data|glLightModelf
DATA|0046a600|12|string|s_glIsTexture_0046a600|.data|glIsTexture
DATA|0046a60c|9|string|s_glIsList_0046a60c|.data|glIsList
DATA|0046a618|12|string|s_glIsEnabled_0046a618|.data|glIsEnabled
DATA|0046a624|20|string|s_glInterleavedArrays_0046a624|.data|glInterleavedArrays
DATA|0046a638|12|string|s_glInitNames_0046a638|.data|glInitNames
DATA|0046a644|11|string|s_glIndexubv_0046a644|.data|glIndexubv
DATA|0046a650|10|string|s_glIndexub_0046a650|.data|glIndexub
DATA|0046a65c|10|string|s_glIndexsv_0046a65c|.data|glIndexsv
DATA|0046a668|9|string|s_glIndexs_0046a668|.data|glIndexs
DATA|0046a674|10|string|s_glIndexiv_0046a674|.data|glIndexiv
DATA|0046a680|9|string|s_glIndexi_0046a680|.data|glIndexi
DATA|0046a68c|10|string|s_glIndexfv_0046a68c|.data|glIndexfv
DATA|0046a698|9|string|s_glIndexf_0046a698|.data|glIndexf
DATA|0046a6a4|10|string|s_glIndexdv_0046a6a4|.data|glIndexdv
DATA|0046a6b0|9|string|s_glIndexd_0046a6b0|.data|glIndexd
DATA|0046a6bc|15|string|s_glIndexPointer_0046a6bc|.data|glIndexPointer
DATA|0046a6cc|12|string|s_glIndexMask_0046a6cc|.data|glIndexMask
DATA|0046a6d8|7|string|s_glHint_0046a6d8|.data|glHint
DATA|0046a6e0|20|string|s_glGetTexParameteriv_0046a6e0|.data|glGetTexParameteriv
DATA|0046a6f4|20|string|s_glGetTexParameterfv_0046a6f4|.data|glGetTexParameterfv
DATA|0046a708|25|string|s_glGetTexLevelParameteriv_0046a708|.data|glGetTexLevelParameteriv
DATA|0046a724|25|string|s_glGetTexLevelParameterfv_0046a724|.data|glGetTexLevelParameterfv
DATA|0046a740|14|string|s_glGetTexImage_0046a740|.data|glGetTexImage
DATA|0046a750|14|string|s_glGetTexGeniv_0046a750|.data|glGetTexGeniv
DATA|0046a760|14|string|s_glGetTexGenfv_0046a760|.data|glGetTexGenfv
DATA|0046a770|14|string|s_glGetTexGendv_0046a770|.data|glGetTexGendv
DATA|0046a780|14|string|s_glGetTexEnviv_0046a780|.data|glGetTexEnviv
DATA|0046a790|14|string|s_glGetTexEnvfv_0046a790|.data|glGetTexEnvfv
DATA|0046a7a0|12|string|s_glGetString_0046a7a0|.data|glGetString
DATA|0046a7ac|20|string|s_glGetPolygonStipple_0046a7ac|.data|glGetPolygonStipple
DATA|0046a7c0|14|string|s_glGetPointerv_0046a7c0|.data|glGetPointerv
DATA|0046a7d0|17|string|s_glGetPixelMapusv_0046a7d0|.data|glGetPixelMapusv
DATA|0046a7e4|17|string|s_glGetPixelMapuiv_0046a7e4|.data|glGetPixelMapuiv
DATA|0046a7f8|16|string|s_glGetPixelMapfv_0046a7f8|.data|glGetPixelMapfv
DATA|0046a808|16|string|s_glGetMaterialiv_0046a808|.data|glGetMaterialiv
DATA|0046a818|16|string|s_glGetMaterialfv_0046a818|.data|glGetMaterialfv
DATA|0046a828|11|string|s_glGetMapiv_0046a828|.data|glGetMapiv
DATA|0046a834|11|string|s_glGetMapfv_0046a834|.data|glGetMapfv
DATA|0046a840|11|string|s_glGetMapdv_0046a840|.data|glGetMapdv
DATA|0046a84c|13|string|s_glGetLightiv_0046a84c|.data|glGetLightiv
DATA|0046a85c|13|string|s_glGetLightfv_0046a85c|.data|glGetLightfv
DATA|0046a86c|14|string|s_glGetIntegerv_0046a86c|.data|glGetIntegerv
DATA|0046a87c|12|string|s_glGetFloatv_0046a87c|.data|glGetFloatv
DATA|0046a888|11|string|s_glGetError_0046a888|.data|glGetError
DATA|0046a894|13|string|s_glGetDoublev_0046a894|.data|glGetDoublev
DATA|0046a8a4|15|string|s_glGetClipPlane_0046a8a4|.data|glGetClipPlane
DATA|0046a8b4|14|string|s_glGetBooleanv_0046a8b4|.data|glGetBooleanv
DATA|0046a8c4|14|string|s_glGenTextures_0046a8c4|.data|glGenTextures
DATA|0046a8d4|11|string|s_glGenLists_0046a8d4|.data|glGenLists
DATA|0046a8e0|10|string|s_glFrustum_0046a8e0|.data|glFrustum
DATA|0046a8ec|12|string|s_glFrontFace_0046a8ec|.data|glFrontFace
DATA|0046a8f8|8|string|s_glFogiv_0046a8f8|.data|glFogiv
DATA|0046a900|7|string|s_glFogi_0046a900|.data|glFogi
DATA|0046a908|8|string|s_glFogfv_0046a908|.data|glFogfv
DATA|0046a910|7|string|s_glFogf_0046a910|.data|glFogf
DATA|0046a918|8|string|s_glFlush_0046a918|.data|glFlush
DATA|0046a920|9|string|s_glFinish_0046a920|.data|glFinish
DATA|0046a92c|17|string|s_glFeedbackBuffer_0046a92c|.data|glFeedbackBuffer
DATA|0046a940|13|string|s_glEvalPoint2_0046a940|.data|glEvalPoint2
DATA|0046a950|13|string|s_glEvalPoint1_0046a950|.data|glEvalPoint1
DATA|0046a960|12|string|s_glEvalMesh2_0046a960|.data|glEvalMesh2
DATA|0046a96c|12|string|s_glEvalMesh1_0046a96c|.data|glEvalMesh1
DATA|0046a978|15|string|s_glEvalCoord2fv_0046a978|.data|glEvalCoord2fv
DATA|0046a988|14|string|s_glEvalCoord2f_0046a988|.data|glEvalCoord2f
DATA|0046a998|15|string|s_glEvalCoord2dv_0046a998|.data|glEvalCoord2dv
DATA|0046a9a8|14|string|s_glEvalCoord2d_0046a9a8|.data|glEvalCoord2d
DATA|0046a9b8|15|string|s_glEvalCoord1fv_0046a9b8|.data|glEvalCoord1fv
DATA|0046a9c8|14|string|s_glEvalCoord1f_0046a9c8|.data|glEvalCoord1f
DATA|0046a9d8|15|string|s_glEvalCoord1dv_0046a9d8|.data|glEvalCoord1dv
DATA|0046a9e8|14|string|s_glEvalCoord1d_0046a9e8|.data|glEvalCoord1d
DATA|0046a9f8|10|string|s_glEndList_0046a9f8|.data|glEndList
DATA|0046aa04|6|string|s_glEnd_0046aa04|.data|glEnd
DATA|0046aa0c|20|string|s_glEnableClientState_0046aa0c|.data|glEnableClientState
DATA|0046aa20|9|string|s_glEnable_0046aa20|.data|glEnable
DATA|0046aa2c|12|string|s_glEdgeFlagv_0046aa2c|.data|glEdgeFlagv
DATA|0046aa38|18|string|s_glEdgeFlagPointer_0046aa38|.data|glEdgeFlagPointer
DATA|0046aa4c|11|string|s_glEdgeFlag_0046aa4c|.data|glEdgeFlag
DATA|0046aa58|13|string|s_glDrawPixels_0046aa58|.data|glDrawPixels
DATA|0046aa68|15|string|s_glDrawElements_0046aa68|.data|glDrawElements
DATA|0046aa78|13|string|s_glDrawBuffer_0046aa78|.data|glDrawBuffer
DATA|0046aa88|13|string|s_glDrawArrays_0046aa88|.data|glDrawArrays
DATA|0046aa98|21|string|s_glDisableClientState_0046aa98|.data|glDisableClientState
DATA|0046aab0|10|string|s_glDisable_0046aab0|.data|glDisable
DATA|0046aabc|13|string|s_glDepthRange_0046aabc|.data|glDepthRange
DATA|0046aacc|12|string|s_glDepthMask_0046aacc|.data|glDepthMask
DATA|0046aad8|12|string|s_glDepthFunc_0046aad8|.data|glDepthFunc
DATA|0046aae4|17|string|s_glDeleteTextures_0046aae4|.data|glDeleteTextures
DATA|0046aaf8|14|string|s_glDeleteLists_0046aaf8|.data|glDeleteLists
DATA|0046ab08|11|string|s_glCullFace_0046ab08|.data|glCullFace
DATA|0046ab14|20|string|s_glCopyTexSubImage2D_0046ab14|.data|glCopyTexSubImage2D
DATA|0046ab28|20|string|s_glCopyTexSubImage1D_0046ab28|.data|glCopyTexSubImage1D
DATA|0046ab3c|17|string|s_glCopyTexImage2D_0046ab3c|.data|glCopyTexImage2D
DATA|0046ab50|17|string|s_glCopyTexImage1D_0046ab50|.data|glCopyTexImage1D
DATA|0046ab64|13|string|s_glCopyPixels_0046ab64|.data|glCopyPixels
DATA|0046ab74|15|string|s_glColorPointer_0046ab74|.data|glColorPointer
DATA|0046ab84|16|string|s_glColorMaterial_0046ab84|.data|glColorMaterial
DATA|0046ab94|12|string|s_glColorMask_0046ab94|.data|glColorMask
DATA|0046aba0|12|string|s_glColor4usv_0046aba0|.data|glColor4usv
DATA|0046abac|11|string|s_glColor4us_0046abac|.data|glColor4us
DATA|0046abb8|12|string|s_glColor4uiv_0046abb8|.data|glColor4uiv
DATA|0046abc4|11|string|s_glColor4ui_0046abc4|.data|glColor4ui
DATA|0046abd0|12|string|s_glColor4ubv_0046abd0|.data|glColor4ubv
DATA|0046abdc|11|string|s_glColor4ub_0046abdc|.data|glColor4ub
DATA|0046abe8|11|string|s_glColor4sv_0046abe8|.data|glColor4sv
DATA|0046abf4|10|string|s_glColor4s_0046abf4|.data|glColor4s
DATA|0046ac00|11|string|s_glColor4iv_0046ac00|.data|glColor4iv
DATA|0046ac0c|10|string|s_glColor4i_0046ac0c|.data|glColor4i
DATA|0046ac18|11|string|s_glColor4fv_0046ac18|.data|glColor4fv
DATA|0046ac24|10|string|s_glColor4f_0046ac24|.data|glColor4f
DATA|0046ac30|11|string|s_glColor4dv_0046ac30|.data|glColor4dv
DATA|0046ac3c|10|string|s_glColor4d_0046ac3c|.data|glColor4d
DATA|0046ac48|11|string|s_glColor4bv_0046ac48|.data|glColor4bv
DATA|0046ac54|10|string|s_glColor4b_0046ac54|.data|glColor4b
DATA|0046ac60|12|string|s_glColor3usv_0046ac60|.data|glColor3usv
DATA|0046ac6c|11|string|s_glColor3us_0046ac6c|.data|glColor3us
DATA|0046ac78|12|string|s_glColor3uiv_0046ac78|.data|glColor3uiv
DATA|0046ac84|11|string|s_glColor3ui_0046ac84|.data|glColor3ui
DATA|0046ac90|12|string|s_glColor3ubv_0046ac90|.data|glColor3ubv
DATA|0046ac9c|11|string|s_glColor3ub_0046ac9c|.data|glColor3ub
DATA|0046aca8|11|string|s_glColor3sv_0046aca8|.data|glColor3sv
DATA|0046acb4|10|string|s_glColor3s_0046acb4|.data|glColor3s
DATA|0046acc0|11|string|s_glColor3iv_0046acc0|.data|glColor3iv
DATA|0046accc|10|string|s_glColor3i_0046accc|.data|glColor3i
DATA|0046acd8|11|string|s_glColor3fv_0046acd8|.data|glColor3fv
DATA|0046ace4|10|string|s_glColor3f_0046ace4|.data|glColor3f
DATA|0046acf0|11|string|s_glColor3dv_0046acf0|.data|glColor3dv
DATA|0046acfc|10|string|s_glColor3d_0046acfc|.data|glColor3d
DATA|0046ad08|11|string|s_glColor3bv_0046ad08|.data|glColor3bv
DATA|0046ad14|10|string|s_glColor3b_0046ad14|.data|glColor3b
DATA|0046ad20|12|string|s_glClipPlane_0046ad20|.data|glClipPlane
DATA|0046ad2c|15|string|s_glClearStencil_0046ad2c|.data|glClearStencil
DATA|0046ad3c|13|string|s_glClearIndex_0046ad3c|.data|glClearIndex
DATA|0046ad4c|13|string|s_glClearDepth_0046ad4c|.data|glClearDepth
DATA|0046ad5c|13|string|s_glClearColor_0046ad5c|.data|glClearColor
DATA|0046ad6c|13|string|s_glClearAccum_0046ad6c|.data|glClearAccum
DATA|0046ad7c|8|string|s_glClear_0046ad7c|.data|glClear
DATA|0046ad84|12|string|s_glCallLists_0046ad84|.data|glCallLists
DATA|0046ad90|11|string|s_glCallList_0046ad90|.data|glCallList
DATA|0046ad9c|12|string|s_glBlendFunc_0046ad9c|.data|glBlendFunc
DATA|0046ada8|9|string|s_glBitmap_0046ada8|.data|glBitmap
DATA|0046adb4|14|string|s_glBindTexture_0046adb4|.data|glBindTexture
DATA|0046adc4|8|string|s_glBegin_0046adc4|.data|glBegin
DATA|0046adcc|15|string|s_glArrayElement_0046adcc|.data|glArrayElement
DATA|0046addc|22|string|s_glAreTexturesResident_0046addc|.data|glAreTexturesResident
DATA|0046adf4|12|string|s_glAlphaFunc_0046adf4|.data|glAlphaFunc
DATA|0046ae00|8|string|s_glAccum_0046ae00|.data|glAccum
DATA|0046ae08|38|string|s_erreur:_fenetre_principale_inval_0046ae08|.data|erreur: fenetre principale invalide  
DATA|0046ae30|17|string|s_BBLIT_Res_window_0046ae30|.data|BBLIT Res window
DATA|0046ae44|43|string|s_file:_%s_l:_%d_->msg:_GetDisplay_0046ae44|.data|file: %s  l: %d     ->msg: GetDisplayMode 
DATA|0046ae70|29|string|s_D:\Projets\Bugs\src\Pcrogl.c_0046ae70|.data|D:\Projets\Bugs\src\Pcrogl.c
DATA|0046ae90|45|string|s_file:_%s_l:_%d_->msg:_DirectDraw_0046ae90|.data|file: %s  l: %d     ->msg: DirectDrawCreate 
DATA|0046aec0|4|undefined *|PTR_DAT_0046aec0|.data|005a84e0
DATA|0046aec4|4|undefined *|PTR_DAT_0046aec4|.data|005e84e0
DATA|0046aec8|4|undefined *|PTR_DAT_0046aec8|.data|005b84e0
DATA|0046aecc|4|undefined *|PTR_DAT_0046aecc|.data|005d84e0
DATA|0046aed0|4|undefined *|PTR_DAT_0046aed0|.data|005c84e0
DATA|0046aedc|4|undefined4|DAT_0046aedc|.data|0x706d622e
DATA|0046aee0|1|undefined1|DAT_0046aee0|.data|0x0
DATA|0046aee4|20|string|s_..\data\default.bmp_0046aee4|.data|..\data\default.bmp
DATA|0046af00|52|string|s_file:_%s_l:_%d_->msg:_DirectDraw_0046af00|.data|file: %s  l: %d     ->msg: DirectDrawCreate failed 
DATA|0046af34|31|string|s_D:\Projets\Bugs\src\pcrsoft8.c_0046af34|.data|D:\Projets\Bugs\src\pcrsoft8.c
DATA|0046af58|4|undefined4|DAT_0046af58|.data|0x140
DATA|0046af5c|4|undefined4|DAT_0046af5c|.data|0xf0
DATA|0046af60|4|undefined4|DAT_0046af60|.data|0x18
DATA|0046af64|4|undefined4|DAT_0046af64|.data|0x3
DATA|0046af68|4|undefined4|DAT_0046af68|.data|0x12c00
DATA|0046af6c|4|undefined4|DAT_0046af6c|.data|0x140
DATA|0046af70|4|pointer|PTR_DAT_0046af70|.data|005a7c20
DATA|004abf78|4|undefined4|DAT_004abf78|.data|0x28
DATA|004abf80|4|undefined4|DAT_004abf80|.data|0x1
DATA|004abf8c|4|undefined4|DAT_004abf8c|.data|0x1
DATA|004abf90|4|undefined4|DAT_004abf90|.data|-0x1
DATA|004abf94|4|undefined4|DAT_004abf94|.data|0x63
DATA|004abf98|4|undefined4|DAT_004abf98|.data|-0x1
DATA|004abf9c|4|undefined4|DAT_004abf9c|.data|0x1
DATA|004abfa0|20|string|s_..\track\Track%d.xa_004abfa0|.data|..\track\Track%d.xa
DATA|004abfb4|24|string|s_..\Speeches\Speech00.xa_004abfb4|.data|..\Speeches\Speech00.xa
DATA|004abfcc|26|string|s_..\speeches\Speech%02d.xa_004abfcc|.data|..\speeches\Speech%02d.xa
DATA|004abfe8|1|undefined1|DAT_004abfe8|.data|0x53
DATA|004abfe9|1|undefined1|DAT_004abfe9|.data|0x53
DATA|004abfea|1|undefined1|DAT_004abfea|.data|0x4e
DATA|004abfeb|1|undefined1|DAT_004abfeb|.data|0x44
DATA|004abff0|1|undefined1|DAT_004abff0|.data|0x49
DATA|004abff1|1|undefined1|DAT_004abff1|.data|0x4e
DATA|004abff2|1|undefined1|DAT_004abff2|.data|0x53
DATA|004abff3|1|undefined1|DAT_004abff3|.data|0x54
DATA|004abff8|1|undefined1|DAT_004abff8|.data|0x43
DATA|004abff9|1|undefined1|DAT_004abff9|.data|0x4f
DATA|004abffa|1|undefined1|DAT_004abffa|.data|0x4d
DATA|004abffb|1|undefined1|DAT_004abffb|.data|0x4d
DATA|004ac000|1|undefined1|DAT_004ac000|.data|0x4d
DATA|004ac001|1|undefined1|DAT_004ac001|.data|0x41
DATA|004ac002|1|undefined1|DAT_004ac002|.data|0x52
DATA|004ac003|1|undefined1|DAT_004ac003|.data|0x4b
DATA|004ac008|1|undefined1|DAT_004ac008|.data|0x52
DATA|004ac009|1|undefined1|DAT_004ac009|.data|0x49
DATA|004ac00a|1|undefined1|DAT_004ac00a|.data|0x46
DATA|004ac00b|1|undefined1|DAT_004ac00b|.data|0x46
DATA|004ac010|4|undefined4|DAT_004ac010|.data|0x9
DATA|004ac024|4|undefined4|DAT_004ac024|.data|0x200
DATA|004ac028|4|undefined4|DAT_004ac028|.data|0x302
DATA|004ac02c|4|undefined4|DAT_004ac02c|.data|0x303
DATA|004ac030|4|undefined4|DAT_004ac030|.data|0x1
DATA|004ac034|4|undefined4|DAT_004ac034|.data|0x1
DATA|004ac040|4|undefined4|DAT_004ac040|.data|0x20
DATA|004ac044|9|string|s_Direct3D_004ac044|.data|Direct3D
DATA|004ac050|7|string|s_Real3D_004ac050|.data|Real3D
DATA|004ac060|7|string|s_NVIDIA_004ac060|.data|NVIDIA
DATA|004ac068|9|string|s_RAGE_PRO_004ac068|.data|RAGE PRO
DATA|004ac078|10|string|s_RENDITION_004ac078|.data|RENDITION
DATA|004ac094|4|undefined4|DAT_004ac094|.data|0x10
DATA|004ac0b4|4|undefined4|DAT_004ac0b4|.data|0x10
DATA|004ac0bc|4|undefined4|DAT_004ac0bc|.data|0x1
DATA|004ac0c0|4|undefined4|DAT_004ac0c0|.data|0x0
DATA|004ac0c8|4|undefined4|DAT_004ac0c8|.data|0x2
DATA|004ac0d0|4|undefined4|DAT_004ac0d0|.data|0x0
DATA|004ac0d8|4|undefined4|DAT_004ac0d8|.data|0x0
DATA|004ac0dc|4|undefined4|DAT_004ac0dc|.data|0x3ff00000
DATA|004ac0e0|4|undefined4|DAT_004ac0e0|.data|0x0
DATA|004ac0e4|4|undefined4|DAT_004ac0e4|.data|0x3ff00000
DATA|004ac118|4|pointer|PTR_FUN_004ac118|.data|00425f10
DATA|004ac11c|4|pointer|PTR_DAT_004ac11c|.data|004b5d40
DATA|004ac128|4|undefined4|DAT_004ac128|.data|0x5
DATA|004ac12c|4|pointer|PTR_DAT_004ac12c|.data|004b5d40
DATA|004ac170|6|string|s_/sort_004ac170|.data|/sort
DATA|004ac178|6|string|s_/SORT_004ac178|.data|/SORT
DATA|004ac1b8|23|string|s_Creating_Inverse_Map_004ac1b8|.data| Creating Inverse Map 
DATA|004ac1d0|11|string|s_trying_%s_004ac1d0|.data|trying %s 
DATA|004ac1e0|33|string|s_FAILED_to_open_output_file_:_%s_004ac1e0|.data|FAILED to open output file : %s 
DATA|004ac204|10|string|s_oops_n_004ac204|.data|   oops n
DATA|004ac210|13|string|s_Color_%-3i_004ac210|.data|Color %-3i  
DATA|004ac220|28|string|s_Writing_Adding_table_:_%s_004ac220|.data| Writing Adding table : %s 
DATA|004ac23c|25|string|s_Building_Adding_Table_004ac23c|.data| Building Adding Table  
DATA|004ac258|36|string|s_Writing_Alpha_Blending_table_:_%_004ac258|.data| Writing Alpha Blending table : %s 
DATA|004ac27c|24|string|s_Building_Alpha_Table_004ac27c|.data| Building Alpha Table  
DATA|004ac294|33|string|s_Writing_Reverse_Map_table_:_%s_004ac294|.data| Writing Reverse Map table : %s 
DATA|004ac2b8|29|string|s_Building_ReverseMap_Table_004ac2b8|.data| Building ReverseMap Table  
DATA|004ac2e0|38|string|s_Error_allocating_%ld_bytes_in_ge_004ac2e0|.data|Error allocating %ld bytes in getMem 
DATA|004ac308|4|undefined4|DAT_004ac308|.data|0x2
DATA|004ac30c|4|pointer|PTR_s_NoVendorName_004ac30c|.data|004ac328
DATA|004ac310|4|pointer|PTR_s_CyrixInstead_004ac310|.data|004ac318
DATA|004ac314|4|undefined4|DAT_004ac314|.data|0x1
DATA|004ac318|16|string|s_CyrixInstead_004ac318|.data|CyrixInstead
DATA|004ac328|16|string|s_NoVendorName_004ac328|.data|NoVendorName
DATA|004ac350|47|string|s_HARDWARE\DESCRIPTION\System\Cent_004ac350|.data|HARDWARE\DESCRIPTION\System\CentralProcessor\0
DATA|004ac380|24|string|s_Number_of_Processor_%d_004ac380|.data|Number of Processor %d 
DATA|004ac398|14|string|s_CPU_speed_%i_004ac398|.data|CPU speed %i 
DATA|004ac3a8|17|string|s_CPU_has_mmx?_%s_004ac3a8|.data|CPU has mmx? %s 
DATA|004ac3bc|14|string|s_CPU_has_fpu_004ac3bc|.data|CPU has fpu  
DATA|004ac3cc|17|string|s_CPU_model_is_%d_004ac3cc|.data|CPU model is %d 
DATA|004ac3e0|18|string|s_CPU_family_is_%d_004ac3e0|.data|CPU family is %d 
DATA|004ac3f4|18|string|s_CPU_vender_is_%s_004ac3f4|.data|CPU vender is %s 
DATA|004ac408|31|string|s_CPU_has_cpuid_instruction?_%s_004ac408|.data|CPU has cpuid instruction? %s 
DATA|004ac430|17|string|s_Build_number_%d_004ac430|.data|Build number %d 
DATA|004ac444|15|string|s_Version_%d.%d_004ac444|.data|Version %d.%d 
DATA|004ac454|18|string|s_Platform_is_WIN_004ac454|.data|Platform is WIN  
DATA|004ac468|18|string|s_Platform_is_DOS_004ac468|.data|Platform is DOS  
DATA|004ac47c|17|string|s_Platform_is_NT_004ac47c|.data|Platform is NT  
DATA|004ac490|20|string|s_Platform_is_WIN95_004ac490|.data|Platform is WIN95  
DATA|004ac4a4|33|string|s_AvailVirtual(free_user_byte)_%d_004ac4a4|.data|AvailVirtual(free user byte) %d 
DATA|004ac4c8|46|string|s_TotalVirtual(user_bytes_of_addre_004ac4c8|.data|TotalVirtual(user bytes of address space) %d 
DATA|004ac4f8|41|string|s_AvailPhys(free_physical_mem_in_b_004ac4f8|.data|AvailPhys(free physical mem in byte) %d 
DATA|004ac524|36|string|s_TotalPhys(physical_mem_in_byte)_%_004ac524|.data|TotalPhys(physical mem in byte) %d 
DATA|004ac548|4|undefined4|DAT_004ac548|.data|0xa0a
DATA|004ac550|4|undefined *|PTR_LAB_004ac550|.data|0042a800
DATA|004ac554|4|undefined *||.data|0042a810
DATA|004ac558|4|undefined *||.data|0042aa70
DATA|004ac55c|4|undefined *||.data|0042a8b0
DATA|004ac560|4|undefined *||.data|0042ab30
DATA|004ac564|4|undefined *||.data|0042a950
DATA|004ac568|4|undefined *||.data|0042abb0
DATA|004ac56c|4|undefined *||.data|0042a970
DATA|004ac570|4|undefined *||.data|0042abd0
DATA|004ac574|4|undefined *||.data|0042aa10
DATA|004ac578|4|undefined *||.data|0042ac50
DATA|004ac57c|4|undefined *||.data|0042acd0
DATA|004ac580|4|undefined *||.data|0042ad40
DATA|004ac584|4|undefined *||.data|0042add0
DATA|004ac588|4|undefined *||.data|0042adf0
DATA|004ac58c|4|undefined *||.data|0042a830
DATA|004ac590|4|undefined *||.data|0042aaa0
DATA|004ac594|4|undefined *||.data|0042ae30
DATA|004ac598|4|undefined *||.data|0042aee0
DATA|004ac59c|4|undefined *||.data|0042af90
DATA|004ac5a0|4|undefined *||.data|0042b040
DATA|004ac5a4|4|undefined *||.data|0042b0f0
DATA|004ac5a8|4|undefined *||.data|0042b110
DATA|004ac5ac|4|undefined *||.data|0042b130
DATA|004ac5b0|4|undefined *||.data|0042b150
DATA|004ac5b4|4|undefined *||.data|0042b190
DATA|004ac5b8|4|undefined *||.data|0042b1d0
DATA|004ac5bc|4|undefined *||.data|0042b220
DATA|004ac5c0|4|undefined *||.data|0042b260
DATA|004ac5c4|4|undefined *||.data|0042b2a0
DATA|004ac5c8|4|undefined *||.data|0042aa30
DATA|004ac5cc|4|undefined *||.data|0042ac70
DATA|004ac5d0|4|undefined *||.data|0042acf0
DATA|004ac5d4|4|undefined *||.data|0042b600
DATA|004ac5d8|4|undefined *||.data|0042aa50
DATA|004ac5dc|4|undefined *||.data|0042aca0
DATA|004ac5e0|4|undefined *||.data|0042ad10
DATA|004ac5e4|4|undefined *||.data|0042a860
DATA|004ac5e8|4|undefined *||.data|0042aad0
DATA|004ac5ec|4|undefined *||.data|0042aa50
DATA|004ac5f0|4|undefined *||.data|0042aca0
DATA|004ac5f4|4|undefined *||.data|0042ad90
DATA|004ac5f8|4|undefined *||.data|0042adb0
DATA|004ac5fc|4|undefined *||.data|0042ade0
DATA|004ac600|4|undefined *||.data|0042ae10
DATA|004ac604|4|undefined *||.data|0042b2e0
DATA|004ac608|4|undefined *||.data|0042b2f0
DATA|004ac60c|4|undefined *||.data|0042b310
DATA|004ac610|4|undefined *||.data|0042ad20
DATA|004ac614|4|undefined *||.data|0042b340
DATA|004ac618|4|undefined *||.data|0042b380
DATA|004ac61c|4|undefined *||.data|0042b3d0
DATA|004ac620|4|undefined *||.data|0042b3f0
DATA|004ac624|4|undefined *||.data|0042b410
DATA|004ac628|4|undefined *||.data|0042b430
DATA|004ac62c|4|undefined *||.data|0042b450
DATA|004ac630|4|undefined *||.data|0042b480
DATA|004ac634|4|undefined *||.data|0042b4a0
DATA|004ac638|4|undefined *||.data|0042b560
DATA|004ac63c|4|undefined *||.data|0042b580
DATA|004ac640|4|undefined *||.data|0042b5a0
DATA|004ac644|4|undefined *||.data|0042a830
DATA|004ac648|4|undefined *||.data|0042aaa0
DATA|004ac64c|4|undefined *||.data|0042a880
DATA|004ac650|4|undefined *||.data|0042ab00
DATA|004ac654|4|undefined *||.data|0042a8f0
DATA|004ac658|4|undefined *||.data|0042ab80
DATA|004ac65c|4|undefined *||.data|0042a9b0
DATA|004ac660|4|undefined *||.data|0042ac20
DATA|004ac664|4|undefined *||.data|0042b500
DATA|004ac668|4|undefined *||.data|0042a8d0
DATA|004ac66c|4|undefined *||.data|0042a990
DATA|004ac670|4|undefined *||.data|0042a920
DATA|004ac674|4|undefined *||.data|0042a9e0
DATA|004ac678|4|undefined *||.data|0042b5c0
DATA|004ac67c|4|undefined *||.data|0042b5e0
DATA|004ac680|4|undefined *||.data|0042b600
DATA|004ac684|4|undefined *||.data|0042b620
DATA|004ac688|4|undefined *||.data|0042ad60
DATA|004ac68c|4|undefined *||.data|0042b820
DATA|004ac690|4|undefined *||.data|0042b850
DATA|004ac694|4|undefined *||.data|0042b360
DATA|004ac698|4|undefined *||.data|0042b640
DATA|004ac69c|4|undefined *||.data|0042b740
DATA|004ac6a0|4|undefined *||.data|0042b900
DATA|004ac6a4|4|undefined *||.data|0042b930
DATA|004ac6a8|4|undefined *||.data|0042ba00
DATA|004ac6ac|4|undefined *||.data|0042b990
DATA|004ac6b0|4|undefined *||.data|0042ab50
DATA|004ac6b4|4|undefined *||.data|0042abf0
DATA|004ac6b8|4|undefined *||.data|0042b880
DATA|004ac6bc|4|undefined *||.data|0042b8c0
DATA|004ac6c0|4|undefined *||.data|0042ba20
DATA|004ac6c4|4|undefined *||.data|0042ba70
DATA|004ac6c8|4|undefined *||.data|0042bad0
DATA|004ac6cc|4|undefined *||.data|0042c140
DATA|004ac6d0|4|undefined *||.data|0042c670
DATA|004ac6d4|4|undefined *||.data|0042c680
DATA|004ac6d8|4|undefined *||.data|0042c690
DATA|004ac6e0|4|undefined *|PTR_FUN_004ac6e0|.data|00417010
DATA|004ac6e4|4|undefined *||.data|0042cb20
DATA|004ac6e8|4|undefined *||.data|0042cb30
DATA|004ac6ec|4|undefined *||.data|0042c700
DATA|004ac6f0|4|undefined *||.data|0042c720
DATA|004ac6f4|4|undefined *||.data|0042c7b0
DATA|004ac6f8|4|undefined *||.data|0042c7d0
DATA|004ac6fc|4|undefined *||.data|0042c830
DATA|004ac700|4|undefined *||.data|0042c850
DATA|004ac704|4|undefined *||.data|0042c870
DATA|004ac708|4|undefined *||.data|0042c890
DATA|004ac70c|4|undefined *||.data|0042c8c0
DATA|004ac710|4|undefined *||.data|0042c8e0
DATA|004ac714|4|undefined *||.data|0042c900
DATA|004ac718|4|undefined *||.data|0042c920
DATA|004ac71c|4|undefined *||.data|0042cac0
DATA|004ac720|4|undefined *||.data|0042caf0
DATA|004ac724|4|undefined *||.data|0042cba0
DATA|004ac728|4|undefined *||.data|0042c770
DATA|004ac72c|4|undefined *||.data|0042c790
DATA|004ac730|4|undefined *||.data|0042c940
DATA|004ac734|4|undefined *||.data|0042c960
DATA|004ac738|4|undefined *||.data|0042c9f0
DATA|004ac73c|4|undefined *||.data|0042ca20
DATA|004ac740|4|undefined *||.data|0042cb60
DATA|004ac744|4|undefined *||.data|0042cbd0
DATA|004ac748|4|undefined *||.data|0042cc30
DATA|004ac74c|4|undefined *||.data|0042c990
DATA|004ac750|4|undefined *||.data|0042c9c0
DATA|004ac754|4|undefined *||.data|0042cbe0
DATA|004ac758|4|undefined *||.data|0042ccd0
DATA|004ac75c|4|undefined *||.data|0042ccf0
DATA|004ac760|4|undefined *||.data|0042cd10
DATA|004ac764|4|undefined *||.data|0042cd20
DATA|004ac768|4|undefined *||.data|0042cdd0
DATA|004ac76c|4|undefined *||.data|0042ce00
DATA|004ac770|4|undefined *||.data|0042ce40
DATA|004ac774|4|undefined *||.data|0042ce60
DATA|004ac778|4|undefined *||.data|0042cfe0
DATA|004ac77c|4|undefined *||.data|0042cec0
DATA|004ac780|4|undefined *||.data|0042cee0
DATA|004ac784|4|undefined *||.data|0042d040
DATA|004ac788|4|undefined *||.data|0042d060
DATA|004ac78c|4|undefined *||.data|0042d080
DATA|004ac790|4|undefined *||.data|0042d0a0
DATA|004ac794|4|undefined *||.data|0042d0c0
DATA|004ac798|4|undefined *||.data|0042d0e0
DATA|004ac79c|4|undefined *||.data|0042d100
DATA|004ac7a0|4|undefined *||.data|0042d110
DATA|004ac7a4|4|undefined *||.data|0042d150
DATA|004ac7a8|4|undefined *||.data|0042d170
DATA|004ac7ac|4|undefined *||.data|0042d1c0
DATA|004ac7b0|4|undefined *||.data|0042d1f0
DATA|004ac7b4|4|undefined *||.data|0042d010
DATA|004ac7b8|4|undefined *||.data|0042d220
DATA|004ac7bc|4|undefined *||.data|0042d230
DATA|004ac7c0|4|undefined *||.data|0042d240
DATA|004ac7c4|4|undefined *||.data|0042d270
DATA|004ac7c8|4|undefined *||.data|0042d280
DATA|004ac7cc|4|undefined *||.data|0042d2c0
DATA|004ac7d0|4|undefined *||.data|0042d300
DATA|004ac7d4|4|undefined *||.data|00417010
DATA|004ac7d8|4|undefined *||.data|00417010
DATA|004ac7dc|4|undefined *||.data|0042d370
DATA|004ac7e0|4|undefined *||.data|0042d3a0
DATA|004ac7e4|4|undefined *||.data|00417010
DATA|004ac7e8|4|undefined *||.data|0042d3b0
DATA|004ac7ec|4|undefined *||.data|0042d3d0
DATA|004ac7f0|4|undefined *||.data|0042d460
DATA|004ac7f4|4|undefined *||.data|0042d510
DATA|004ac7f8|4|undefined *||.data|0042d550
DATA|004ac7fc|4|undefined *||.data|0042d590
DATA|004ac800|4|undefined *||.data|0042d5a0
DATA|004ac804|4|undefined *||.data|0042d670
DATA|004ac808|4|undefined *||.data|0042d680
DATA|004ac80c|4|undefined *||.data|0042cf40
DATA|004ac810|4|undefined *||.data|0042cf90
DATA|004ac814|4|undefined *||.data|0042d690
DATA|004ac818|4|undefined *||.data|0042d6b0
DATA|004ac81c|4|undefined *||.data|0042d6d0
DATA|004ac820|4|undefined *||.data|0042d6f0
DATA|004ac824|4|undefined *||.data|0042d750
DATA|004ac828|4|undefined *||.data|0042d7f0
DATA|004ac82c|4|undefined *||.data|0042d830
DATA|004ac830|4|undefined *||.data|0042d820
DATA|004ac834|4|undefined *||.data|0042d840
DATA|004ac838|4|undefined *||.data|0042d050
DATA|004ac83c|4|undefined *||.data|0042d850
DATA|004ac840|4|undefined *||.data|0042d710
DATA|004ac844|4|undefined *||.data|0042d860
DATA|004ac848|4|undefined *||.data|0042d8f0
DATA|004ac84c|4|undefined *||.data|0042d730
DATA|004ac850|4|undefined *||.data|0042d900
DATA|004ac854|4|undefined *||.data|0042d910
DATA|004ac858|4|undefined *||.data|0042da70
DATA|004ac85c|4|undefined *||.data|0042da80
DATA|004ac860|4|undefined *||.data|0042da90
DATA|004ac864|4|undefined *||.data|0042daa0
DATA|004ac868|4|undefined *||.data|0042dab0
DATA|004ac86c|4|undefined *||.data|0042dac0
DATA|004ac870|4|undefined *||.data|0042dae0
DATA|004ac874|4|undefined *||.data|0042dad0
DATA|004ac878|4|undefined *||.data|0042dbe0
DATA|004ac87c|4|undefined *||.data|0042dc20
DATA|004ac880|4|undefined *||.data|0042dc50
DATA|004ac884|4|undefined *||.data|0042dc90
DATA|004ac888|4|undefined *||.data|0042dcd0
DATA|004ac88c|4|undefined *||.data|0042dd50
DATA|004ac890|4|undefined *||.data|0042de30
DATA|004ac894|4|undefined *||.data|0042de70
DATA|004ac898|4|undefined *||.data|0042de90
DATA|004ac89c|4|undefined *||.data|0042deb0
DATA|004ac8a0|4|undefined *||.data|0042def0
DATA|004ac8a4|4|undefined *||.data|0042df10
DATA|004ac8a8|4|undefined *||.data|0042df70
DATA|004ac8ac|4|undefined *||.data|0042dfc0
DATA|004ac8b0|4|undefined *||.data|0042dfe0
DATA|004ac8b4|4|undefined *||.data|0042e030
DATA|004ac8b8|4|undefined *||.data|0042e050
DATA|004ac8bc|4|undefined *||.data|0042e1c0
DATA|004ac8c0|4|undefined *||.data|0042e210
DATA|004ac8c4|4|undefined *||.data|0042e220
DATA|004ac8c8|4|undefined *||.data|0042e230
DATA|004ac8cc|4|undefined *||.data|0042e260
DATA|004ac8d0|4|undefined *||.data|0042e290
DATA|004ac8d4|4|undefined *||.data|0042e2c0
DATA|004ac8d8|4|undefined *||.data|0042e2f0
DATA|004ac8dc|4|undefined *||.data|0042e320
DATA|004ac8e0|4|undefined *||.data|0042e350
DATA|004ac8e8|19|string|s_..\BZE\TITLE.BZE;1_004ac8e8|.data|..\BZE\TITLE.BZE;1
DATA|004ac900|24|string||.data|..\BZE\LOADING.BZE;1
DATA|004ac918|24|string||.data|..\BZE\LANGUAGE.BZE;1
DATA|004ace28|24|string||.data|..\BZE\CCINTRO.BZE;1
DATA|004acf78|24|string||.data|..\BZE\CCMERLIN.BZE;1
DATA|004acfa8|24|string||.data|..\BZE\CREDITS.BZE;1
DATA|004ad050|24|string||.data|..\BZE\SCREEN2.BZE;1
DATA|004ad140|24|string||.data|..\BZE\L_FLOAD.BZE;1
DATA|004ad158|24|string||.data|..\BZE\L_FLOAD2.BZE;1
DATA|004ad170|24|string||.data|..\BZE\L_FRIDE.BZE;1
DATA|004ad218|24|string||.data|..\BZE\L_PCANON.BZE;1
DATA|004ad2a8|24|string||.data|..\BZE\L_SALOAD.BZE;1
DATA|004ad2f0|24|string||.data|..\BZE\L_MERLIN.BZE;1
DATA|004ad308|24|string||.data|..\BZE\L_THALL.BZE;1
DATA|004ad368|20|string||.data|..\XA\SPEECHES.XA;1
DATA|004ad380|4|pointer|PTR_s_..\BZE\TITLE.BZE;1_004ad380|.data|004ac8e8
DATA|004adaa0|7|string|s_%s:_%s_004adaa0|.data|%s: %s
DATA|004adaa8|2|undefined2|DAT_004adaa8|.data|0x0
DATA|004adaaa|2|undefined2|DAT_004adaaa|.data|0x155
DATA|004adad8|2|undefined2|DAT_004adad8|.data|0x0
DATA|004adada|2|undefined2|DAT_004adada|.data|0x190
DATA|004adadc|2|undefined2|DAT_004adadc|.data|0x190
DATA|004adade|2|undefined2|DAT_004adade|.data|0x190
DATA|004add98|2|undefined2|DAT_004add98|.data|0x0
DATA|004add9a|2|undefined2|DAT_004add9a|.data|0x0
DATA|004addb0|2|undefined2|DAT_004addb0|.data|0x0
DATA|004adddc|2|undefined2|DAT_004adddc|.data|-0xb1
DATA|004adf30|2|undefined2|DAT_004adf30|.data|0x0
DATA|004adff8|2|undefined2|DAT_004adff8|.data|0x3f0
DATA|004ae098|4|undefined *|PTR_LAB_004ae098|.data|0043eee0
DATA|004ae09c|4|undefined *||.data|0043a880
DATA|004ae0a0|4|undefined *||.data|004455e0
DATA|004ae0a4|4|undefined *||.data|00417010
DATA|004ae0a8|4|undefined *||.data|004452a0
DATA|004ae0ac|4|undefined *|PTR_LAB_004ae0ac|.data|00445a60
DATA|004ae0b0|4|undefined *||.data|00447490
DATA|004ae0b4|4|undefined *||.data|00417010
DATA|004ae0b8|4|undefined *||.data|0043efc0
DATA|004ae0bc|4|undefined *||.data|004471c0
DATA|004ae0c0|4|undefined *||.data|00447280
DATA|004ae0c4|4|undefined *||.data|00417010
DATA|004ae0c8|4|undefined *||.data|0043f420
DATA|004ae0cc|4|undefined *||.data|0043f470
DATA|004ae0d0|4|undefined *||.data|00440120
DATA|004ae0d4|4|undefined *||.data|00417010
DATA|004ae0d8|4|undefined *||.data|004445e0
DATA|004ae0dc|4|undefined *||.data|00417010
DATA|004ae0e0|4|undefined *||.data|0043f430
DATA|004ae0e4|4|undefined *||.data|0043f460
DATA|004ae0e8|4|undefined *||.data|00445500
DATA|004ae0ec|4|undefined *||.data|00417010
DATA|004ae0f0|4|undefined *||.data|0043f480
DATA|004ae0f4|4|undefined *||.data|0043f490
DATA|004ae0f8|4|undefined *||.data|0043f4a0
DATA|004ae0fc|4|undefined *||.data|0043f4b0
DATA|004ae100|4|undefined *||.data|0043f440
DATA|004ae104|4|undefined *||.data|0043f4c0
DATA|004ae108|4|undefined *||.data|0043f4e0
DATA|004ae10c|4|undefined *||.data|0043f500
DATA|004ae110|4|undefined *||.data|00417010
DATA|004ae114|4|undefined *||.data|00446d10
DATA|004ae118|4|undefined *||.data|004470e0
DATA|004ae11c|4|undefined *||.data|00417010
DATA|004ae120|4|undefined *||.data|00446990
DATA|004ae124|4|undefined *||.data|00417010
DATA|004ae128|4|undefined *||.data|00444b50
DATA|004ae130|2|undefined2|DAT_004ae130|.data|0x0
DATA|004ae132|2|undefined2|DAT_004ae132|.data|0x0
DATA|004ae148|2|undefined2|DAT_004ae148|.data|0x1
DATA|004ae14a|2|undefined2|DAT_004ae14a|.data|0x0
DATA|004ae24e|2|undefined2|DAT_004ae24e|.data|0x1e5
DATA|004ae256|2|undefined2|DAT_004ae256|.data|0x1e7
DATA|004ae270|2|undefined2|DAT_004ae270|.data|0x39c
DATA|004ae278|2|undefined2|DAT_004ae278|.data|0x39d
DATA|004ae27a|2|undefined2|DAT_004ae27a|.data|0x39b
DATA|004ae27c|2|undefined2|DAT_004ae27c|.data|0x3c1
DATA|004ae27e|2|undefined2|DAT_004ae27e|.data|0x1e3
DATA|004ae280|2|undefined2|DAT_004ae280|.data|0x3c2
DATA|004ae487|7|string||.data|oTbRUS
DATA|004ae5a8|12|string|s_Button_004ae5a8|.data| Button 
DATA|004ae5b4|1|undefined1|DAT_004ae5b4|.data|0x20
DATA|004ae5b5|1|undefined1|DAT_004ae5b5|.data|0x2f
DATA|004ae5fc|4|pointer|PTR___fpmath_004ae5fc|.data|0044fce0
DATA|004ae610|4|undefined4|DAT_004ae610|.data|0x1
DATA|004ae8d0|4|pointer|PTR___exit_004ae8d0|.data|00450ae0
DATA|004ae8d4|4|undefined4|DAT_004ae8d4|.data|0x2
DATA|004ae8e0|4|pointer|PTR_LOOP_004ae8e0|.data|004ae8e0
DATA|004ae8e4|4|pointer|PTR_LOOP_004ae8e4|.data|004ae8e0
DATA|004ae8e8|4|pointer|PTR_DAT_004ae8e8|.data|004ae8f8
DATA|004ae8ec|4|pointer|PTR_DAT_004ae8ec|.data|004ae8f8
DATA|004ae8f0|4|undefined4|DAT_004ae8f0|.data|-0x1
DATA|004ae8f4|4|undefined4|DAT_004ae8f4|.data|-0x1
DATA|004ae8f8|4|undefined4|DAT_004ae8f8|.data|0xf0
DATA|004ae8fc|4|undefined4|DAT_004ae8fc|.data|0xf1
DATA|004ae900|4|undefined4|DAT_004ae900|.data|0x0
DATA|004ae904|4|undefined4|DAT_004ae904|.data|0x0
DATA|004ae908|4|undefined4|DAT_004ae908|.data|0x0
DATA|004b08e8|4|undefined4|DAT_004b08e8|.data|0x0
DATA|004b08f0|4|undefined4|DAT_004b08f0|.data|0x0
DATA|004b0900|4|pointer|PTR_LOOP_004b0900|.data|004ae8e0
DATA|004b0904|4|undefined4|DAT_004b0904|.data|0x1e0
DATA|004b0908|4|pointer|PTR_FUN_004b0908|.data|00458390
DATA|004b090c|4|pointer|PTR_FUN_004b090c|.data|00458390
DATA|004b0910|4|pointer|PTR_FUN_004b0910|.data|00458390
DATA|004b0914|4|pointer|PTR_FUN_004b0914|.data|00458390
DATA|004b0918|4|pointer|PTR_FUN_004b0918|.data|00458390
DATA|004b091c|4|pointer|PTR_FUN_004b091c|.data|00458390
DATA|004b0920|4|undefined4|DAT_004b0920|.data|0x1
DATA|004b0928|4|undefined4|DAT_004b0928|.data|0x2
DATA|004b092c|4|undefined4|DAT_004b092c|.data|0x2
DATA|004b0a8c|1|undefined1|DAT_004b0a8c|.data|0x0
DATA|004b0a90|4|pointer|PTR_DAT_004b0a90|.data|0045cdbc
DATA|004b0a94|4|pointer|PTR_DAT_004b0a94|.data|0045cdac
DATA|004b0a98|4|pointer|PTR_DAT_004b0a98|.data|004b0aa2
DATA|004b0ca4|4|undefined4|DAT_004b0ca4|.data|0x1
DATA|004b0ca8|1|undefined1|DAT_004b0ca8|.data|0x2e
DATA|004b0cb0|6|string|s_-_]_004b0cb0|.data| 	- ]
DATA|004b0cc0|4|undefined4|DAT_004b0cc0|.data|0x0
DATA|004b0cc4|4|undefined4|DAT_004b0cc4|.data|0x7ff00000
DATA|004b0cc8|4|undefined4|DAT_004b0cc8|.data|0x0
DATA|004b0ccc|4|undefined4|DAT_004b0ccc|.data|-0x80000
DATA|004b0cd0|4|undefined4|DAT_004b0cd0|.data|-0x1
DATA|004b0cd4|4|undefined4|DAT_004b0cd4|.data|0x7fefffff
DATA|004b0ce0|4|undefined4|DAT_004b0ce0|.data|0x0
DATA|004b0ce4|4|undefined4|DAT_004b0ce4|.data|-0x80000000
DATA|004b0ce8|4|undefined4|DAT_004b0ce8|.data|0x14
DATA|004b0cf0|4|undefined4|DAT_004b0cf0|.data|0x1d
DATA|004b0cf4|4|pointer|PTR_DAT_004b0cf4|.data|0045ce8c
DATA|004b0e34|4|undefined *||.data|00456171
DATA|004b0e38|4|undefined *||.data|0045647d
DATA|004b0e3c|4|undefined *||.data|00456482
DATA|004b0e40|4|undefined *||.data|004562b1
DATA|004b0f08|1|undefined1|DAT_004b0f08|.data|0x1
DATA|004b0f09|1|undefined1|DAT_004b0f09|.data|0x2
DATA|004b0f10|4|undefined4|DAT_004b0f10|.data|0x3a4
DATA|004b0f40|4|undefined4|DAT_004b0f40|.data|0x3a8
DATA|004b0f44|4|undefined4|DAT_004b0f44|.data|-0x5c255c3f
DATA|004b0f48|4|undefined4|DAT_004b0f48|.data|0x20
DATA|004b0f4c|4|undefined4|DAT_004b0f4c|.data|0x0
DATA|004b0f50|1|undefined1|DAT_004b0f50|.data|0x0
DATA|004b0f51|1|undefined1|DAT_004b0f51|.data|0x0
DATA|004b0f52|1|undefined1|DAT_004b0f52|.data|0x0
DATA|004b0f58|1|undefined1|DAT_004b0f58|.data|0x0
DATA|004b0f59|1|undefined1|DAT_004b0f59|.data|0x0
DATA|004b0f5a|1|undefined1|DAT_004b0f5a|.data|0x0
DATA|004b0f5b|1|undefined1|DAT_004b0f5b|.data|0x0
DATA|004b1004|4|undefined4|DAT_004b1004|.data|0x0
DATA|004b1008|4|undefined4|DAT_004b1008|.data|0x0
DATA|004b100c|4|undefined4|DAT_004b100c|.data|0x0
DATA|004b1010|4|undefined4|DAT_004b1010|.data|0x2
DATA|004b1018|4|undefined4|DAT_004b1018|.data|0x8
DATA|004b1020|4|undefined4|DAT_004b1020|.data|0x9
DATA|004b1024|4|pointer|PTR_s_R6009_-_not_enough_space_for_env_004b1024|.data|0045d10c
DATA|004b10d0|4|undefined4|DAT_004b10d0|.data|0x2694
DATA|004b1500|2|undefined2|DAT_004b1500|.data|0x1c
DATA|004b150a|2|undefined2|DAT_004b150a|.data|0x35
DATA|004b1840|4|undefined4|DAT_004b1840|.data|-0x1
DATA|004b1844|4|undefined4|DAT_004b1844|.data|-0x2
DATA|004b1860|4|undefined4|DAT_004b1860|.data|0x0
DATA|004b1864|4|undefined4|DAT_004b1864|.data|0x0
DATA|004b1878|4|undefined4|DAT_004b1878|.data|0x0
DATA|004b18c0|4|undefined4|DAT_004b18c0|.data|0x0
DATA|004b18c4|4|undefined4|DAT_004b18c4|.data|0x0
DATA|004b18c8|4|undefined4|DAT_004b18c8|.data|0x0
DATA|004b18d0|2|undefined2|DAT_004b18d0|.data|0x0
DATA|004b18d8|4|undefined4|DAT_004b18d8|.data|0x0
DATA|004b18f8|4|undefined4|DAT_004b18f8|.data|0x0
DATA|004b18fc|4|undefined4|DAT_004b18fc|.data|0x0
DATA|004b1900|4|undefined4|DAT_004b1900|.data|0x0
DATA|004b1908|4|undefined4|DAT_004b1908|.data|0x0
DATA|004b1924|4|undefined4|DAT_004b1924|.data|0x0
DATA|004b1928|1|undefined1|DAT_004b1928|.data|0x0
DATA|004b1929|1|undefined1|DAT_004b1929|.data|0x0
DATA|004b1a2c|4|undefined4|DAT_004b1a2c|.data|0x0
DATA|004b1a31|1|undefined1|DAT_004b1a31|.data|0x0
DATA|004b1a34|1|undefined1|DAT_004b1a34|.data|0x0
DATA|004b1a38|1|undefined1|DAT_004b1a38|.data|0x0
DATA|004b1a39|1|undefined1|DAT_004b1a39|.data|0x0
DATA|004b1a50|4|undefined4|DAT_004b1a50|.data|0x0
DATA|004b1a54|4|undefined4|DAT_004b1a54|.data|0x0
DATA|004b1a58|4|undefined4|DAT_004b1a58|.data|0x0
DATA|004b1a5c|4|undefined4|DAT_004b1a5c|.data|0x0
DATA|004b1a60|4|undefined4|DAT_004b1a60|.data|0x0
DATA|004b1a64|4|undefined4|DAT_004b1a64|.data|0x0
DATA|004b1a68|4|undefined4|DAT_004b1a68|.data|0x0
DATA|004b1a6c|4|undefined4|DAT_004b1a6c|.data|0x0
DATA|004b1a70|4|undefined4|DAT_004b1a70|.data|0x0
DATA|004b1a74|4|undefined4|DAT_004b1a74|.data|0x0
DATA|004b1a78|4|undefined4|DAT_004b1a78|.data|0x0
DATA|004b1a7c|4|undefined4|DAT_004b1a7c|.data|0x0
DATA|004b1a80|4|undefined4|DAT_004b1a80|.data|0x0
DATA|004b1a8c|4|undefined4|DAT_004b1a8c|.data|0x0
DATA|004b1a90|4|undefined4|DAT_004b1a90|.data|0x0
DATA|004b1a9c|4|undefined4|DAT_004b1a9c|.data|0x0
DATA|004b1aa4|4|undefined4|DAT_004b1aa4|.data|0x0
DATA|004b1ab0|2|undefined2|DAT_004b1ab0|.data|0x0
DATA|004b1abc|4|undefined4|DAT_004b1abc|.data|0x0
DATA|004b1ac0|4|undefined4|DAT_004b1ac0|.data|0x0
DATA|004b1ac4|4|undefined4|DAT_004b1ac4|.data|0x0
DATA|004b1c24|4|undefined4|DAT_004b1c24|.data|0x0
DATA|004b1c2c|4|undefined4|DAT_004b1c2c|.data|0x0
DATA|004b1c34|4|undefined4|DAT_004b1c34|.data|0x0
DATA|004b1c38|4|undefined4|DAT_004b1c38|.data|0x0
DATA|004b1c3c|4|undefined4|DAT_004b1c3c|.data|0x0
DATA|004b1c44|4|undefined4|DAT_004b1c44|.data|0x0
DATA|004b1c48|4|undefined4|DAT_004b1c48|.data|0x0
DATA|004b1c50|4|undefined4|DAT_004b1c50|.data|0x0
DATA|004b1c54|4|undefined4|DAT_004b1c54|.data|0x0
DATA|004b1c5c|2|undefined2|DAT_004b1c5c|.data|0x0
DATA|004b1c5e|1|undefined1|DAT_004b1c5e|.data|0x0
DATA|004b1c60|4|undefined4|DAT_004b1c60|.data|0x0
DATA|004b1c68|4|undefined4|DAT_004b1c68|.data|0x0
DATA|004b1c6c|4|undefined4|DAT_004b1c6c|.data|0x0
DATA|004b1c70|1|undefined1|DAT_004b1c70|.data|0x0
DATA|004b1c74|4|undefined4|DAT_004b1c74|.data|0x0
DATA|004b1c78|1|undefined1|DAT_004b1c78|.data|0x0
DATA|004b1c7c|4|undefined4|DAT_004b1c7c|.data|0x0
DATA|004b1c84|4|undefined4|DAT_004b1c84|.data|0x0
DATA|004b1c8c|4|undefined4|DAT_004b1c8c|.data|0x0
DATA|004b1c90|4|undefined4|DAT_004b1c90|.data|0x0
DATA|004b1c9c|4|undefined4|DAT_004b1c9c|.data|0x0
DATA|004b1ca0|4|undefined4|DAT_004b1ca0|.data|0x0
DATA|004b1ca4|4|undefined4|DAT_004b1ca4|.data|0x0
DATA|004b1ca8|4|undefined4|DAT_004b1ca8|.data|0x0
DATA|004b1cac|4|undefined4|DAT_004b1cac|.data|0x0
DATA|004b1cb0|4|undefined4|DAT_004b1cb0|.data|0x0
DATA|004b1cb4|4|undefined4|DAT_004b1cb4|.data|0x0
DATA|004b1cb8|4|undefined4|DAT_004b1cb8|.data|0x0
DATA|004b1cbc|4|undefined4|DAT_004b1cbc|.data|0x0
DATA|004b1cc0|4|undefined4|DAT_004b1cc0|.data|0x0
DATA|004b1cc4|4|undefined4|DAT_004b1cc4|.data|0x0
DATA|004b1cc8|4|undefined4|DAT_004b1cc8|.data|0x0
DATA|004b1ccc|4|undefined4|DAT_004b1ccc|.data|0x0
DATA|004b1cd0|4|undefined4|DAT_004b1cd0|.data|0x0
DATA|004b1cd4|4|undefined4|DAT_004b1cd4|.data|0x0
DATA|004b1cd8|4|undefined4|DAT_004b1cd8|.data|0x0
DATA|004b1cdc|4|undefined4|DAT_004b1cdc|.data|0x0
DATA|004b1ce0|4|undefined4|DAT_004b1ce0|.data|0x0
DATA|004b1ce8|4|undefined4|DAT_004b1ce8|.data|0x0
DATA|004b1cec|4|undefined4|DAT_004b1cec|.data|0x0
DATA|004b1cf0|4|undefined4|DAT_004b1cf0|.data|0x0
DATA|004b1cf4|4|undefined4|DAT_004b1cf4|.data|0x0
DATA|004b1d00|4|undefined4|DAT_004b1d00|.data|0x0
DATA|004b1d04|4|undefined4|DAT_004b1d04|.data|0x0
DATA|004b1d08|4|undefined4|DAT_004b1d08|.data|0x0
DATA|004b1d0c|4|undefined4|DAT_004b1d0c|.data|0x0
DATA|004b1d10|4|undefined4|DAT_004b1d10|.data|0x0
DATA|004b1d14|4|undefined4|DAT_004b1d14|.data|0x0
DATA|004b1d18|4|undefined4|DAT_004b1d18|.data|0x0
DATA|004b1d1c|4|undefined4|DAT_004b1d1c|.data|0x0
DATA|004b1d20|4|undefined4|DAT_004b1d20|.data|0x0
DATA|004b1d24|4|undefined4|DAT_004b1d24|.data|0x0
DATA|004b1d28|4|undefined4|DAT_004b1d28|.data|0x0
DATA|004b1d2c|4|undefined4|DAT_004b1d2c|.data|0x0
DATA|004b1d30|4|undefined4|DAT_004b1d30|.data|0x0
DATA|004b1d34|4|undefined4|DAT_004b1d34|.data|0x0
DATA|004b1d38|4|undefined4|DAT_004b1d38|.data|0x0
DATA|004b1d3c|4|undefined4|DAT_004b1d3c|.data|0x0
DATA|004b1d40|4|undefined4|DAT_004b1d40|.data|0x0
DATA|004b1d44|4|undefined4|DAT_004b1d44|.data|0x0
DATA|004b1d48|4|undefined4|DAT_004b1d48|.data|0x0
DATA|004b1d4c|4|undefined4|DAT_004b1d4c|.data|0x0
DATA|004b1d50|4|undefined4|DAT_004b1d50|.data|0x0
DATA|004b1d54|4|undefined4|DAT_004b1d54|.data|0x0
DATA|004b1d58|4|undefined4|DAT_004b1d58|.data|0x0
DATA|004b1d5c|4|undefined4|DAT_004b1d5c|.data|0x0
DATA|004b1d60|4|undefined4|DAT_004b1d60|.data|0x0
DATA|004b1d64|4|undefined4|DAT_004b1d64|.data|0x0
DATA|004b1d68|4|undefined4|DAT_004b1d68|.data|0x0
DATA|004b1d6c|4|undefined4|DAT_004b1d6c|.data|0x0
DATA|004b1d70|4|undefined4|DAT_004b1d70|.data|0x0
DATA|004b1d74|4|undefined4|DAT_004b1d74|.data|0x0
DATA|004b1d78|4|undefined4|DAT_004b1d78|.data|0x0
DATA|004b1d7c|4|undefined4|DAT_004b1d7c|.data|0x0
DATA|004b1d80|4|undefined4|DAT_004b1d80|.data|0x0
DATA|004b1d84|4|undefined4|DAT_004b1d84|.data|0x0
DATA|004b1d88|4|undefined4|DAT_004b1d88|.data|0x0
DATA|004b1d8c|4|undefined4|DAT_004b1d8c|.data|0x0
DATA|004b1d90|4|undefined4|DAT_004b1d90|.data|0x0
DATA|004b1d94|4|undefined4|DAT_004b1d94|.data|0x0
DATA|004b1d98|4|undefined4|DAT_004b1d98|.data|0x0
DATA|004b1d9c|4|undefined4|DAT_004b1d9c|.data|0x0
DATA|004b1da0|4|undefined4|DAT_004b1da0|.data|0x0
DATA|004b1da4|4|undefined4|DAT_004b1da4|.data|0x0
DATA|004b1da8|4|undefined4|DAT_004b1da8|.data|0x0
DATA|004b1dac|4|undefined4|DAT_004b1dac|.data|0x0
DATA|004b1db0|4|undefined4|DAT_004b1db0|.data|0x0
DATA|004b1db4|4|undefined4|DAT_004b1db4|.data|0x0
DATA|004b1db8|4|undefined4|DAT_004b1db8|.data|0x0
DATA|004b1dbc|4|undefined4|DAT_004b1dbc|.data|0x0
DATA|004b1dc0|4|undefined4|DAT_004b1dc0|.data|0x0
DATA|004b1dc4|4|undefined4|DAT_004b1dc4|.data|0x0
DATA|004b1dc8|4|undefined4|DAT_004b1dc8|.data|0x0
DATA|004b1dcc|4|undefined4|DAT_004b1dcc|.data|0x0
DATA|004b1dd4|4|undefined4|DAT_004b1dd4|.data|0x0
DATA|004b1dd8|4|undefined4|DAT_004b1dd8|.data|0x0
DATA|004b1ddc|4|undefined4|DAT_004b1ddc|.data|0x0
DATA|004b1de4|4|undefined4|DAT_004b1de4|.data|0x0
DATA|004b1de8|4|undefined4|DAT_004b1de8|.data|0x0
DATA|004b1df0|4|undefined4|DAT_004b1df0|.data|0x0
DATA|004b1dfc|4|undefined4|DAT_004b1dfc|.data|0x0
DATA|004b1e0c|4|undefined4|DAT_004b1e0c|.data|0x0
DATA|004b1e10|4|undefined4|DAT_004b1e10|.data|0x0
DATA|004b1e18|4|undefined4|DAT_004b1e18|.data|0x0
DATA|004b1e1c|4|undefined4|DAT_004b1e1c|.data|0x0
DATA|004b1e5c|4|undefined4|DAT_004b1e5c|.data|0x0
DATA|004b1e60|4|undefined4|DAT_004b1e60|.data|0x0
DATA|004b1e64|4|undefined4|DAT_004b1e64|.data|0x0
DATA|004b1e6c|4|undefined4|DAT_004b1e6c|.data|0x0
DATA|004b1e70|4|undefined4|DAT_004b1e70|.data|0x0
DATA|004b1e74|4|undefined4|DAT_004b1e74|.data|0x0
DATA|004b1e78|4|undefined4|DAT_004b1e78|.data|0x0
DATA|004b1e7c|4|undefined4|DAT_004b1e7c|.data|0x0
DATA|004b1e80|1|undefined1|DAT_004b1e80|.data|0x0
DATA|004b1e84|4|undefined4|DAT_004b1e84|.data|0x0
DATA|004b1e90|4|undefined4|DAT_004b1e90|.data|0x0
DATA|004b1e94|4|undefined4|DAT_004b1e94|.data|0x0
DATA|004b1fa8|4|undefined4|DAT_004b1fa8|.data|0x0
DATA|004b1fb0|4|undefined4|DAT_004b1fb0|.data|0x0
DATA|004b1fb4|1|undefined1|DAT_004b1fb4|.data|0x0
DATA|004b20b4|4|undefined4|DAT_004b20b4|.data|0x0
DATA|004b20b8|4|undefined4|DAT_004b20b8|.data|0x0
DATA|004b20cc|4|undefined4|DAT_004b20cc|.data|0x0
DATA|004b20d0|4|undefined4|DAT_004b20d0|.data|0x0
DATA|004b20d8|2|undefined2|DAT_004b20d8|.data|0x0
DATA|004b20da|1|undefined1|DAT_004b20da|.data|0x0
DATA|004b2108|4|undefined4|DAT_004b2108|.data|0x0
DATA|004b2110|4|undefined4|DAT_004b2110|.data|0x0
DATA|004b2118|4|undefined4|DAT_004b2118|.data|0x0
DATA|004b2128|4|undefined4|DAT_004b2128|.data|0x0
DATA|004b2138|4|undefined4|DAT_004b2138|.data|0x0
DATA|004b213c|4|undefined4|DAT_004b213c|.data|0x0
DATA|004b2140|4|undefined4|DAT_004b2140|.data|0x0
DATA|004b2144|4|undefined4|DAT_004b2144|.data|0x0
DATA|004b2148|4|undefined4|DAT_004b2148|.data|0x0
DATA|004b2150|4|undefined4|DAT_004b2150|.data|0x0
DATA|004b2154|4|undefined4|DAT_004b2154|.data|0x0
DATA|004b215c|4|undefined4|DAT_004b215c|.data|0x0
DATA|004b2160|2|undefined2|DAT_004b2160|.data|0x0
DATA|004b2164|4|undefined4|DAT_004b2164|.data|0x0
DATA|004b2170|4|undefined4|DAT_004b2170|.data|0x0
DATA|004b2190|1|undefined1|DAT_004b2190|.data|0x0
DATA|004b21a0|4|undefined4|DAT_004b21a0|.data|0x0
DATA|004b2240|4|undefined4|DAT_004b2240|.data|0x0
DATA|004b2244|2|undefined2|DAT_004b2244|.data|0x0
DATA|004b2260|4|undefined4|DAT_004b2260|.data|0x0
DATA|004b2264|4|undefined4|DAT_004b2264|.data|0x0
DATA|004b226a|1|undefined1|DAT_004b226a|.data|0x0
DATA|004b226c|1|undefined1|DAT_004b226c|.data|0x0
DATA|004b2277|1|undefined1|DAT_004b2277|.data|0x0
DATA|004b2279|1|undefined1|DAT_004b2279|.data|0x0
DATA|004b2364|4|undefined4|DAT_004b2364|.data|0x0
DATA|004b2368|2|undefined2|DAT_004b2368|.data|0x0
DATA|004b236a|1|undefined1|DAT_004b236a|.data|0x0
DATA|004b236b|1|undefined1|DAT_004b236b|.data|0x0
DATA|004b2370|4|undefined4|DAT_004b2370|.data|0x0
DATA|004b2374|1|undefined1|DAT_004b2374|.data|0x0
DATA|004b2376|2|undefined2|DAT_004b2376|.data|0x0
DATA|004b2378|4|undefined4|DAT_004b2378|.data|0x0
DATA|004b237c|2|undefined2|DAT_004b237c|.data|0x0
DATA|004b2380|4|undefined4|DAT_004b2380|.data|0x0
DATA|004b2384|4|undefined4|DAT_004b2384|.data|0x0
DATA|004b2388|2|undefined2|DAT_004b2388|.data|0x0
DATA|004b238a|1|undefined1|DAT_004b238a|.data|0x0
DATA|004b2390|4|undefined4|DAT_004b2390|.data|0x0
DATA|004b23a0|4|undefined4|DAT_004b23a0|.data|0x0
DATA|004b23a4|4|undefined4|DAT_004b23a4|.data|0x0
DATA|004b23ac|4|undefined4|DAT_004b23ac|.data|0x0
DATA|004b23b0|4|undefined4|DAT_004b23b0|.data|0x0
DATA|004b23bc|4|undefined4|DAT_004b23bc|.data|0x0
DATA|004b23c0|4|undefined4|DAT_004b23c0|.data|0x0
DATA|004b23cc|4|undefined4|DAT_004b23cc|.data|0x0
DATA|004b23d0|4|undefined4|DAT_004b23d0|.data|0x0
DATA|004b23d4|4|undefined4|DAT_004b23d4|.data|0x0
DATA|004b23f0|4|undefined4|DAT_004b23f0|.data|0x0
DATA|004b23f4|4|undefined4|DAT_004b23f4|.data|0x0
DATA|004b2408|4|undefined4|DAT_004b2408|.data|0x0
DATA|004b240c|4|undefined4|DAT_004b240c|.data|0x0
DATA|004b2410|4|undefined4|DAT_004b2410|.data|0x0
DATA|004b2414|4|undefined4|DAT_004b2414|.data|0x0
DATA|004b2418|4|undefined4|DAT_004b2418|.data|0x0
DATA|004b242c|4|undefined4|DAT_004b242c|.data|0x0
DATA|004b2430|4|undefined4|DAT_004b2430|.data|0x0
DATA|004b2444|4|undefined4|DAT_004b2444|.data|0x0
DATA|004b2448|4|undefined4|DAT_004b2448|.data|0x0
DATA|004b2460|4|undefined4|DAT_004b2460|.data|0x0
DATA|004b2464|4|undefined4|DAT_004b2464|.data|0x0
DATA|004b2468|4|undefined4|DAT_004b2468|.data|0x0
DATA|004b246c|4|undefined4|DAT_004b246c|.data|0x0
DATA|004b2474|4|undefined4|DAT_004b2474|.data|0x0
DATA|004b247c|4|undefined4|DAT_004b247c|.data|0x0
DATA|004b2480|2|undefined2|DAT_004b2480|.data|0x0
DATA|004b2482|2|undefined2|DAT_004b2482|.data|0x0
DATA|004b2490|4|undefined4|DAT_004b2490|.data|0x0
DATA|004b249c|4|undefined4|DAT_004b249c|.data|0x0
DATA|004b24a0|4|undefined4|DAT_004b24a0|.data|0x0
DATA|004b24a4|4|undefined4|DAT_004b24a4|.data|0x0
DATA|004b24a8|2|undefined2|DAT_004b24a8|.data|0x0
DATA|004b24c0|2|undefined2|DAT_004b24c0|.data|0x0
DATA|004b24c4|1|undefined1|DAT_004b24c4|.data|0x0
DATA|004b24c8|2|undefined2|DAT_004b24c8|.data|0x0
DATA|004b24cc|1|undefined1|DAT_004b24cc|.data|0x0
DATA|004b24cf|1|undefined1|DAT_004b24cf|.data|0x0
DATA|004b24d4|1|undefined1|DAT_004b24d4|.data|0x0
DATA|004b28c0|2|undefined2|DAT_004b28c0|.data|0x0
DATA|004b28c4|4|undefined4|DAT_004b28c4|.data|0x0
DATA|004b28c8|1|undefined1|DAT_004b28c8|.data|0x0
DATA|004b28cc|1|undefined1|DAT_004b28cc|.data|0x0
DATA|004b28e0|4|undefined4|DAT_004b28e0|.data|0x0
DATA|004b28e4|1|undefined1|DAT_004b28e4|.data|0x0
DATA|004b2a48|2|undefined2|DAT_004b2a48|.data|0x0
DATA|004b3160|4|undefined4|DAT_004b3160|.data|0x0
DATA|004b3164|4|undefined4|DAT_004b3164|.data|0x0
DATA|004b3168|2|undefined2|DAT_004b3168|.data|0x0
DATA|004b316a|2|undefined2|DAT_004b316a|.data|0x0
DATA|004b316c|1|undefined1|DAT_004b316c|.data|0x0
DATA|004b316e|2|undefined2|DAT_004b316e|.data|0x0
DATA|004b3180|4|undefined4|DAT_004b3180|.data|0x0
DATA|004b3188|4|undefined4|DAT_004b3188|.data|0x0
DATA|004b318c|2|undefined2|DAT_004b318c|.data|0x0
DATA|004b318e|2|undefined2|DAT_004b318e|.data|0x0
DATA|004b3190|2|undefined2|DAT_004b3190|.data|0x0
DATA|004b3194|4|undefined4|DAT_004b3194|.data|0x0
DATA|004b3198|4|undefined4|DAT_004b3198|.data|0x0
DATA|004b319c|4|undefined4|DAT_004b319c|.data|0x0
DATA|004b31c0|4|undefined4|DAT_004b31c0|.data|0x0
DATA|004b31c4|2|undefined2|DAT_004b31c4|.data|0x0
DATA|004b31c6|1|undefined1|DAT_004b31c6|.data|0x0
DATA|004b31c7|1|undefined1|DAT_004b31c7|.data|0x0
DATA|004b3200|4|undefined4|DAT_004b3200|.data|0x0
DATA|004b3204|2|undefined2|DAT_004b3204|.data|0x0
DATA|004b3228|2|undefined2|DAT_004b3228|.data|0x0
DATA|004b322a|1|undefined1|DAT_004b322a|.data|0x0
DATA|004b322c|2|undefined2|DAT_004b322c|.data|0x0
DATA|004b322e|1|undefined1|DAT_004b322e|.data|0x0
DATA|004b3232|1|undefined1|DAT_004b3232|.data|0x0
DATA|004b3234|2|undefined2|DAT_004b3234|.data|0x0
DATA|004b3238|4|undefined4|DAT_004b3238|.data|0x0
DATA|004b3240|1|undefined1|DAT_004b3240|.data|0x0
DATA|004b3241|1|undefined1|DAT_004b3241|.data|0x0
DATA|004b3242|1|undefined1|DAT_004b3242|.data|0x0
DATA|004b3243|1|undefined1|DAT_004b3243|.data|0x0
DATA|004b3246|1|undefined1|DAT_004b3246|.data|0x0
DATA|004b3248|4|undefined4|DAT_004b3248|.data|0x0
DATA|004b324c|4|undefined4|DAT_004b324c|.data|0x0
DATA|004b3260|2|undefined2|DAT_004b3260|.data|0x0
DATA|004b3264|4|undefined4|DAT_004b3264|.data|0x0
DATA|004b3268|4|undefined4|DAT_004b3268|.data|0x0
DATA|004b326c|1|undefined1|DAT_004b326c|.data|0x0
DATA|004b326e|1|undefined1|DAT_004b326e|.data|0x0
DATA|004b3274|2|undefined2|DAT_004b3274|.data|0x0
DATA|004b3278|4|undefined4|DAT_004b3278|.data|0x0
DATA|004b327c|4|undefined4|DAT_004b327c|.data|0x0
DATA|004b3446|2|undefined2|DAT_004b3446|.data|0x0
DATA|004b3448|1|undefined1|DAT_004b3448|.data|0x0
DATA|004b3450|4|undefined4|DAT_004b3450|.data|0x0
DATA|004b3460|2|undefined2|DAT_004b3460|.data|0x0
DATA|004b3462|1|undefined1|DAT_004b3462|.data|0x0
DATA|004b3474|2|undefined2|DAT_004b3474|.data|0x0
DATA|004b3476|2|undefined2|DAT_004b3476|.data|0x0
DATA|004b3478|4|undefined4|DAT_004b3478|.data|0x0
DATA|004b347c|4|undefined4|DAT_004b347c|.data|0x0
DATA|004b3480|4|undefined4|DAT_004b3480|.data|0x0
DATA|004b3484|4|undefined4|DAT_004b3484|.data|0x0
DATA|004b3488|2|undefined2|DAT_004b3488|.data|0x0
DATA|004b348a|1|undefined1|DAT_004b348a|.data|0x0
DATA|004b3640|2|undefined2|DAT_004b3640|.data|0x0
DATA|004b3644|2|undefined2|DAT_004b3644|.data|0x0
DATA|004b3648|2|undefined2|DAT_004b3648|.data|0x0
DATA|004b364c|4|undefined4|DAT_004b364c|.data|0x0
DATA|004b3652|2|undefined2|DAT_004b3652|.data|0x0
DATA|004b3654|2|undefined2|DAT_004b3654|.data|0x0
DATA|004b3660|4|undefined4|DAT_004b3660|.data|0x0
DATA|004b3664|4|undefined4|DAT_004b3664|.data|0x0
DATA|004b3674|4|undefined4|DAT_004b3674|.data|0x0
DATA|004b3678|4|undefined4|DAT_004b3678|.data|0x0
DATA|004b36a0|4|undefined4|DAT_004b36a0|.data|0x0
DATA|004b36a4|4|undefined4|DAT_004b36a4|.data|0x0
DATA|004b36b4|4|undefined4|DAT_004b36b4|.data|0x0
DATA|004b36b8|4|undefined4|DAT_004b36b8|.data|0x0
DATA|004b36e0|4|undefined4|DAT_004b36e0|.data|0x0
DATA|004b36e4|4|undefined4|DAT_004b36e4|.data|0x0
DATA|004b36f4|4|undefined4|DAT_004b36f4|.data|0x0
DATA|004b36f8|4|undefined4|DAT_004b36f8|.data|0x0
DATA|004b371c|4|undefined4|DAT_004b371c|.data|0x0
DATA|004b3724|4|undefined4|DAT_004b3724|.data|0x0
DATA|004b3728|2|undefined2|DAT_004b3728|.data|0x0
DATA|004b372c|4|undefined4|DAT_004b372c|.data|0x0
DATA|004b3730|1|undefined1|DAT_004b3730|.data|0x0
DATA|004b3738|2|undefined2|DAT_004b3738|.data|0x0
DATA|004b373c|4|undefined4|DAT_004b373c|.data|0x0
DATA|004b3740|4|undefined4|DAT_004b3740|.data|0x0
DATA|004b3744|4|undefined4|DAT_004b3744|.data|0x0
DATA|004b3748|1|undefined1|DAT_004b3748|.data|0x0
DATA|004b374c|4|undefined4|DAT_004b374c|.data|0x0
DATA|004b3774|2|undefined2|DAT_004b3774|.data|0x0
DATA|004b3780|4|undefined4|DAT_004b3780|.data|0x0
DATA|004b3784|4|undefined4|DAT_004b3784|.data|0x0
DATA|004b3788|4|undefined4|DAT_004b3788|.data|0x0
DATA|004b38a0|2|undefined2|DAT_004b38a0|.data|0x0
DATA|004b38a4|4|undefined4|DAT_004b38a4|.data|0x0
DATA|004b38c0|4|undefined4|DAT_004b38c0|.data|0x0
DATA|004b38c4|4|undefined4|DAT_004b38c4|.data|0x0
DATA|004b38c8|4|undefined4|DAT_004b38c8|.data|0x0
DATA|004b38cc|4|undefined4|DAT_004b38cc|.data|0x0
DATA|004b38d0|4|undefined4|DAT_004b38d0|.data|0x0
DATA|004b38d4|4|undefined4|DAT_004b38d4|.data|0x0
DATA|004b3928|2|undefined2|DAT_004b3928|.data|0x0
DATA|004b392c|2|undefined2|DAT_004b392c|.data|0x0
DATA|004b3930|4|undefined4|DAT_004b3930|.data|0x0
DATA|004b3940|4|undefined4|DAT_004b3940|.data|0x0
DATA|004b3948|2|undefined2|DAT_004b3948|.data|0x0
DATA|004b394a|2|undefined2|DAT_004b394a|.data|0x0
DATA|004b394c|2|undefined2|DAT_004b394c|.data|0x0
DATA|004b3950|4|undefined4|DAT_004b3950|.data|0x0
DATA|004b3954|4|undefined4|DAT_004b3954|.data|0x0
DATA|004b3958|4|undefined4|DAT_004b3958|.data|0x0
DATA|004b395c|4|undefined4|DAT_004b395c|.data|0x0
DATA|004b3964|4|undefined4|DAT_004b3964|.data|0x0
DATA|004b3968|4|undefined4|DAT_004b3968|.data|0x0
DATA|004b396c|4|undefined4|DAT_004b396c|.data|0x0
DATA|004b3974|4|undefined4|DAT_004b3974|.data|0x0
DATA|004b3978|4|undefined4|DAT_004b3978|.data|0x0
DATA|004b397c|4|undefined4|DAT_004b397c|.data|0x0
DATA|004b3984|4|undefined4|DAT_004b3984|.data|0x0
DATA|004b3988|4|undefined4|DAT_004b3988|.data|0x0
DATA|004b398c|4|undefined4|DAT_004b398c|.data|0x0
DATA|004b3994|4|undefined4|DAT_004b3994|.data|0x0
DATA|004b3998|4|undefined4|DAT_004b3998|.data|0x0
DATA|004b399c|4|undefined4|DAT_004b399c|.data|0x0
DATA|004b39a4|4|undefined4|DAT_004b39a4|.data|0x0
DATA|004b39a8|2|undefined2|DAT_004b39a8|.data|0x0
DATA|004b39ac|4|undefined4|DAT_004b39ac|.data|0x0
DATA|004b39b0|2|undefined2|DAT_004b39b0|.data|0x0
DATA|004b39b2|1|undefined1|DAT_004b39b2|.data|0x0
DATA|004b39b4|4|undefined4|DAT_004b39b4|.data|0x0
DATA|004b39b8|4|undefined4|DAT_004b39b8|.data|0x0
DATA|004b39bc|2|undefined2|DAT_004b39bc|.data|0x0
DATA|004b39be|2|undefined2|DAT_004b39be|.data|0x0
DATA|004b39c0|2|undefined2|DAT_004b39c0|.data|0x0
DATA|004b39c4|4|undefined4|DAT_004b39c4|.data|0x0
DATA|004b39c8|4|undefined4|DAT_004b39c8|.data|0x0
DATA|004b39d0|1|undefined1|DAT_004b39d0|.data|0x0
DATA|004b39d4|1|undefined1|DAT_004b39d4|.data|0x0
DATA|004b39d8|4|undefined4|DAT_004b39d8|.data|0x0
DATA|004b39dc|2|undefined2|DAT_004b39dc|.data|0x0
DATA|004b39de|2|undefined2|DAT_004b39de|.data|0x0
DATA|004b39e0|2|undefined2|DAT_004b39e0|.data|0x0
DATA|004b39fc|1|undefined1|DAT_004b39fc|.data|0x0
DATA|004b39fe|2|undefined2|DAT_004b39fe|.data|0x0
DATA|004b3a00|4|undefined4|DAT_004b3a00|.data|0x0
DATA|004b3a04|4|undefined4|DAT_004b3a04|.data|0x0
DATA|004b3a20|1|undefined1|DAT_004b3a20|.data|0x0
DATA|004b3a21|1|undefined1|DAT_004b3a21|.data|0x0
DATA|004b3a22|1|undefined1|DAT_004b3a22|.data|0x0
DATA|004b3a23|1|undefined1|DAT_004b3a23|.data|0x0
DATA|004b3a24|1|undefined1|DAT_004b3a24|.data|0x0
DATA|004b3a25|1|undefined1|DAT_004b3a25|.data|0x0
DATA|004b3a27|1|undefined1|DAT_004b3a27|.data|0x0
DATA|004b3a28|1|undefined1|DAT_004b3a28|.data|0x0
DATA|004b3a98|4|undefined4|DAT_004b3a98|.data|0x0
DATA|004b3a9c|2|undefined2|DAT_004b3a9c|.data|0x0
DATA|004b3a9f|1|undefined1|DAT_004b3a9f|.data|0x0
DATA|004b3aa0|2|undefined2|DAT_004b3aa0|.data|0x0
DATA|004b3b70|4|undefined4|DAT_004b3b70|.data|0x0
DATA|004b3b76|2|undefined2|DAT_004b3b76|.data|0x0
DATA|004b3b78|2|undefined2|DAT_004b3b78|.data|0x0
DATA|004b3b7c|4|undefined4|DAT_004b3b7c|.data|0x0
DATA|004b3b80|4|undefined4|DAT_004b3b80|.data|0x0
DATA|004b3b84|2|undefined2|DAT_004b3b84|.data|0x0
DATA|004b3b88|4|undefined4|DAT_004b3b88|.data|0x0
DATA|004b3b8c|4|undefined4|DAT_004b3b8c|.data|0x0
DATA|004b3b90|4|undefined4|DAT_004b3b90|.data|0x0
DATA|004b3ba0|2|undefined2|DAT_004b3ba0|.data|0x0
DATA|004b3bc0|4|undefined4|DAT_004b3bc0|.data|0x0
DATA|004b3bc4|4|undefined4|DAT_004b3bc4|.data|0x0
DATA|004b3bc8|4|undefined4|DAT_004b3bc8|.data|0x0
DATA|004b3be0|2|undefined2|DAT_004b3be0|.data|0x0
DATA|004b3be2|2|undefined2|DAT_004b3be2|.data|0x0
DATA|004b3be4|2|undefined2|DAT_004b3be4|.data|0x0
DATA|004b3be8|2|undefined2|DAT_004b3be8|.data|0x0
DATA|004b3bea|2|undefined2|DAT_004b3bea|.data|0x0
DATA|004b3bec|2|undefined2|DAT_004b3bec|.data|0x0
DATA|004b3c00|4|undefined4|DAT_004b3c00|.data|0x0
DATA|004b3c04|4|undefined4|DAT_004b3c04|.data|0x0
DATA|004b3c10|4|undefined4|DAT_004b3c10|.data|0x0
DATA|004b3c18|4|undefined4|DAT_004b3c18|.data|0x0
DATA|004b3c20|2|undefined2|DAT_004b3c20|.data|0x0
DATA|004b3c24|4|undefined4|DAT_004b3c24|.data|0x0
DATA|004b3c30|4|undefined4|DAT_004b3c30|.data|0x0
DATA|004b3c38|4|undefined4|DAT_004b3c38|.data|0x0
DATA|004b3c40|4|undefined4|DAT_004b3c40|.data|0x0
DATA|004b3c44|4|undefined4|DAT_004b3c44|.data|0x0
DATA|004b3c60|4|undefined4|DAT_004b3c60|.data|0x0
DATA|004b3c64|4|undefined4|DAT_004b3c64|.data|0x0
DATA|004b3d60|4|undefined4|DAT_004b3d60|.data|0x0
DATA|004b3d64|2|undefined2|DAT_004b3d64|.data|0x0
DATA|004b3d68|4|undefined4|DAT_004b3d68|.data|0x0
DATA|004b3d6c|4|undefined4|DAT_004b3d6c|.data|0x0
DATA|004b3d70|2|undefined2|DAT_004b3d70|.data|0x0
DATA|004b3d72|2|undefined2|DAT_004b3d72|.data|0x0
DATA|004b3d74|4|undefined4|DAT_004b3d74|.data|0x0
DATA|004b3d78|4|undefined4|DAT_004b3d78|.data|0x0
DATA|004b3d88|4|undefined4|DAT_004b3d88|.data|0x0
DATA|004b3d90|4|undefined4|DAT_004b3d90|.data|0x0
DATA|004b3d98|4|undefined4|DAT_004b3d98|.data|0x0
DATA|004b3da0|4|undefined4|DAT_004b3da0|.data|0x0
DATA|004b3da4|2|undefined2|DAT_004b3da4|.data|0x0
DATA|004b3da8|4|undefined4|DAT_004b3da8|.data|0x0
DATA|004b3dac|2|undefined2|DAT_004b3dac|.data|0x0
DATA|004b3dc0|2|undefined2|DAT_004b3dc0|.data|0x0
DATA|004b3dc2|2|undefined2|DAT_004b3dc2|.data|0x0
DATA|004b3df0|2|undefined2|DAT_004b3df0|.data|0x0
DATA|004b3e00|4|undefined4|DAT_004b3e00|.data|0x0
DATA|004b3e04|4|undefined4|DAT_004b3e04|.data|0x0
DATA|004b3e08|4|undefined4|DAT_004b3e08|.data|0x0
DATA|004b3e10|2|undefined2|DAT_004b3e10|.data|0x0
DATA|004b3e1a|2|undefined2|DAT_004b3e1a|.data|0x0
DATA|004b3e20|2|undefined2|DAT_004b3e20|.data|0x0
DATA|004b3e22|2|undefined2|DAT_004b3e22|.data|0x0
DATA|004b3e28|2|undefined2|DAT_004b3e28|.data|0x0
DATA|004b3e2c|2|undefined2|DAT_004b3e2c|.data|0x0
DATA|004b3e30|4|undefined4|DAT_004b3e30|.data|0x0
DATA|004b3e34|4|undefined4|DAT_004b3e34|.data|0x0
DATA|004b3e38|4|undefined4|DAT_004b3e38|.data|0x0
DATA|004b3e40|4|undefined4|DAT_004b3e40|.data|0x0
DATA|004b3e44|4|undefined4|DAT_004b3e44|.data|0x0
DATA|004b3e48|1|undefined1|DAT_004b3e48|.data|0x0
DATA|004b3e60|4|undefined4|DAT_004b3e60|.data|0x0
DATA|004b3e64|4|undefined4|DAT_004b3e64|.data|0x0
DATA|004b3e68|4|undefined4|DAT_004b3e68|.data|0x0
DATA|004b3e6c|1|undefined1|DAT_004b3e6c|.data|0x0
DATA|004b3e70|4|undefined4|DAT_004b3e70|.data|0x0
DATA|004b3fc0|4|undefined4|DAT_004b3fc0|.data|0x0
DATA|004b3fc4|1|undefined1|DAT_004b3fc4|.data|0x0
DATA|004b3fc8|4|undefined4|DAT_004b3fc8|.data|0x0
DATA|004b3fcc|4|undefined4|DAT_004b3fcc|.data|0x0
DATA|004b3fd0|4|undefined4|DAT_004b3fd0|.data|0x0
DATA|004b3fd4|4|undefined4|DAT_004b3fd4|.data|0x0
DATA|004b3ff0|4|undefined4|DAT_004b3ff0|.data|0x0
DATA|004b3ff4|4|undefined4|DAT_004b3ff4|.data|0x0
DATA|004b4000|1|undefined1|DAT_004b4000|.data|0x0
DATA|004b4001|1|undefined1|DAT_004b4001|.data|0x0
DATA|004b42f9|1|undefined1|DAT_004b42f9|.data|0x0
DATA|004b42fa|1|undefined1|DAT_004b42fa|.data|0x0
DATA|004b42fc|1|undefined1|DAT_004b42fc|.data|0x0
DATA|004b42fd|1|undefined1|DAT_004b42fd|.data|0x0
DATA|004b4300|4|undefined4|DAT_004b4300|.data|0x0
DATA|004b4320|4|undefined4|DAT_004b4320|.data|0x0
DATA|004b4330|4|undefined4|DAT_004b4330|.data|0x0
DATA|004b4340|4|undefined4|DAT_004b4340|.data|0x0
DATA|004b4344|4|undefined4|DAT_004b4344|.data|0x0
DATA|004b434c|4|undefined4|DAT_004b434c|.data|0x0
DATA|004b4358|4|undefined4|DAT_004b4358|.data|0x0
DATA|004b435c|4|undefined4|DAT_004b435c|.data|0x0
DATA|004b5b40|1|undefined1|DAT_004b5b40|.data|0x0
DATA|004b5c3f|1|undefined1|DAT_004b5c3f|.data|0x0
DATA|004b5c40|1|undefined1|DAT_004b5c40|.data|0x0
DATA|004b5c41|1|undefined1|DAT_004b5c41|.data|0x0
DATA|004b5d40|4|undefined4|DAT_004b5d40|.data|0x0
DATA|004b5d44|4|undefined4|DAT_004b5d44|.data|0x0
DATA|004d5d40|1|undefined1|DAT_004d5d40|.data|0x0
DATA|004d5e40|4|undefined4|DAT_004d5e40|.data|0x0
DATA|004d5e44|4|undefined4|DAT_004d5e44|.data|0x0
DATA|004e5e40|4|undefined4|DAT_004e5e40|.data|0x0
DATA|004e5e44|4|undefined4|DAT_004e5e44|.data|0x0
DATA|004e5e60|2|undefined2|DAT_004e5e60|.data|0x0
DATA|004e5e62|2|undefined2|DAT_004e5e62|.data|0x0
DATA|004e5e64|2|undefined2|DAT_004e5e64|.data|0x0
DATA|004e5e66|2|undefined2|DAT_004e5e66|.data|0x0
DATA|004e5e68|2|undefined2|DAT_004e5e68|.data|0x0
DATA|004e5e6a|2|undefined2|DAT_004e5e6a|.data|0x0
DATA|004e5e6c|2|undefined2|DAT_004e5e6c|.data|0x0
DATA|004e5e6e|2|undefined2|DAT_004e5e6e|.data|0x0
DATA|004e5e70|2|undefined2|DAT_004e5e70|.data|0x0
DATA|004e5e80|4|undefined4|DAT_004e5e80|.data|0x0
DATA|004e5e84|4|undefined4|DAT_004e5e84|.data|0x0
DATA|004e7dc0|4|undefined4|DAT_004e7dc0|.data|0x0
DATA|004e7dc4|4|undefined4|DAT_004e7dc4|.data|0x0
DATA|004e7dc8|4|undefined4|DAT_004e7dc8|.data|0x0
DATA|004e7dcc|4|undefined4|DAT_004e7dcc|.data|0x0
DATA|004e7dd0|4|undefined4|DAT_004e7dd0|.data|0x0
DATA|004e7dd4|4|undefined4|DAT_004e7dd4|.data|0x0
DATA|004e7dd8|4|undefined4|DAT_004e7dd8|.data|0x0
DATA|004e7ddc|4|undefined4|DAT_004e7ddc|.data|0x0
DATA|004efac0|4|undefined4|DAT_004efac0|.data|0x0
DATA|004efac4|4|undefined4|DAT_004efac4|.data|0x0
DATA|004efac8|4|undefined4|DAT_004efac8|.data|0x0
DATA|004efb00|4|undefined4|DAT_004efb00|.data|0x0
DATA|004efb04|4|undefined4|DAT_004efb04|.data|0x0
DATA|004efb20|4|undefined4|DAT_004efb20|.data|0x0
DATA|004efb24|4|undefined4|DAT_004efb24|.data|0x0
DATA|004efb28|4|undefined4|DAT_004efb28|.data|0x0
DATA|004efb30|4|undefined4|DAT_004efb30|.data|0x0
DATA|004efb38|4|undefined4|DAT_004efb38|.data|0x0
DATA|004efb3c|4|undefined4|DAT_004efb3c|.data|0x0
DATA|004efb40|4|undefined4|DAT_004efb40|.data|0x0
DATA|004efb48|4|undefined4|DAT_004efb48|.data|0x0
DATA|004efb4c|4|undefined4|DAT_004efb4c|.data|0x0
DATA|004efb50|4|undefined4|DAT_004efb50|.data|0x0
DATA|004efb54|2|undefined2|DAT_004efb54|.data|0x0
DATA|004efb56|2|undefined2|DAT_004efb56|.data|0x0
DATA|004efb58|4|undefined4|DAT_004efb58|.data|0x0
DATA|004efb5c|2|undefined2|DAT_004efb5c|.data|0x0
DATA|004efb78|1|undefined1|DAT_004efb78|.data|0x0
DATA|004efb8c|4|undefined4|DAT_004efb8c|.data|0x0
DATA|004efba0|4|undefined4|DAT_004efba0|.data|0x0
DATA|004efba4|4|undefined4|DAT_004efba4|.data|0x0
DATA|004efbc8|4|undefined4|DAT_004efbc8|.data|0x0
DATA|0052fba0|4|undefined4|DAT_0052fba0|.data|0x0
DATA|0052fbc0|4|undefined4|DAT_0052fbc0|.data|0x0
DATA|0052fbc4|1|undefined1|DAT_0052fbc4|.data|0x0
DATA|0052fbc5|1|undefined1|DAT_0052fbc5|.data|0x0
DATA|0052fcc0|4|undefined4|DAT_0052fcc0|.data|0x0
DATA|0052fce0|4|undefined4|DAT_0052fce0|.data|0x0
DATA|0052fce4|4|undefined4|DAT_0052fce4|.data|0x0
DATA|0052fd00|4|undefined4|DAT_0052fd00|.data|0x0
DATA|0052fd40|4|undefined4|DAT_0052fd40|.data|0x0
DATA|0052fd60|4|undefined4|DAT_0052fd60|.data|0x0
DATA|0052fd64|4|undefined4|DAT_0052fd64|.data|0x0
DATA|0052fd72|2|undefined2|DAT_0052fd72|.data|0x0
DATA|0052fd84|4|undefined4|DAT_0052fd84|.data|0x0
DATA|0052fda2|2|undefined2|DAT_0052fda2|.data|0x0
DATA|0052fdb4|4|undefined4|DAT_0052fdb4|.data|0x0
DATA|00547352|2|undefined2|DAT_00547352|.data|0x0
DATA|00547370|4|undefined4|DAT_00547370|.data|0x0
DATA|00547374|4|undefined4|DAT_00547374|.data|0x0
DATA|00547379|1|undefined1|DAT_00547379|.data|0x0
DATA|00547382|2|undefined2|DAT_00547382|.data|0x0
DATA|00547384|4|undefined4|DAT_00547384|.data|0x0
DATA|00547388|4|undefined4|DAT_00547388|.data|0x0
DATA|0054738c|4|undefined4|DAT_0054738c|.data|0x0
DATA|00547390|4|undefined4|DAT_00547390|.data|0x0
DATA|00547394|4|undefined4|DAT_00547394|.data|0x0
DATA|00547398|4|undefined4|DAT_00547398|.data|0x0
DATA|0054739c|4|undefined4|DAT_0054739c|.data|0x0
DATA|00547460|8|undefined8|DAT_00547460|.data|0x0
DATA|00547468|4|undefined4|DAT_00547468|.data|0x0
DATA|0054746c|4|undefined4|DAT_0054746c|.data|0x0
DATA|00547470|4|undefined4|DAT_00547470|.data|0x0
DATA|00547474|4|undefined4|DAT_00547474|.data|0x0
DATA|00547478|8|undefined8|DAT_00547478|.data|0x0
DATA|00547480|4|undefined4|DAT_00547480|.data|0x0
DATA|00547484|4|undefined4|DAT_00547484|.data|0x0
DATA|00547488|4|undefined4|DAT_00547488|.data|0x0
DATA|0054748c|4|undefined4|DAT_0054748c|.data|0x0
DATA|00548c60|4|undefined4|DAT_00548c60|.data|0x0
DATA|00548c80|1|undefined1|DAT_00548c80|.data|0x0
DATA|00548c81|1|undefined1|DAT_00548c81|.data|0x0
DATA|00548c82|1|undefined1|DAT_00548c82|.data|0x0
DATA|00548c83|1|undefined1|DAT_00548c83|.data|0x0
DATA|00548c84|1|undefined1|DAT_00548c84|.data|0x0
DATA|00548c85|1|undefined1|DAT_00548c85|.data|0x0
DATA|00548c86|1|undefined1|DAT_00548c86|.data|0x0
DATA|00548c87|1|undefined1|DAT_00548c87|.data|0x0
DATA|0054afc0|4|undefined4|DAT_0054afc0|.data|0x0
DATA|0054afc4|1|undefined1|DAT_0054afc4|.data|0x0
DATA|0054afc5|1|undefined1|DAT_0054afc5|.data|0x0
DATA|0054efc4|4|undefined4|DAT_0054efc4|.data|0x0
DATA|0054efe0|4|undefined4|DAT_0054efe0|.data|0x0
DATA|0054efe4|4|undefined4|DAT_0054efe4|.data|0x0
DATA|0054efe8|4|undefined4|DAT_0054efe8|.data|0x0
DATA|0054f1e0|4|undefined4|DAT_0054f1e0|.data|0x0
DATA|0054f1e4|1|undefined1|DAT_0054f1e4|.data|0x0
DATA|0054f1e5|1|undefined1|DAT_0054f1e5|.data|0x0
DATA|00553200|4|undefined4|DAT_00553200|.data|0x0
DATA|00553204|4|undefined4|DAT_00553204|.data|0x0
DATA|00553208|4|undefined4|DAT_00553208|.data|0x0
DATA|0055320c|4|undefined4|DAT_0055320c|.data|0x0
DATA|00553210|4|undefined4|DAT_00553210|.data|0x0
DATA|00553214|4|undefined4|DAT_00553214|.data|0x0
DATA|00553218|4|undefined4|DAT_00553218|.data|0x0
DATA|0055321c|4|undefined4|DAT_0055321c|.data|0x0
DATA|00553220|4|undefined4|DAT_00553220|.data|0x0
DATA|00553224|4|undefined4|DAT_00553224|.data|0x0
DATA|00553228|4|undefined4|DAT_00553228|.data|0x0
DATA|0055322c|4|undefined4|DAT_0055322c|.data|0x0
DATA|00553230|4|undefined4|DAT_00553230|.data|0x0
DATA|00553234|4|undefined4|DAT_00553234|.data|0x0
DATA|00553238|4|undefined4|DAT_00553238|.data|0x0
DATA|0055323c|4|undefined4|DAT_0055323c|.data|0x0
DATA|0055338c|4|undefined4|DAT_0055338c|.data|0x0
DATA|00553394|4|undefined4|DAT_00553394|.data|0x0
DATA|005533a0|4|undefined4|DAT_005533a0|.data|0x0
DATA|005533a4|4|undefined4|DAT_005533a4|.data|0x0
DATA|005533a8|4|undefined4|DAT_005533a8|.data|0x0
DATA|00553404|4|undefined4|DAT_00553404|.data|0x0
DATA|00553408|4|undefined4|DAT_00553408|.data|0x0
DATA|0055340c|4|undefined4|DAT_0055340c|.data|0x0
DATA|00553418|4|undefined4|DAT_00553418|.data|0x0
DATA|0055341c|4|undefined4|DAT_0055341c|.data|0x0
DATA|00553420|4|undefined4|DAT_00553420|.data|0x0
DATA|00553424|1|undefined1|DAT_00553424|.data|0x0
DATA|00553428|4|undefined4|DAT_00553428|.data|0x0
DATA|0055342c|4|undefined4|DAT_0055342c|.data|0x0
DATA|00553430|4|undefined4|DAT_00553430|.data|0x0
DATA|00553434|4|undefined4|DAT_00553434|.data|0x0
DATA|00553438|4|undefined4|DAT_00553438|.data|0x0
DATA|0055343c|4|undefined4|DAT_0055343c|.data|0x0
DATA|00553440|4|undefined4|DAT_00553440|.data|0x0
DATA|00553444|4|undefined4|DAT_00553444|.data|0x0
DATA|00553448|4|undefined4|DAT_00553448|.data|0x0
DATA|0055344c|4|undefined4|DAT_0055344c|.data|0x0
DATA|00553450|4|undefined4|DAT_00553450|.data|0x0
DATA|00553454|4|undefined4|DAT_00553454|.data|0x0
DATA|00553460|4|undefined4|DAT_00553460|.data|0x0
DATA|00553464|4|undefined4|DAT_00553464|.data|0x0
DATA|00554460|4|undefined4|DAT_00554460|.data|0x0
DATA|00554464|4|undefined4|DAT_00554464|.data|0x0
DATA|00554468|4|undefined4|DAT_00554468|.data|0x0
DATA|0055446c|4|undefined4|DAT_0055446c|.data|0x0
DATA|00554480|4|undefined4|DAT_00554480|.data|0x0
DATA|00554484|4|undefined4|DAT_00554484|.data|0x0
DATA|00554488|4|undefined4|DAT_00554488|.data|0x0
DATA|0055448c|4|undefined4|DAT_0055448c|.data|0x0
DATA|00554490|4|undefined4|DAT_00554490|.data|0x0
DATA|00554494|4|undefined4|DAT_00554494|.data|0x0
DATA|005544a0|4|undefined4|DAT_005544a0|.data|0x0
DATA|005544a4|4|undefined4|DAT_005544a4|.data|0x0
DATA|005544b0|4|undefined4|DAT_005544b0|.data|0x0
DATA|005544b4|4|undefined4|DAT_005544b4|.data|0x0
DATA|005546a0|4|undefined4|DAT_005546a0|.data|0x0
DATA|005546a4|4|undefined4|DAT_005546a4|.data|0x0
DATA|005546ac|4|undefined4|DAT_005546ac|.data|0x0
DATA|005546b0|4|undefined4|DAT_005546b0|.data|0x0
DATA|00555fb0|4|undefined4|DAT_00555fb0|.data|0x0
DATA|00555fb4|4|undefined4|DAT_00555fb4|.data|0x0
DATA|00555fb8|4|undefined4|DAT_00555fb8|.data|0x0
DATA|00555fbc|4|undefined4|DAT_00555fbc|.data|0x0
DATA|00555fc4|4|undefined4|DAT_00555fc4|.data|0x0
DATA|00555fc8|4|undefined4|DAT_00555fc8|.data|0x0
DATA|00555fcc|4|undefined4|DAT_00555fcc|.data|0x0
DATA|00555fe0|4|undefined4|DAT_00555fe0|.data|0x0
DATA|00556020|4|undefined4|DAT_00556020|.data|0x0
DATA|00559b68|4|undefined4|DAT_00559b68|.data|0x0
DATA|00559b6c|4|undefined4|DAT_00559b6c|.data|0x0
DATA|00559b70|4|undefined4|DAT_00559b70|.data|0x0
DATA|00559b74|4|undefined4|DAT_00559b74|.data|0x0
DATA|00559b78|4|undefined4|DAT_00559b78|.data|0x0
DATA|00559b7c|4|undefined4|DAT_00559b7c|.data|0x0
DATA|00559b80|4|undefined4|DAT_00559b80|.data|0x0
DATA|00559b84|4|undefined4|DAT_00559b84|.data|0x0
DATA|00559b88|4|undefined4|DAT_00559b88|.data|0x0
DATA|00559b90|4|undefined4|DAT_00559b90|.data|0x0
DATA|00559b98|4|undefined4|DAT_00559b98|.data|0x0
DATA|00559b9c|4|undefined4|DAT_00559b9c|.data|0x0
DATA|00559ba8|4|undefined4|DAT_00559ba8|.data|0x0
DATA|00559bac|4|undefined4|DAT_00559bac|.data|0x0
DATA|00559bb0|4|undefined4|DAT_00559bb0|.data|0x0
DATA|00559bb4|4|undefined4|DAT_00559bb4|.data|0x0
DATA|00559bb8|4|undefined4|DAT_00559bb8|.data|0x0
DATA|00559bbc|4|undefined4|DAT_00559bbc|.data|0x0
DATA|00559bc0|4|undefined4|DAT_00559bc0|.data|0x0
DATA|00559bc4|4|undefined4|DAT_00559bc4|.data|0x0
DATA|00559bc8|4|undefined4|DAT_00559bc8|.data|0x0
DATA|00559bcc|4|undefined4|DAT_00559bcc|.data|0x0
DATA|00559bd0|4|undefined4|DAT_00559bd0|.data|0x0
DATA|00559bd4|4|undefined4|DAT_00559bd4|.data|0x0
DATA|00559bd8|4|undefined4|DAT_00559bd8|.data|0x0
DATA|00559bdc|4|undefined4|DAT_00559bdc|.data|0x0
DATA|00565fe0|4|undefined4|DAT_00565fe0|.data|0x0
DATA|00565fe4|4|undefined4|DAT_00565fe4|.data|0x0
DATA|00565fe8|4|undefined4|DAT_00565fe8|.data|0x0
DATA|005678f0|4|undefined4|DAT_005678f0|.data|0x0
DATA|005678f4|4|undefined4|DAT_005678f4|.data|0x0
DATA|005678f8|4|undefined4|DAT_005678f8|.data|0x0
DATA|005678fc|4|undefined4|DAT_005678fc|.data|0x0
DATA|00567900|4|undefined4|DAT_00567900|.data|0x0
DATA|00567904|4|undefined4|DAT_00567904|.data|0x0
DATA|00567908|4|undefined4|DAT_00567908|.data|0x0
DATA|005a7908|4|undefined4|DAT_005a7908|.data|0x0
DATA|005a7920|4|undefined4|DAT_005a7920|.data|0x0
DATA|005a7938|4|undefined4|DAT_005a7938|.data|0x0
DATA|005a7950|4|undefined4|DAT_005a7950|.data|0x0
DATA|005a7c20|4|undefined4|DAT_005a7c20|.data|0x0
DATA|005a7c28|1|undefined1|DAT_005a7c28|.data|0x0
DATA|005a7c2c|1|undefined1|DAT_005a7c2c|.data|0x0
DATA|005a7c40|4|undefined4|DAT_005a7c40|.data|0x0
DATA|005a7c44|4|undefined4|DAT_005a7c44|.data|0x0
DATA|005a7c48|4|undefined4|DAT_005a7c48|.data|0x0
DATA|005a7c58|4|undefined4|DAT_005a7c58|.data|0x0
DATA|005a7c5c|4|undefined4|DAT_005a7c5c|.data|0x0
DATA|005a7c70|4|undefined4|DAT_005a7c70|.data|0x0
DATA|005a7c78|4|undefined4|DAT_005a7c78|.data|0x0
DATA|005a7ca4|4|undefined4|DAT_005a7ca4|.data|0x0
DATA|005a7ca8|4|undefined4|DAT_005a7ca8|.data|0x0
DATA|005a7cac|4|undefined4|DAT_005a7cac|.data|0x0
DATA|005a7cc0|1|undefined1|DAT_005a7cc0|.data|0x0
DATA|005a7cc1|1|undefined1|DAT_005a7cc1|.data|0x0
DATA|005a7cc2|1|undefined1|DAT_005a7cc2|.data|0x0
DATA|005a7cc4|1|undefined1|DAT_005a7cc4|.data|0x0
DATA|005a7cc5|1|undefined1|DAT_005a7cc5|.data|0x0
DATA|005a7cc6|1|undefined1|DAT_005a7cc6|.data|0x0
DATA|005a7cc8|1|undefined1|DAT_005a7cc8|.data|0x0
DATA|005a7cc9|1|undefined1|DAT_005a7cc9|.data|0x0
DATA|005a7cca|1|undefined1|DAT_005a7cca|.data|0x0
DATA|005a80c0|4|undefined4|DAT_005a80c0|.data|0x0
DATA|005a80c4|4|undefined4|DAT_005a80c4|.data|0x0
DATA|005a80e4|1|undefined1|DAT_005a80e4|.data|0x0
DATA|005a80e5|1|undefined1|DAT_005a80e5|.data|0x0
DATA|005a80e6|1|undefined1|DAT_005a80e6|.data|0x0
DATA|005a80ea|1|undefined1|DAT_005a80ea|.data|0x0
DATA|005a84e0|1|undefined1|DAT_005a84e0|.data|0x0
DATA|005f84e4|4|undefined4|DAT_005f84e4|.data|0x0
DATA|005f8540|4|undefined4|DAT_005f8540|.data|0x0
DATA|005f8544|4|undefined4|DAT_005f8544|.data|0x0
DATA|005f8548|4|undefined4|DAT_005f8548|.data|0x0
DATA|005f854c|4|undefined4|DAT_005f854c|.data|0x0
DATA|005fa480|4|undefined4|DAT_005fa480|.data|0x0
DATA|005fa484|4|undefined4|DAT_005fa484|.data|0x0
DATA|005fa488|4|undefined4|DAT_005fa488|.data|0x0
DATA|005fa48c|4|undefined4|DAT_005fa48c|.data|0x0
DATA|005fa490|4|undefined4|DAT_005fa490|.data|0x0
DATA|005fa494|4|undefined4|DAT_005fa494|.data|0x0
DATA|005fa498|4|undefined4|DAT_005fa498|.data|0x0
DATA|005fa49c|4|undefined4|DAT_005fa49c|.data|0x0
DATA|005fa4a0|4|undefined4|DAT_005fa4a0|.data|0x0
DATA|005fa4a4|4|undefined4|DAT_005fa4a4|.data|0x0
DATA|005fa4a8|4|undefined4|DAT_005fa4a8|.data|0x0
DATA|005fa4ac|4|undefined4|DAT_005fa4ac|.data|0x0
DATA|005fa4b0|4|undefined4|DAT_005fa4b0|.data|0x0
DATA|005fa4b4|4|undefined4|DAT_005fa4b4|.data|0x0
DATA|005fa4b8|4|undefined4|DAT_005fa4b8|.data|0x0
DATA|005fa4bc|4|undefined4|DAT_005fa4bc|.data|0x0
DATA|005fa4c0|4|undefined4|DAT_005fa4c0|.data|0x0
DATA|005fa4c4|4|undefined4|DAT_005fa4c4|.data|0x0
DATA|005fa4c8|4|undefined4|DAT_005fa4c8|.data|0x0
DATA|005fa4cc|4|undefined4|DAT_005fa4cc|.data|0x0
DATA|005fa4d0|4|undefined4|DAT_005fa4d0|.data|0x0
DATA|005fa4d4|4|undefined4|DAT_005fa4d4|.data|0x0
DATA|005fa4d8|4|undefined4|DAT_005fa4d8|.data|0x0
DATA|005fa4e0|4|undefined4|DAT_005fa4e0|.data|0x0
DATA|006040c0|4|undefined4|DAT_006040c0|.data|0x0
DATA|006040c4|4|undefined4|DAT_006040c4|.data|0x0
DATA|00604100|4|undefined4|DAT_00604100|.data|0x0
DATA|00604104|4|undefined4|DAT_00604104|.data|0x0
DATA|00604130|4|undefined4|DAT_00604130|.data|0x0
DATA|0060414c|4|undefined4|DAT_0060414c|.data|0x0
DATA|00604150|4|undefined4|DAT_00604150|.data|0x0
DATA|00604154|4|undefined4|DAT_00604154|.data|0x0
DATA|00604158|4|undefined4|DAT_00604158|.data|0x0
DATA|0060415c|4|undefined4|DAT_0060415c|.data|0x0
DATA|00604160|4|undefined4|DAT_00604160|.data|0x0
DATA|0060416c|4|undefined4|DAT_0060416c|.data|0x0
DATA|00621608|4|undefined4|DAT_00621608|.data|0x0
DATA|00621610|4|undefined4|DAT_00621610|.data|0x0
DATA|00621614|4|undefined4|DAT_00621614|.data|0x0
DATA|00621618|4|undefined4|DAT_00621618|.data|0x0
DATA|0062161c|4|undefined4|DAT_0062161c|.data|0x0
DATA|00621620|4|undefined4|DAT_00621620|.data|0x0
DATA|00621624|2|undefined2|DAT_00621624|.data|0x0
DATA|006225c0|4|undefined4|DAT_006225c0|.data|0x0
DATA|006225c4|4|undefined4|DAT_006225c4|.data|0x0
DATA|006225e0|2|undefined2|DAT_006225e0|.data|0x0
DATA|006225e2|2|undefined2|DAT_006225e2|.data|0x0
DATA|006225e4|2|undefined2|DAT_006225e4|.data|0x0
DATA|006225e6|2|undefined2|DAT_006225e6|.data|0x0
DATA|006225e8|2|undefined2|DAT_006225e8|.data|0x0
DATA|006225ea|2|undefined2|DAT_006225ea|.data|0x0
DATA|006225ec|2|undefined2|DAT_006225ec|.data|0x0
DATA|006225ee|2|undefined2|DAT_006225ee|.data|0x0
DATA|006225f0|2|undefined2|DAT_006225f0|.data|0x0
DATA|00622600|4|undefined4|DAT_00622600|.data|0x0
DATA|00622604|2|undefined2|DAT_00622604|.data|0x0
DATA|006235a0|4|undefined4|DAT_006235a0|.data|0x0
DATA|006235a4|4|undefined4|DAT_006235a4|.data|0x0
DATA|006235a8|4|undefined4|DAT_006235a8|.data|0x0
DATA|006235ac|4|undefined4|DAT_006235ac|.data|0x0
DATA|006235c0|4|undefined4|DAT_006235c0|.data|0x0
DATA|006235c4|4|undefined4|DAT_006235c4|.data|0x0
DATA|006235c8|4|undefined4|DAT_006235c8|.data|0x0
DATA|006235cc|4|undefined4|DAT_006235cc|.data|0x0
DATA|006235d0|4|undefined4|DAT_006235d0|.data|0x0
DATA|006235d4|4|undefined4|DAT_006235d4|.data|0x0
DATA|006235d8|4|undefined4|DAT_006235d8|.data|0x0
DATA|006235dc|4|undefined4|DAT_006235dc|.data|0x0
DATA|006235e0|4|undefined4|DAT_006235e0|.data|0x0
DATA|006235e4|4|undefined4|DAT_006235e4|.data|0x0
DATA|006235e8|4|undefined4|DAT_006235e8|.data|0x0
DATA|006235ec|4|undefined4|DAT_006235ec|.data|0x0
DATA|006235f0|4|undefined4|DAT_006235f0|.data|0x0
DATA|006235f4|4|undefined4|DAT_006235f4|.data|0x0
DATA|006235f8|4|undefined4|DAT_006235f8|.data|0x0
DATA|006235fc|4|undefined4|DAT_006235fc|.data|0x0
DATA|00623600|4|undefined4|DAT_00623600|.data|0x0
DATA|00623604|4|undefined4|DAT_00623604|.data|0x0
DATA|00623608|4|undefined4|DAT_00623608|.data|0x0
DATA|0062360c|4|undefined4|DAT_0062360c|.data|0x0
DATA|00623610|4|undefined4|DAT_00623610|.data|0x0
DATA|00623614|4|undefined4|DAT_00623614|.data|0x0
DATA|00623618|4|undefined4|DAT_00623618|.data|0x0
DATA|0062361c|4|undefined4|DAT_0062361c|.data|0x0
DATA|00623620|4|undefined4|DAT_00623620|.data|0x0
DATA|00623624|4|undefined4|DAT_00623624|.data|0x0
DATA|00623628|4|undefined4|DAT_00623628|.data|0x0
DATA|0062362c|4|undefined4|DAT_0062362c|.data|0x0
DATA|0062364c|4|undefined4|DAT_0062364c|.data|0x0
DATA|00623650|4|undefined4|DAT_00623650|.data|0x0
DATA|00623654|4|undefined4|DAT_00623654|.data|0x0
DATA|00623660|2|undefined2|DAT_00623660|.data|0x0
DATA|00623662|2|undefined2|DAT_00623662|.data|0x0
DATA|00623664|2|undefined2|DAT_00623664|.data|0x0
DATA|00623666|2|undefined2|DAT_00623666|.data|0x0
DATA|00623668|2|undefined2|DAT_00623668|.data|0x0
DATA|0062366a|2|undefined2|DAT_0062366a|.data|0x0
DATA|0062366c|2|undefined2|DAT_0062366c|.data|0x0
DATA|0062366e|2|undefined2|DAT_0062366e|.data|0x0
DATA|00623670|2|undefined2|DAT_00623670|.data|0x0
DATA|00623680|4|undefined4|DAT_00623680|.data|0x0
DATA|00623688|4|undefined4|DAT_00623688|.data|0x0
DATA|006ac220|4|undefined4|DAT_006ac220|.data|0x0
DATA|006ac224|4|undefined4|DAT_006ac224|.data|0x0
DATA|006ac228|4|undefined4|DAT_006ac228|.data|0x0
DATA|006ac22c|4|undefined4|DAT_006ac22c|.data|0x0
DATA|006ac230|4|undefined4|DAT_006ac230|.data|0x0
DATA|006ac234|4|undefined4|DAT_006ac234|.data|0x0
DATA|006ac238|4|undefined4|DAT_006ac238|.data|0x0
DATA|006ac23c|4|undefined4|DAT_006ac23c|.data|0x0
DATA|006ac240|4|undefined4|DAT_006ac240|.data|0x0
DATA|006ac244|4|undefined4|DAT_006ac244|.data|0x0
DATA|006ac248|4|undefined4|DAT_006ac248|.data|0x0
DATA|006ac24c|4|undefined4|DAT_006ac24c|.data|0x0
DATA|007bd960|4|undefined4|DAT_007bd960|.data|0x0
DATA|007bd964|4|undefined4|DAT_007bd964|.data|0x0
DATA|007bd970|2|undefined2|DAT_007bd970|.data|0x0
DATA|007bd980|4|undefined4|DAT_007bd980|.data|0x0
DATA|007bd984|4|undefined4|DAT_007bd984|.data|0x0
DATA|007c6240|4|undefined4|DAT_007c6240|.data|0x0
DATA|007c6244|4|undefined4|DAT_007c6244|.data|0x0
DATA|007c6248|4|undefined4|DAT_007c6248|.data|0x0
DATA|007c624c|4|undefined4|DAT_007c624c|.data|0x0
DATA|007c6250|4|undefined4|DAT_007c6250|.data|0x0
DATA|007c6274|4|undefined4|DAT_007c6274|.data|0x0
DATA|007c62a0|4|undefined4|DAT_007c62a0|.data|0x0
DATA|007c62a8|4|undefined4|DAT_007c62a8|.data|0x0
DATA|007c62c0|4|undefined4|DAT_007c62c0|.data|0x0
DATA|007c62d0|4|undefined4|DAT_007c62d0|.data|0x0
DATA|007c62d4|4|undefined4|DAT_007c62d4|.data|0x0
DATA|007c6304|4|undefined4|DAT_007c6304|.data|0x0
DATA|007c6318|4|undefined4|DAT_007c6318|.data|0x0
DATA|007c632c|4|undefined4|DAT_007c632c|.data|0x0
DATA|007c6354|4|undefined4|DAT_007c6354|.data|0x0
DATA|007c6368|4|undefined4|DAT_007c6368|.data|0x0
DATA|007c637c|4|undefined4|DAT_007c637c|.data|0x0
DATA|007c639c|4|undefined4|DAT_007c639c|.data|0x0
DATA|007c63a4|4|undefined4|DAT_007c63a4|.data|0x0
DATA|007c63b8|4|undefined4|DAT_007c63b8|.data|0x0
DATA|007c63c0|4|undefined4|DAT_007c63c0|.data|0x0
DATA|007c63c8|4|undefined4|DAT_007c63c8|.data|0x0
DATA|007c64ac|4|undefined4|DAT_007c64ac|.data|0x0
DATA|007c64c0|4|undefined4|DAT_007c64c0|.data|0x0
DATA|007c64d8|4|undefined4|DAT_007c64d8|.data|0x0
DATA|007c6538|4|undefined4|DAT_007c6538|.data|0x0
DATA|007c6574|4|undefined4|DAT_007c6574|.data|0x0
DATA|007c6584|4|undefined4|DAT_007c6584|.data|0x0
DATA|007c660c|4|undefined4|DAT_007c660c|.data|0x0
DATA|007c6614|4|undefined4|DAT_007c6614|.data|0x0
DATA|007c661c|4|undefined4|DAT_007c661c|.data|0x0
DATA|007c688c|4|undefined4|DAT_007c688c|.data|0x0
DATA|007c6890|4|undefined4|DAT_007c6890|.data|0x0
DATA|007c6894|4|undefined4|DAT_007c6894|.data|0x0
DATA|007c6a90|4|undefined4|DAT_007c6a90|.data|0x0
DATA|007c6a94|4|undefined4|DAT_007c6a94|.data|0x0
DATA|007c6c90|4|undefined4|DAT_007c6c90|.data|0x0
DATA|007c6c94|4|undefined4|DAT_007c6c94|.data|0x0
DATA|007c70dc|4|undefined4|DAT_007c70dc|.data|0x0
DATA|007c70e0|4|undefined4|DAT_007c70e0|.data|0x0
DATA|007c905c|4|undefined4|DAT_007c905c|.data|0x0
DATA|007c9070|4|undefined4|DAT_007c9070|.data|0x0
DATA|007c9090|4|undefined4|DAT_007c9090|.data|0x0
DATA|007c9098|4|undefined4|DAT_007c9098|.data|0x0
DATA|007c90a8|4|undefined4|DAT_007c90a8|.data|0x0
DATA|007c90ac|4|undefined4|DAT_007c90ac|.data|0x0
DATA|007c90c4|4|undefined4|DAT_007c90c4|.data|0x0
DATA|007c90cc|4|undefined4|DAT_007c90cc|.data|0x0
DATA|007c9120|1|undefined1|DAT_007c9120|.data|0x0
DATA|007c934c|4|undefined4|DAT_007c934c|.data|0x0
DATA|007c9361|1|undefined1|DAT_007c9361|.data|0x0
DATA|007c946c|4|undefined4|DAT_007c946c|.data|0x0
DATA|007c9488|4|undefined4|DAT_007c9488|.data|0x0
DATA|007c9490|4|undefined4|DAT_007c9490|.data|0x0
DATA|007c94a0|2|undefined2|DAT_007c94a0|.data|0x0
DATA|007c94a2|2|undefined2|DAT_007c94a2|.data|0x0
DATA|007c94a4|2|undefined2|DAT_007c94a4|.data|0x0
DATA|007c94a6|2|undefined2|DAT_007c94a6|.data|0x0
DATA|007c94a8|4|undefined4|DAT_007c94a8|.data|0x0
DATA|007c94ac|2|undefined2|DAT_007c94ac|.data|0x0
DATA|007c94ae|2|undefined2|DAT_007c94ae|.data|0x0
DATA|007c94b4|2|undefined2|DAT_007c94b4|.data|0x0
DATA|007c94b6|2|undefined2|DAT_007c94b6|.data|0x0
DATA|007c94bc|2|undefined2|DAT_007c94bc|.data|0x0
DATA|007c94be|2|undefined2|DAT_007c94be|.data|0x0
DATA|007c94c4|4|undefined4|DAT_007c94c4|.data|0x0
DATA|007c94cc|4|undefined4|DAT_007c94cc|.data|0x0
DATA|007c94d4|4|undefined4|DAT_007c94d4|.data|0x0
DATA|007c94dc|4|undefined4|DAT_007c94dc|.data|0x0
DATA|007c94e8|2|undefined2|DAT_007c94e8|.data|0x0
DATA|007c94f0|2|undefined2|DAT_007c94f0|.data|0x0
DATA|007c94f8|2|undefined2|DAT_007c94f8|.data|0x0
DATA|007c9510|2|undefined2|DAT_007c9510|.data|0x0
DATA|007c9512|2|undefined2|DAT_007c9512|.data|0x0
DATA|007c9578|4|undefined4|DAT_007c9578|.data|0x0
DATA|007c95b8|4|undefined4|DAT_007c95b8|.data|0x0
DATA|007c95bc|4|undefined4|DAT_007c95bc|.data|0x0
DATA|007c95c8|4|undefined4|DAT_007c95c8|.data|0x0
DATA|007c95cc|4|undefined4|DAT_007c95cc|.data|0x0
DATA|007c95d0|4|undefined4|DAT_007c95d0|.data|0x0
DATA|007c95d4|4|undefined4|DAT_007c95d4|.data|0x0
DATA|007c95d8|4|undefined4|DAT_007c95d8|.data|0x0
DATA|007c95dc|4|undefined4|DAT_007c95dc|.data|0x0
DATA|007c95e0|4|undefined4|DAT_007c95e0|.data|0x0
DATA|007c95e4|4|undefined4|DAT_007c95e4|.data|0x0
DATA|007c95e8|4|undefined4|DAT_007c95e8|.data|0x0
DATA|007c95ec|4|undefined4|DAT_007c95ec|.data|0x0
DATA|007c95f0|4|undefined4|DAT_007c95f0|.data|0x0
DATA|007c95f4|4|undefined4|DAT_007c95f4|.data|0x0
DATA|007c95f8|4|undefined4|DAT_007c95f8|.data|0x0
DATA|007c9600|4|undefined4|DAT_007c9600|.data|0x0
DATA|007c9604|4|undefined4|DAT_007c9604|.data|0x0
DATA|007c9618|4|undefined4|DAT_007c9618|.data|0x0
DATA|007c961c|4|undefined4|DAT_007c961c|.data|0x0
DATA|007c9620|4|undefined4|DAT_007c9620|.data|0x0
DATA|007c9624|4|undefined4|DAT_007c9624|.data|0x0
DATA|007ca620|4|undefined4|DAT_007ca620|.data|0x0
DATA|007ca624|4|undefined4|DAT_007ca624|.data|0x0
DATA|009ca720|4|undefined4|DAT_009ca720|.data|0x0
DATA|009ca724|4|undefined4|DAT_009ca724|.data|0x0
DATA|009ca7a0|4|undefined4|DAT_009ca7a0|.data|0x0
DATA|009ca7a4|4|undefined4|DAT_009ca7a4|.data|0x0
DATA|009ca7b8|4|undefined4|DAT_009ca7b8|.data|0x0
DATA|009ca7d0|4|undefined4|DAT_009ca7d0|.data|0x0
DATA|009ca7d4|4|undefined4|DAT_009ca7d4|.data|0x0
DATA|009ca820|4|undefined4|DAT_009ca820|.data|0x0
DATA|009ca824|4|undefined4|DAT_009ca824|.data|0x0
DATA|009ca828|1|undefined1|DAT_009ca828|.data|0x0
DATA|009ca82c|4|undefined4|DAT_009ca82c|.data|0x0
DATA|009ca830|4|undefined4|DAT_009ca830|.data|0x0
DATA|009ca834|4|undefined4|DAT_009ca834|.data|0x0
DATA|009ca838|4|undefined4|DAT_009ca838|.data|0x0
DATA|009ca83c|4|undefined4|DAT_009ca83c|.data|0x0
DATA|009ca850|4|undefined4|DAT_009ca850|.data|0x0
DATA|009ca854|4|undefined4|DAT_009ca854|.data|0x0
DATA|009ca858|4|undefined4|DAT_009ca858|.data|0x0
DATA|009ca85c|4|undefined4|DAT_009ca85c|.data|0x0
DATA|009ca860|4|undefined4|DAT_009ca860|.data|0x0
DATA|009ca864|1|undefined1|DAT_009ca864|.data|0x0
DATA|009ca865|1|undefined1|DAT_009ca865|.data|0x0
DATA|009ca866|1|undefined1|DAT_009ca866|.data|0x0
DATA|009ca867|1|undefined1|DAT_009ca867|.data|0x0
DATA|009ca868|4|undefined4|DAT_009ca868|.data|0x0
DATA|009ca86c|4|undefined4|DAT_009ca86c|.data|0x0
DATA|009ca870|4|undefined4|DAT_009ca870|.data|0x0
DATA|009ca874|4|undefined4|DAT_009ca874|.data|0x0
DATA|009ca890|4|undefined4|DAT_009ca890|.data|0x0
DATA|009ca894|4|undefined4|DAT_009ca894|.data|0x0
DATA|009ca898|1|undefined1|DAT_009ca898|.data|0x0
DATA|009ca8a0|4|undefined4|DAT_009ca8a0|.data|0x0
DATA|009ca8c1|1|undefined1|DAT_009ca8c1|.data|0x0
DATA|009ca8c2|1|undefined1|DAT_009ca8c2|.data|0x0
DATA|009ca8cf|1|undefined1|DAT_009ca8cf|.data|0x0
DATA|009ca8d0|1|undefined1|DAT_009ca8d0|.data|0x0
DATA|009ca8d1|1|undefined1|DAT_009ca8d1|.data|0x0
DATA|009ca8d2|1|undefined1|DAT_009ca8d2|.data|0x0
DATA|009ca8d3|1|undefined1|DAT_009ca8d3|.data|0x0
DATA|009ca8d4|1|undefined1|DAT_009ca8d4|.data|0x0
DATA|009ca8d5|1|undefined1|DAT_009ca8d5|.data|0x0
DATA|009ca8d6|1|undefined1|DAT_009ca8d6|.data|0x0
DATA|009ca8d7|1|undefined1|DAT_009ca8d7|.data|0x0
DATA|009ca8d8|1|undefined1|DAT_009ca8d8|.data|0x0
DATA|009ca8d9|1|undefined1|DAT_009ca8d9|.data|0x0
DATA|009ca8dc|1|undefined1|DAT_009ca8dc|.data|0x0
DATA|009ca8de|1|undefined1|DAT_009ca8de|.data|0x0
DATA|009ca8df|1|undefined1|DAT_009ca8df|.data|0x0
DATA|009ca8e0|1|undefined1|DAT_009ca8e0|.data|0x0
DATA|009ca8e1|1|undefined1|DAT_009ca8e1|.data|0x0
DATA|009ca8e2|1|undefined1|DAT_009ca8e2|.data|0x0
DATA|009ca8e3|1|undefined1|DAT_009ca8e3|.data|0x0
DATA|009ca8e4|1|undefined1|DAT_009ca8e4|.data|0x0
DATA|009ca8e5|1|undefined1|DAT_009ca8e5|.data|0x0
DATA|009ca8e6|1|undefined1|DAT_009ca8e6|.data|0x0
DATA|009ca8ec|1|undefined1|DAT_009ca8ec|.data|0x0
DATA|009ca8ed|1|undefined1|DAT_009ca8ed|.data|0x0
DATA|009ca8ee|1|undefined1|DAT_009ca8ee|.data|0x0
DATA|009ca8ef|1|undefined1|DAT_009ca8ef|.data|0x0
DATA|009ca8f0|1|undefined1|DAT_009ca8f0|.data|0x0
DATA|009ca8f1|1|undefined1|DAT_009ca8f1|.data|0x0
DATA|009ca8f2|1|undefined1|DAT_009ca8f2|.data|0x0
DATA|009ca8f9|1|undefined1|DAT_009ca8f9|.data|0x0
DATA|009ca988|1|undefined1|DAT_009ca988|.data|0x0
DATA|009ca98b|1|undefined1|DAT_009ca98b|.data|0x0
DATA|009ca98d|1|undefined1|DAT_009ca98d|.data|0x0
DATA|009ca990|1|undefined1|DAT_009ca990|.data|0x0
DATA|009ca9c0|4|undefined4|DAT_009ca9c0|.data|0x0
DATA|009ca9c4|4|undefined4|DAT_009ca9c4|.data|0x0
DATA|009ca9e0|4|undefined4|DAT_009ca9e0|.data|0x0
DATA|009ca9e4|4|undefined4|DAT_009ca9e4|.data|0x0
DATA|009caae0|4|undefined4|DAT_009caae0|.data|0x0
DATA|009caae4|4|undefined4|DAT_009caae4|.data|0x0
DATA|009caae8|4|undefined4|DAT_009caae8|.data|0x0
DATA|009caaec|4|undefined4|DAT_009caaec|.data|0x0
DATA|009cbb00|4|undefined4|DAT_009cbb00|.data|0x0
DATA|009cbb04|4|undefined4|DAT_009cbb04|.data|0x0
DATA|009cbb08|4|undefined4|DAT_009cbb08|.data|0x0
DATA|009cc000|4|dword|DWORD_009cc000|.idata|0x5cc0e8
DATA|009cc004|4|dword||.idata|0x0
DATA|009cc008|4|dword||.idata|0x0
DATA|009cc00c|4|dword||.idata|0x5cc5cc
DATA|009cc010|4|dword||.idata|0x5cc2c4
DATA|009cc014|4|dword||.idata|0x5cc1f4
DATA|009cc018|4|dword||.idata|0x0
DATA|009cc01c|4|dword||.idata|0x0
DATA|009cc020|4|dword||.idata|0x5cc7a2
DATA|009cc024|4|dword||.idata|0x5cc3d0
DATA|009cc028|4|dword||.idata|0x5cc0bc
DATA|009cc02c|4|dword||.idata|0x0
DATA|009cc030|4|dword||.idata|0x0
DATA|009cc034|4|dword||.idata|0x5cc7c2
DATA|009cc038|4|dword||.idata|0x5cc298
DATA|009cc03c|4|dword||.idata|0x5cc0c4
DATA|009cc040|4|dword||.idata|0x0
DATA|009cc044|4|dword||.idata|0x0
DATA|009cc048|4|dword||.idata|0x5cc854
DATA|009cc04c|4|dword||.idata|0x5cc2a0
DATA|009cc050|4|dword||.idata|0x5cc0a0
DATA|009cc054|4|dword||.idata|0x0
DATA|009cc058|4|dword||.idata|0x0
DATA|009cc05c|4|dword||.idata|0x5cc890
DATA|009cc060|4|dword||.idata|0x5cc27c
DATA|009cc064|4|dword||.idata|0x5cc26c
DATA|009cc068|4|dword||.idata|0x0
DATA|009cc06c|4|dword||.idata|0x0
DATA|009cc070|4|dword||.idata|0x5cc8d4
DATA|009cc074|4|dword||.idata|0x5cc448
DATA|009cc078|4|dword||.idata|0x5cc0b0
DATA|009cc07c|4|dword||.idata|0x0
DATA|009cc080|4|dword||.idata|0x0
DATA|009cc084|4|dword||.idata|0x5cc90a
DATA|009cc088|4|dword||.idata|0x5cc28c
DATA|009cc0a0|4|dword||.idata|0x5cc880
DATA|009cc0a4|4|dword||.idata|0x5cc85e
DATA|009cc0a8|4|dword||.idata|0x5cc86c
DATA|009cc0b0|4|dword||.idata|0x5cc8de
DATA|009cc0b4|4|dword||.idata|0x5cc8f2
DATA|009cc0bc|4|dword||.idata|0x5cc7ae
DATA|009cc0c4|4|dword||.idata|0x5cc832
DATA|009cc0c8|4|dword||.idata|0x5cc7ce
DATA|009cc0cc|4|dword||.idata|0x5cc7e0
DATA|009cc0d0|4|dword||.idata|0x5cc802
DATA|009cc0d4|4|dword||.idata|0x5cc812
DATA|009cc0d8|4|dword||.idata|0x5cc7f4
DATA|009cc0dc|4|dword||.idata|0x5cc844
DATA|009cc0e0|4|dword||.idata|0x5cc822
DATA|009cc0e8|4|dword||.idata|0x5cc570
DATA|009cc0ec|4|dword||.idata|0x5cc54c
DATA|009cc0f0|4|dword||.idata|0x5cc590
DATA|009cc0f4|4|dword||.idata|0x5cc580
DATA|009cc0f8|4|dword||.idata|0x5cc55a
DATA|009cc0fc|4|dword||.idata|0x5cc51a
DATA|009cc100|4|dword||.idata|0x5cc53c
DATA|009cc104|4|dword||.idata|0x5cc52c
DATA|009cc108|4|dword||.idata|0x5cc5a4
DATA|009cc10c|4|dword||.idata|0x5cc5b8
DATA|009cc110|4|dword||.idata|0x5cc4a0
DATA|009cc114|4|dword||.idata|0x5cc92c
DATA|009cc118|4|dword||.idata|0x5cc914
DATA|009cc11c|4|dword||.idata|0x5ccc0c
DATA|009cc120|4|dword||.idata|0x5cc920
DATA|009cc124|4|dword||.idata|0x5ccbea
DATA|009cc128|4|dword||.idata|0x5ccbd8
DATA|009cc12c|4|dword||.idata|0x5ccbfc
DATA|009cc130|4|dword||.idata|0x5ccbb8
DATA|009cc134|4|dword||.idata|0x5ccbaa
DATA|009cc138|4|dword||.idata|0x5ccbc8
DATA|009cc13c|4|dword||.idata|0x5ccb8a
DATA|009cc140|4|dword||.idata|0x5ccb7e
DATA|009cc144|4|dword||.idata|0x5ccb96
DATA|009cc148|4|dword||.idata|0x5ccb68
DATA|009cc14c|4|dword||.idata|0x5ccb52
DATA|009cc150|4|dword||.idata|0x5ccb74
DATA|009cc154|4|dword||.idata|0x5ccb20
DATA|009cc158|4|dword||.idata|0x5ccb06
DATA|009cc15c|4|dword||.idata|0x5ccb38
DATA|009cc160|4|dword||.idata|0x5ccad6
DATA|009cc164|4|dword||.idata|0x5ccac0
DATA|009cc168|4|dword||.idata|0x5cc4ee
DATA|009cc16c|4|dword||.idata|0x5cc4e6
DATA|009cc170|4|dword||.idata|0x5ccaf0
DATA|009cc174|4|dword||.idata|0x5ccaa4
DATA|009cc178|4|dword||.idata|0x5cca92
DATA|009cc17c|4|dword||.idata|0x5cca86
DATA|009cc180|4|dword||.idata|0x5cca76
DATA|009cc184|4|dword||.idata|0x5cca64
DATA|009cc188|4|dword||.idata|0x5cca56
DATA|009cc18c|4|dword||.idata|0x5cc458
DATA|009cc190|4|dword||.idata|0x5cca46
DATA|009cc194|4|dword||.idata|0x5cca36
DATA|009cc198|4|dword||.idata|0x5cc4d6
DATA|009cc19c|4|dword||.idata|0x5cc4ba
DATA|009cc1a0|4|dword||.idata|0x5cc500
DATA|009cc1a4|4|dword||.idata|0x5cc490
DATA|009cc1a8|4|dword||.idata|0x5ccc32
DATA|009cc1ac|4|dword||.idata|0x5ccc20
DATA|009cc1b0|4|dword||.idata|0x5cc480
DATA|009cc1b4|4|dword||.idata|0x5cc468
DATA|009cc1b8|4|dword||.idata|0x5cc9a2
DATA|009cc1bc|4|dword||.idata|0x5cca28
DATA|009cc1c0|4|dword||.idata|0x5cc9b6
DATA|009cc1c4|4|dword||.idata|0x5cc93e
DATA|009cc1c8|4|dword||.idata|0x5cc94a
DATA|009cc1cc|4|dword||.idata|0x5cc964
DATA|009cc1d0|4|dword||.idata|0x5cc97c
DATA|009cc1d4|4|dword||.idata|0x5cc994
DATA|009cc1d8|4|dword||.idata|0x5cca0c
DATA|009cc1dc|4|dword||.idata|0x5cc9ca
DATA|009cc1e0|4|dword||.idata|0x5cc9d8
DATA|009cc1e4|4|dword||.idata|0x5cc9ec
DATA|009cc1e8|4|dword||.idata|0x5cc9fe
DATA|009cc1ec|4|dword||.idata|0x5cca1a
DATA|009cc1f4|4|dword||.idata|0x5cc5da
DATA|009cc1f8|4|dword||.idata|0x5cc5ee
DATA|009cc1fc|4|dword||.idata|0x5cc602
DATA|009cc200|4|dword||.idata|0x5cc616
DATA|009cc204|4|dword||.idata|0x5cc626
DATA|009cc208|4|dword||.idata|0x5cc634
DATA|009cc20c|4|dword||.idata|0x5cc644
DATA|009cc210|4|dword||.idata|0x5cc652
DATA|009cc214|4|dword||.idata|0x5cc65e
DATA|009cc218|4|dword||.idata|0x5cc680
DATA|009cc21c|4|dword||.idata|0x5cc77e
DATA|009cc220|4|dword||.idata|0x5cc792
DATA|009cc224|4|dword||.idata|0x5cc78a
DATA|009cc228|4|dword||.idata|0x5cc756
DATA|009cc22c|4|dword||.idata|0x5cc770
DATA|009cc230|4|dword||.idata|0x5cc764
DATA|009cc234|4|dword||.idata|0x5cc72c
DATA|009cc238|4|dword||.idata|0x5cc74a
DATA|009cc23c|4|dword||.idata|0x5cc738
DATA|009cc240|4|dword||.idata|0x5cc6fc
DATA|009cc244|4|dword||.idata|0x5cc720
DATA|009cc248|4|dword||.idata|0x5cc70e
DATA|009cc24c|4|dword||.idata|0x5cc6c2
DATA|009cc250|4|dword||.idata|0x5cc6ec
DATA|009cc254|4|dword||.idata|0x5cc6d8
DATA|009cc258|4|dword||.idata|0x5cc68e
DATA|009cc25c|4|dword||.idata|0x5cc6b0
DATA|009cc260|4|dword||.idata|0x5cc6a0
DATA|009cc264|4|dword||.idata|0x5cc672
DATA|009cc26c|4|dword||.idata|0x5cc8c4
DATA|009cc270|4|dword||.idata|0x5cc8b0
DATA|009cc274|4|dword||.idata|0x5cc89e
DATA|009cc27c|4|pointer|PTR_RegOpenKeyExA_009cc27c|.idata|005cc880
DATA|009cc280|4|pointer|PTR_RegCloseKey_009cc280|.idata|005cc85e
DATA|009cc284|4|pointer|PTR_RegQueryValueExA_009cc284|.idata|005cc86c
DATA|009cc28c|4|pointer|PTR_DirectDrawCreate_009cc28c|.idata|005cc8de
DATA|009cc290|4|pointer|PTR_DirectDrawEnumerateA_009cc290|.idata|005cc8f2
DATA|009cc298|4|pointer|PTR_DirectSoundCreate_009cc298|.idata|005cc7ae
DATA|009cc2a0|4|pointer|PTR_RealizePalette_009cc2a0|.idata|005cc832
DATA|009cc2a4|4|pointer|PTR_SetPixelFormat_009cc2a4|.idata|005cc7ce
DATA|009cc2a8|4|pointer|PTR_ChoosePixelFormat_009cc2a8|.idata|005cc7e0
DATA|009cc2ac|4|pointer|PTR_StretchDIBits_009cc2ac|.idata|005cc802
DATA|009cc2b0|4|pointer|PTR_CreatePalette_009cc2b0|.idata|005cc812
DATA|009cc2b4|4|pointer|PTR_SwapBuffers_009cc2b4|.idata|005cc7f4
DATA|009cc2b8|4|pointer|PTR_SelectPalette_009cc2b8|.idata|005cc844
DATA|009cc2bc|4|pointer|PTR_DeleteObject_009cc2bc|.idata|005cc822
DATA|009cc2c4|4|pointer|PTR_GetVersionExA_009cc2c4|.idata|005cc570
DATA|009cc2c8|4|pointer|PTR_FreeLibrary_009cc2c8|.idata|005cc54c
DATA|009cc2cc|4|pointer|PTR_SetThreadPriority_009cc2cc|.idata|005cc590
DATA|009cc2d0|4|pointer|PTR_GetSystemInfo_009cc2d0|.idata|005cc580
DATA|009cc2d4|4|pointer|PTR_GlobalMemoryStatus_009cc2d4|.idata|005cc55a
DATA|009cc2d8|4|pointer|PTR_GetProcAddress_009cc2d8|.idata|005cc51a
DATA|009cc2dc|4|pointer|PTR_LoadLibraryA_009cc2dc|.idata|005cc53c
DATA|009cc2e0|4|pointer|PTR_GetLastError_009cc2e0|.idata|005cc52c
DATA|009cc2e4|4|pointer|PTR_GetThreadPriority_009cc2e4|.idata|005cc5a4
DATA|009cc2e8|4|pointer|PTR_GetCurrentThread_009cc2e8|.idata|005cc5b8
DATA|009cc2ec|4|pointer|PTR_QueryPerformanceCounter_009cc2ec|.idata|005cc4a0
DATA|009cc2f0|4|pointer|PTR_SetFilePointer_009cc2f0|.idata|005cc92c
DATA|009cc2f4|4|pointer|PTR_HeapAlloc_009cc2f4|.idata|005cc914
DATA|009cc2f8|4|pointer|PTR_ReadConsoleInputA_009cc2f8|.idata|005ccc0c
DATA|009cc2fc|4|pointer|PTR_HeapFree_009cc2fc|.idata|005cc920
DATA|009cc300|4|pointer|PTR_GetStringTypeW_009cc300|.idata|005ccbea
DATA|009cc304|4|pointer|PTR_GetStringTypeA_009cc304|.idata|005ccbd8
DATA|009cc308|4|pointer|PTR_SetEndOfFile_009cc308|.idata|005ccbfc
DATA|009cc30c|4|pointer|PTR_LCMapStringA_009cc30c|.idata|005ccbb8
DATA|009cc310|4|pointer|PTR_CreateFileA_009cc310|.idata|005ccbaa
DATA|009cc314|4|pointer|PTR_LCMapStringW_009cc314|.idata|005ccbc8
DATA|009cc318|4|pointer|PTR_RtlUnwind_009cc318|.idata|005ccb8a
DATA|009cc31c|4|pointer|PTR_GetOEMCP_009cc31c|.idata|005ccb7e
DATA|009cc320|4|pointer||.idata|005ccb96
DATA|009cc324|4|pointer|PTR_GetCPInfo_009cc324|.idata|005ccb68
DATA|009cc328|4|pointer|PTR_WideCharToMultiByte_009cc328|.idata|005ccb52
DATA|009cc32c|4|pointer|PTR_GetACP_009cc32c|.idata|005ccb74
DATA|009cc330|4|pointer|PTR_GetEnvironmentStrings_009cc330|.idata|005ccb20
DATA|009cc334|4|pointer|PTR_FreeEnvironmentStringsW_009cc334|.idata|005ccb06
DATA|009cc338|4|pointer|PTR_GetEnvironmentStringsW_009cc338|.idata|005ccb38
DATA|009cc33c|4|pointer|PTR_FreeEnvironmentStringsA_009cc33c|.idata|005ccad6
DATA|009cc340|4|pointer|PTR_GetModuleFileNameA_009cc340|.idata|005ccac0
DATA|009cc344|4|pointer|PTR_GetCommandLineA_009cc344|.idata|005cc4ee
DATA|009cc348|4|pointer|PTR_Sleep_009cc348|.idata|005cc4e6
DATA|009cc34c|4|pointer|PTR_MultiByteToWideChar_009cc34c|.idata|005ccaf0
DATA|009cc350|4|pointer||.idata|005ccaa4
DATA|009cc354|4|pointer|PTR_RaiseException_009cc354|.idata|005cca92
DATA|009cc358|4|pointer|PTR_WriteFile_009cc358|.idata|005cca86
DATA|009cc35c|4|pointer|PTR_GetStdHandle_009cc35c|.idata|005cca76
DATA|009cc360|4|pointer|PTR_SetHandleCount_009cc360|.idata|005cca64
DATA|009cc364|4|pointer|PTR_GetFileType_009cc364|.idata|005cca56
DATA|009cc368|4|pointer|PTR_WriteConsoleA_009cc368|.idata|005cc458
DATA|009cc36c|4|pointer|PTR_SetStdHandle_009cc36c|.idata|005cca46
DATA|009cc370|4|pointer|PTR_VirtualAlloc_009cc370|.idata|005cca36
DATA|009cc374|4|pointer|PTR_GetTickCount_009cc374|.idata|005cc4d6
DATA|009cc378|4|pointer|PTR_QueryPerformanceFrequency_009cc378|.idata|005cc4ba
DATA|009cc37c|4|pointer|PTR_GetSystemDefaultLangID_009cc37c|.idata|005cc500
DATA|009cc380|4|pointer|PTR_SetErrorMode_009cc380|.idata|005cc490
DATA|009cc384|4|pointer|PTR_GetConsoleMode_009cc384|.idata|005ccc32
DATA|009cc388|4|pointer|PTR_SetConsoleMode_009cc388|.idata|005ccc20
DATA|009cc38c|4|pointer|PTR_GetDriveTypeA_009cc38c|.idata|005cc480
DATA|009cc390|4|pointer|PTR_GetVolumeInformationA_009cc390|.idata|005cc468
DATA|009cc394|4|pointer|PTR_TerminateProcess_009cc394|.idata|005cc9a2
DATA|009cc398|4|pointer|PTR_VirtualFree_009cc398|.idata|005cca28
DATA|009cc39c|4|pointer|PTR_GetCurrentProcess_009cc39c|.idata|005cc9b6
DATA|009cc3a0|4|pointer|PTR_ReadFile_009cc3a0|.idata|005cc93e
DATA|009cc3a4|4|pointer|PTR_SetEnvironmentVariableA_009cc3a4|.idata|005cc94a
DATA|009cc3a8|4|pointer|PTR_GetCurrentDirectoryA_009cc3a8|.idata|005cc964
DATA|009cc3ac|4|pointer|PTR_SetCurrentDirectoryA_009cc3ac|.idata|005cc97c
DATA|009cc3b0|4|pointer|PTR_ExitProcess_009cc3b0|.idata|005cc994
DATA|009cc3b4|4|pointer|PTR_HeapDestroy_009cc3b4|.idata|005cca0c
DATA|009cc3b8|4|pointer|PTR_CloseHandle_009cc3b8|.idata|005cc9ca
DATA|009cc3bc|4|pointer|PTR_GetModuleHandleA_009cc3bc|.idata|005cc9d8
DATA|009cc3c0|4|pointer|PTR_GetStartupInfoA_009cc3c0|.idata|005cc9ec
DATA|009cc3c4|4|pointer|PTR_GetVersion_009cc3c4|.idata|005cc9fe
DATA|009cc3c8|4|pointer|PTR_HeapCreate_009cc3c8|.idata|005cca1a
DATA|009cc3d0|4|pointer|PTR_GetKeyboardState_009cc3d0|.idata|005cc5da
DATA|009cc3d4|4|pointer|PTR_DispatchMessageA_009cc3d4|.idata|005cc5ee
DATA|009cc3d8|4|pointer|PTR_TranslateMessage_009cc3d8|.idata|005cc602
DATA|009cc3dc|4|pointer|PTR_PeekMessageA_009cc3dc|.idata|005cc616
DATA|009cc3e0|4|pointer|PTR_MessageBoxA_009cc3e0|.idata|005cc626
DATA|009cc3e4|4|pointer|PTR_GetClientRect_009cc3e4|.idata|005cc634
DATA|009cc3e8|4|pointer|PTR_ShowWindow_009cc3e8|.idata|005cc644
DATA|009cc3ec|4|pointer|PTR_IsIconic_009cc3ec|.idata|005cc652
DATA|009cc3f0|4|pointer|PTR_BringWindowToTop_009cc3f0|.idata|005cc65e
DATA|009cc3f4|4|pointer|PTR_LoadStringA_009cc3f4|.idata|005cc680
DATA|009cc3f8|4|pointer|PTR_SetFocus_009cc3f8|.idata|005cc77e
DATA|009cc3fc|4|pointer|PTR_SetWindowPos_009cc3fc|.idata|005cc792
DATA|009cc400|4|pointer|PTR_GetDC_009cc400|.idata|005cc78a
DATA|009cc404|4|pointer|PTR_LoadCursorA_009cc404|.idata|005cc756
DATA|009cc408|4|pointer|PTR_BeginPaint_009cc408|.idata|005cc770
DATA|009cc40c|4|pointer|PTR_EndPaint_009cc40c|.idata|005cc764
DATA|009cc410|4|pointer|PTR_ReleaseDC_009cc410|.idata|005cc72c
DATA|009cc414|4|pointer|PTR_SetCursor_009cc414|.idata|005cc74a
DATA|009cc418|4|pointer|PTR_DefWindowProcA_009cc418|.idata|005cc738
DATA|009cc41c|4|pointer|PTR_CreateWindowExA_009cc41c|.idata|005cc6fc
DATA|009cc420|4|pointer|PTR_LoadIconA_009cc420|.idata|005cc720
DATA|009cc424|4|pointer|PTR_RegisterClassA_009cc424|.idata|005cc70e
DATA|009cc428|4|pointer|PTR_GetForegroundWindow_009cc428|.idata|005cc6c2
DATA|009cc42c|4|pointer|PTR_DestroyWindow_009cc42c|.idata|005cc6ec
DATA|009cc430|4|pointer|PTR_GetSystemMetrics_009cc430|.idata|005cc6d8
DATA|009cc434|4|pointer|PTR_PostQuitMessage_009cc434|.idata|005cc68e
DATA|009cc438|4|pointer|PTR_InvalidateRect_009cc438|.idata|005cc6b0
DATA|009cc43c|4|pointer|PTR_UpdateWindow_009cc43c|.idata|005cc6a0
DATA|009cc440|4|pointer|PTR_FindWindowA_009cc440|.idata|005cc672
DATA|009cc448|4|pointer|PTR_CoInitialize_009cc448|.idata|005cc8c4
DATA|009cc44c|4|pointer|PTR_CoCreateInstance_009cc44c|.idata|005cc8b0
DATA|009cc450|4|pointer|PTR_CoUninitialize_009cc450|.idata|005cc89e
DATA|009cc458|2|word||.idata|0x270
DATA|009cc45a|14|TerminatedCString||.idata|WriteConsoleA
DATA|009cc468|2|word||.idata|0x14f
DATA|009cc46a|22|TerminatedCString||.idata|GetVolumeInformationA
DATA|009cc480|2|word||.idata|0xdf
DATA|009cc482|14|TerminatedCString||.idata|GetDriveTypeA
DATA|009cc490|2|word||.idata|0x213
DATA|009cc492|13|TerminatedCString||.idata|SetErrorMode
DATA|009cc4a0|2|word||.idata|0x1c5
DATA|009cc4a2|24|TerminatedCString||.idata|QueryPerformanceCounter
DATA|009cc4ba|2|word||.idata|0x1c6
DATA|009cc4bc|26|TerminatedCString||.idata|QueryPerformanceFrequency
DATA|009cc4d6|2|word||.idata|0x145
DATA|009cc4d8|13|TerminatedCString||.idata|GetTickCount
DATA|009cc4e6|2|word||.idata|0x23f
DATA|009cc4e8|6|TerminatedCString||.idata|Sleep
DATA|009cc4ee|2|word||.idata|0xaa
DATA|009cc4f0|16|TerminatedCString||.idata|GetCommandLineA
DATA|009cc500|2|word||.idata|0x130
DATA|009cc502|23|TerminatedCString||.idata|GetSystemDefaultLangID
DATA|009cc51a|2|word||.idata|0x116
DATA|009cc51c|15|TerminatedCString||.idata|GetProcAddress
DATA|009cc52c|2|word||.idata|0xf4
DATA|009cc52e|13|TerminatedCString||.idata|GetLastError
DATA|009cc53c|2|word||.idata|0x190
DATA|009cc53e|13|TerminatedCString||.idata|LoadLibraryA
DATA|009cc54c|2|word||.idata|0x98
DATA|009cc54e|12|TerminatedCString||.idata|FreeLibrary
DATA|009cc55a|2|word||.idata|0x161
DATA|009cc55c|19|TerminatedCString||.idata|GlobalMemoryStatus
DATA|009cc570|2|word||.idata|0x14d
DATA|009cc572|14|TerminatedCString||.idata|GetVersionExA
DATA|009cc580|2|word||.idata|0x133
DATA|009cc582|14|TerminatedCString||.idata|GetSystemInfo
DATA|009cc590|2|word||.idata|0x233
DATA|009cc592|18|TerminatedCString||.idata|SetThreadPriority
DATA|009cc5a4|2|word||.idata|0x141
DATA|009cc5a6|18|TerminatedCString||.idata|GetThreadPriority
DATA|009cc5b8|2|word||.idata|0xd5
DATA|009cc5ba|17|TerminatedCString||.idata|GetCurrentThread
DATA|009cc5cc|13|TerminatedCString||.idata|KERNEL32.dll
DATA|009cc5da|2|word||.idata|0x106
DATA|009cc5dc|17|TerminatedCString||.idata|GetKeyboardState
DATA|009cc5ee|2|word||.idata|0x90
DATA|009cc5f0|17|TerminatedCString||.idata|DispatchMessageA
DATA|009cc602|2|word||.idata|0x245
DATA|009cc604|17|TerminatedCString||.idata|TranslateMessage
DATA|009cc616|2|word||.idata|0x1af
DATA|009cc618|13|TerminatedCString||.idata|PeekMessageA
DATA|009cc626|2|word||.idata|0x195
DATA|009cc628|12|TerminatedCString||.idata|MessageBoxA
DATA|009cc634|2|word||.idata|0xe4
DATA|009cc636|14|TerminatedCString||.idata|GetClientRect
DATA|009cc644|2|word||.idata|0x22d
DATA|009cc646|11|TerminatedCString||.idata|ShowWindow
DATA|009cc652|2|word||.idata|0x164
DATA|009cc654|9|TerminatedCString||.idata|IsIconic
DATA|009cc65e|2|word||.idata|0xa
DATA|009cc660|17|TerminatedCString||.idata|BringWindowToTop
DATA|009cc672|2|word||.idata|0xcd
DATA|009cc674|12|TerminatedCString||.idata|FindWindowA
DATA|009cc680|2|word||.idata|0x183
DATA|009cc682|12|TerminatedCString||.idata|LoadStringA
DATA|009cc68e|2|word||.idata|0x1b3
DATA|009cc690|16|TerminatedCString||.idata|PostQuitMessage
DATA|009cc6a0|2|word||.idata|0x251
DATA|009cc6a2|13|TerminatedCString||.idata|UpdateWindow
DATA|009cc6b0|2|word||.idata|0x152
DATA|009cc6b2|15|TerminatedCString||.idata|InvalidateRect
DATA|009cc6c2|2|word||.idata|0xf9
DATA|009cc6c4|20|TerminatedCString||.idata|GetForegroundWindow
DATA|009cc6d8|2|word||.idata|0x12c
DATA|009cc6da|17|TerminatedCString||.idata|GetSystemMetrics
DATA|009cc6ec|2|word||.idata|0x8a
DATA|009cc6ee|14|TerminatedCString||.idata|DestroyWindow
DATA|009cc6fc|2|word||.idata|0x55
DATA|009cc6fe|16|TerminatedCString||.idata|CreateWindowExA
DATA|009cc70e|2|word||.idata|0x1be
DATA|009cc710|15|TerminatedCString||.idata|RegisterClassA
DATA|009cc720|2|word||.idata|0x176
DATA|009cc722|10|TerminatedCString||.idata|LoadIconA
DATA|009cc72c|2|word||.idata|0x1cd
DATA|009cc72e|10|TerminatedCString||.idata|ReleaseDC
DATA|009cc738|2|word||.idata|0x80
DATA|009cc73a|15|TerminatedCString||.idata|DefWindowProcA
DATA|009cc74a|2|word||.idata|0x1ec
DATA|009cc74c|10|TerminatedCString||.idata|SetCursor
DATA|009cc756|2|word||.idata|0x172
DATA|009cc758|12|TerminatedCString||.idata|LoadCursorA
DATA|009cc764|2|word||.idata|0xb6
DATA|009cc766|9|TerminatedCString||.idata|EndPaint
DATA|009cc770|2|word||.idata|0x9
DATA|009cc772|11|TerminatedCString||.idata|BeginPaint
DATA|009cc77e|2|word||.idata|0x1f5
DATA|009cc780|9|TerminatedCString||.idata|SetFocus
DATA|009cc78a|2|word||.idata|0xee
DATA|009cc78c|6|TerminatedCString||.idata|GetDC
DATA|009cc792|2|word||.idata|0x21e
DATA|009cc794|13|TerminatedCString||.idata|SetWindowPos
DATA|009cc7a2|11|TerminatedCString||.idata|USER32.dll
DATA|009cc7ae|2|word||.idata|0x0
DATA|009cc7b0|18|TerminatedCString||.idata|DirectSoundCreate
DATA|009cc7c2|11|TerminatedCString||.idata|DSOUND.dll
DATA|009cc7ce|2|word||.idata|0x168
DATA|009cc7d0|15|TerminatedCString||.idata|SetPixelFormat
DATA|009cc7e0|2|word||.idata|0xd
DATA|009cc7e2|18|TerminatedCString||.idata|ChoosePixelFormat
DATA|009cc7f4|2|word||.idata|0x182
DATA|009cc7f6|12|TerminatedCString||.idata|SwapBuffers
DATA|009cc802|2|word||.idata|0x17f
DATA|009cc804|14|TerminatedCString||.idata|StretchDIBits
DATA|009cc812|2|word||.idata|0x35
DATA|009cc814|14|TerminatedCString||.idata|CreatePalette
DATA|009cc822|2|word||.idata|0x46
DATA|009cc824|13|TerminatedCString||.idata|DeleteObject
DATA|009cc832|2|word||.idata|0x137
DATA|009cc834|15|TerminatedCString||.idata|RealizePalette
DATA|009cc844|2|word||.idata|0x14b
DATA|009cc846|14|TerminatedCString||.idata|SelectPalette
DATA|009cc854|10|TerminatedCString||.idata|GDI32.dll
DATA|009cc85e|2|word||.idata|0x117
DATA|009cc860|12|TerminatedCString||.idata|RegCloseKey
DATA|009cc86c|2|word||.idata|0x136
DATA|009cc86e|17|TerminatedCString||.idata|RegQueryValueExA
DATA|009cc880|2|word||.idata|0x12e
DATA|009cc882|14|TerminatedCString||.idata|RegOpenKeyExA
DATA|009cc890|13|TerminatedCString||.idata|ADVAPI32.dll
DATA|009cc89e|2|word||.idata|0x48
DATA|009cc8a0|15|TerminatedCString||.idata|CoUninitialize
DATA|009cc8b0|2|word||.idata|0xc
DATA|009cc8b2|17|TerminatedCString||.idata|CoCreateInstance
DATA|009cc8c4|2|word||.idata|0x26
DATA|009cc8c6|13|TerminatedCString||.idata|CoInitialize
DATA|009cc8d4|10|TerminatedCString||.idata|ole32.dll
DATA|009cc8de|2|word||.idata|0x6
DATA|009cc8e0|17|TerminatedCString||.idata|DirectDrawCreate
DATA|009cc8f2|2|word||.idata|0x8
DATA|009cc8f4|21|TerminatedCString||.idata|DirectDrawEnumerateA
DATA|009cc90a|10|TerminatedCString||.idata|DDRAW.dll
DATA|009cc914|2|word||.idata|0x168
DATA|009cc916|10|TerminatedCString||.idata|HeapAlloc
DATA|009cc920|2|word||.idata|0x16e
DATA|009cc922|9|TerminatedCString||.idata|HeapFree
DATA|009cc92c|2|word||.idata|0x219
DATA|009cc92e|15|TerminatedCString||.idata|SetFilePointer
DATA|009cc93e|2|word||.idata|0x1d6
DATA|009cc940|9|TerminatedCString||.idata|ReadFile
DATA|009cc94a|2|word||.idata|0x211
DATA|009cc94c|24|TerminatedCString||.idata|SetEnvironmentVariableA
DATA|009cc964|2|word||.idata|0xd1
DATA|009cc966|21|TerminatedCString||.idata|GetCurrentDirectoryA
DATA|009cc97c|2|word||.idata|0x20c
DATA|009cc97e|21|TerminatedCString||.idata|SetCurrentDirectoryA
DATA|009cc994|2|word||.idata|0x6b
DATA|009cc996|12|TerminatedCString||.idata|ExitProcess
DATA|009cc9a2|2|word||.idata|0x246
DATA|009cc9a4|17|TerminatedCString||.idata|TerminateProcess
DATA|009cc9b6|2|word||.idata|0xd3
DATA|009cc9b8|18|TerminatedCString||.idata|GetCurrentProcess
DATA|009cc9ca|2|word||.idata|0x18
DATA|009cc9cc|12|TerminatedCString||.idata|CloseHandle
DATA|009cc9d8|2|word||.idata|0xfe
DATA|009cc9da|17|TerminatedCString||.idata|GetModuleHandleA
DATA|009cc9ec|2|word||.idata|0x128
DATA|009cc9ee|16|TerminatedCString||.idata|GetStartupInfoA
DATA|009cc9fe|2|word||.idata|0x14c
DATA|009cca00|11|TerminatedCString||.idata|GetVersion
DATA|009cca0c|2|word||.idata|0x16c
DATA|009cca0e|12|TerminatedCString||.idata|HeapDestroy
DATA|009cca1a|2|word||.idata|0x16a
DATA|009cca1c|11|TerminatedCString||.idata|HeapCreate
DATA|009cca28|2|word||.idata|0x25e
DATA|009cca2a|12|TerminatedCString||.idata|VirtualFree
DATA|009cca36|2|word||.idata|0x25b
DATA|009cca38|13|TerminatedCString||.idata|VirtualAlloc
DATA|009cca46|2|word||.idata|0x229
DATA|009cca48|13|TerminatedCString||.idata|SetStdHandle
DATA|009cca56|2|word||.idata|0xef
DATA|009cca58|12|TerminatedCString||.idata|GetFileType
DATA|009cca64|2|word||.idata|0x21b
DATA|009cca66|15|TerminatedCString||.idata|SetHandleCount
DATA|009cca76|2|word||.idata|0x12a
DATA|009cca78|13|TerminatedCString||.idata|GetStdHandle
DATA|009cca86|2|word||.idata|0x27b
DATA|009cca88|10|TerminatedCString||.idata|WriteFile
DATA|009cca92|2|word||.idata|0x1c9
DATA|009cca94|15|TerminatedCString||.idata|RaiseException
DATA|009ccaa4|2|word||.idata|0x250
DATA|009ccaa6|25|TerminatedCString||.idata|UnhandledExceptionFilter
DATA|009ccac0|2|word||.idata|0xfc
DATA|009ccac2|19|TerminatedCString||.idata|GetModuleFileNameA
DATA|009ccad6|2|word||.idata|0x96
DATA|009ccad8|24|TerminatedCString||.idata|FreeEnvironmentStringsA
DATA|009ccaf0|2|word||.idata|0x1ab
DATA|009ccaf2|20|TerminatedCString||.idata|MultiByteToWideChar
DATA|009ccb06|2|word||.idata|0x97
DATA|009ccb08|24|TerminatedCString||.idata|FreeEnvironmentStringsW
DATA|009ccb20|2|word||.idata|0xe1
DATA|009ccb22|22|TerminatedCString||.idata|GetEnvironmentStrings
DATA|009ccb38|2|word||.idata|0xe3
DATA|009ccb3a|23|TerminatedCString||.idata|GetEnvironmentStringsW
DATA|009ccb52|2|word||.idata|0x26e
DATA|009ccb54|20|TerminatedCString||.idata|WideCharToMultiByte
DATA|009ccb68|2|word||.idata|0xa3
DATA|009ccb6a|10|TerminatedCString||.idata|GetCPInfo
DATA|009ccb74|2|word||.idata|0x9d
DATA|009ccb76|7|TerminatedCString||.idata|GetACP
DATA|009ccb7e|2|word||.idata|0x109
DATA|009ccb80|9|TerminatedCString||.idata|GetOEMCP
DATA|009ccb8a|2|word||.idata|0x1e5
DATA|009ccb8c|10|TerminatedCString||.idata|RtlUnwind
DATA|009ccb96|2|word||.idata|0x8e
DATA|009ccb98|17|TerminatedCString||.idata|FlushFileBuffers
DATA|009ccbaa|2|word||.idata|0x31
DATA|009ccbac|12|TerminatedCString||.idata|CreateFileA
DATA|009ccbb8|2|word||.idata|0x18d
DATA|009ccbba|13|TerminatedCString||.idata|LCMapStringA
DATA|009ccbc8|2|word||.idata|0x18e
DATA|009ccbca|13|TerminatedCString||.idata|LCMapStringW
DATA|009ccbd8|2|word||.idata|0x12b
DATA|009ccbda|15|TerminatedCString||.idata|GetStringTypeA
DATA|009ccbea|2|word||.idata|0x12e
DATA|009ccbec|15|TerminatedCString||.idata|GetStringTypeW
DATA|009ccbfc|2|word||.idata|0x210
DATA|009ccbfe|13|TerminatedCString||.idata|SetEndOfFile
DATA|009ccc0c|2|word||.idata|0x1cb
DATA|009ccc0e|18|TerminatedCString||.idata|ReadConsoleInputA
DATA|009ccc20|2|word||.idata|0x202
DATA|009ccc22|15|TerminatedCString||.idata|SetConsoleMode
DATA|009ccc32|2|word||.idata|0xc9
DATA|009ccc34|15|TerminatedCString||.idata|GetConsoleMode
DATA|009cd000|16|IMAGE_RESOURCE_DIRECTORY|IMAGE_RESOURCE_DIRECTORY_009cd000|.rsrc|
DATA|009cd010|8|IMAGE_RESOURCE_DIRECTORY_ENTRY||.rsrc|
DATA|009cd018|8|IMAGE_RESOURCE_DIRECTORY_ENTRY||.rsrc|
DATA|009cd020|16|IMAGE_RESOURCE_DIRECTORY||.rsrc|
DATA|009cd030|8|IMAGE_RESOURCE_DIRECTORY_ENTRY||.rsrc|
DATA|009cd038|8|IMAGE_RESOURCE_DIRECTORY_ENTRY||.rsrc|
DATA|009cd040|16|IMAGE_RESOURCE_DIRECTORY||.rsrc|
DATA|009cd050|8|IMAGE_RESOURCE_DIRECTORY_ENTRY||.rsrc|
DATA|009cd058|16|IMAGE_RESOURCE_DIRECTORY||.rsrc|
DATA|009cd068|8|IMAGE_RESOURCE_DIRECTORY_ENTRY||.rsrc|
DATA|009cd070|16|IMAGE_RESOURCE_DIRECTORY||.rsrc|
DATA|009cd080|8|IMAGE_RESOURCE_DIRECTORY_ENTRY||.rsrc|
DATA|009cd088|16|IMAGE_RESOURCE_DIRECTORY||.rsrc|
DATA|009cd098|8|IMAGE_RESOURCE_DIRECTORY_ENTRY||.rsrc|
DATA|009cd0a0|16|IMAGE_RESOURCE_DATA_ENTRY||.rsrc|
DATA|009cd0b0|16|IMAGE_RESOURCE_DATA_ENTRY||.rsrc|
DATA|009cd0c0|16|IMAGE_RESOURCE_DATA_ENTRY||.rsrc|
DATA|009cd0d0|92|VS_VERSION_INFO|Rsrc_Version_1_409|.rsrc|
DATA|009cd12c|6|StringFileInfo||.rsrc|
DATA|009cd132|30|TerminatedUnicode||.rsrc|StringFileInfo
DATA|009cd150|6|StringTable||.rsrc|
DATA|009cd156|18|TerminatedUnicode||.rsrc|040904b0
DATA|009cd168|6|StringInfo||.rsrc|
DATA|009cd16e|24|TerminatedUnicode||.rsrc|CompanyName
DATA|009cd188|22|TerminatedUnicode||.rsrc|Infogrames
DATA|009cd1a0|6|StringInfo||.rsrc|
DATA|009cd1a6|32|TerminatedUnicode||.rsrc|FileDescription
DATA|009cd1c8|48|TerminatedUnicode||.rsrc|Bugs Bunny Lost In Time
DATA|009cd1f8|6|StringInfo||.rsrc|
DATA|009cd1fe|24|TerminatedUnicode||.rsrc|FileVersion
DATA|009cd218|10|TerminatedUnicode||.rsrc|b1.6
DATA|009cd224|6|StringInfo||.rsrc|
DATA|009cd22a|26|TerminatedUnicode||.rsrc|InternalName
DATA|009cd244|48|TerminatedUnicode||.rsrc|Bugs Bunny Lost In Time
DATA|009cd274|6|StringInfo||.rsrc|
DATA|009cd27a|30|TerminatedUnicode||.rsrc|LegalCopyright
DATA|009cd298|36|TerminatedUnicode||.rsrc|Infogrames © 1999
DATA|009cd2bc|6|StringInfo||.rsrc|
DATA|009cd2c2|34|TerminatedUnicode||.rsrc|OriginalFilename
DATA|009cd2e4|18|TerminatedUnicode||.rsrc|bugs.exe
DATA|009cd2f8|6|StringInfo||.rsrc|
DATA|009cd2fe|24|TerminatedUnicode||.rsrc|ProductName
DATA|009cd318|48|TerminatedUnicode||.rsrc|Bugs Bunny Lost In Time
DATA|009cd348|6|StringInfo||.rsrc|
DATA|009cd34e|30|TerminatedUnicode||.rsrc|ProductVersion
DATA|009cd36c|10|TerminatedUnicode||.rsrc|b1.6
DATA|009cd378|6|VarFileInfo||.rsrc|
DATA|009cd37e|24|TerminatedUnicode||.rsrc|VarFileInfo
DATA|009cd398|6|Var||.rsrc|
DATA|009cd39e|24|TerminatedUnicode||.rsrc|Translation
DATA|009cd3b8|4|dword||.rsrc|0x4b00409
DATA|009cd3bc|2|PascalUnicode|Rsrc_StringTable_1_409|.rsrc|
DATA|009cd3be|48|PascalUnicode||.rsrc|Bugs Bunny Lost In Time
DATA|009cd3ee|100|PascalUnicode||.rsrc|Please insert the Bugs Bunny Lost In Time CD-ROM.
DATA|009cd452|30|PascalUnicode||.rsrc|File not found
DATA|009cd470|56|PascalUnicode||.rsrc|Do you really want to quit?
DATA|009cd4a8|78|PascalUnicode||.rsrc|Bugs Bunny - Voyage à travers le temps
DATA|009cd4f6|130|PascalUnicode||.rsrc|Veuillez insérer le CD-ROM Bugs Bunny Voyage à travers le temps.
DATA|009cd578|40|PascalUnicode||.rsrc|Fichier introuvable
DATA|009cd5a0|76|PascalUnicode||.rsrc|Voulez-vous vraiment quitter le jeu ?
DATA|009cd5ec|50|PascalUnicode||.rsrc|Bugs Bunny Auf Zeitreise
DATA|009cd61e|114|PascalUnicode||.rsrc|Bitte legen Sie die Bugs Bunny Auf Zeitreise-CD-ROM ein.
DATA|009cd690|42|PascalUnicode||.rsrc|Datei nicht gefunden
DATA|009cd6ba|36|PascalUnicode||.rsrc|Wirklich beenden?
DATA|009cd6de|58|PascalUnicode||.rsrc|Bugs Bunny Reis door de Tijd
DATA|009cd718|94|PascalUnicode||.rsrc|Plaats de Bugs Bunny Reis door de Tijd-CD-ROM.
DATA|009cd776|44|PascalUnicode||.rsrc|Bestand niet gevonden
DATA|009cd7a4|56|PascalUnicode|Rsrc_StringTable_2_409|.rsrc|Wil je werkelijk afsluiten?
DATA|009cd7dc|64|PascalUnicode||.rsrc|Bugs Bunny Perdido en el tiempo
DATA|009cd81c|108|PascalUnicode||.rsrc|Inserta el CD-ROM de Bugs Bunny Perdido en el tiempo.
DATA|009cd888|54|PascalUnicode||.rsrc|No se encuentra el archivo
DATA|009cd8be|54|PascalUnicode||.rsrc|¿Seguro que quieres salir?
DATA|009cd8f4|48|PascalUnicode||.rsrc|Bugs Bunny Lost In Time
DATA|009cd924|96|PascalUnicode||.rsrc|Inserisci il CD-ROM di Bugs Bunny Lost in Time.
DATA|009cd984|34|PascalUnicode||.rsrc|File non trovato
DATA|009cd9a6|42|PascalUnicode||.rsrc|Vuoi uscire davvero?
DATA|009cd9d0|2|PascalUnicode||.rsrc|
DATA|009cd9d2|2|PascalUnicode||.rsrc|
DATA|009cd9d4|2|PascalUnicode||.rsrc|
DATA|009cd9d6|2|PascalUnicode||.rsrc|
DATA|009cd9d8|2|PascalUnicode||.rsrc|
DATA|009cd9da|2|PascalUnicode||.rsrc|
DATA|009cd9dc|2|PascalUnicode||.rsrc|
DATA|009ce000|8|IMAGE_BASE_RELOCATION|IMAGE_BASE_RELOCATION_009ce000|.reloc|
DATA|009ce008|2|word||.reloc|0x3160
DATA|009ce00a|2|word||.reloc|0x31a5
DATA|009ce00c|2|word||.reloc|0x3212
DATA|009ce00e|2|word||.reloc|0x323d
DATA|009ce010|2|word||.reloc|0x32b3
DATA|009ce012|2|word||.reloc|0x32d4
DATA|009ce014|2|word||.reloc|0x32f5
DATA|009ce016|2|word||.reloc|0x3316
DATA|009ce018|2|word||.reloc|0x33ab
DATA|009ce01a|2|word||.reloc|0x3c27
DATA|009ce01c|2|word||.reloc|0x3c34
DATA|009ce01e|2|word||.reloc|0x3c63
DATA|009ce020|2|word||.reloc|0x3d01
DATA|009ce022|2|word||.reloc|0x3d1d
DATA|009ce024|2|word||.reloc|0x3dbf
DATA|009ce026|2|word||.reloc|0x3e42
DATA|009ce028|2|word||.reloc|0x3e6e
DATA|009ce02a|2|word||.reloc|0x3f0d
DATA|009ce02c|2|word||.reloc|0x3f28
DATA|009ce02e|2|word||.reloc|0x3fc1
DATA|009ce030|8|IMAGE_BASE_RELOCATION||.reloc|
DATA|009ce038|2|word||.reloc|0x3004
DATA|009ce03a|2|word||.reloc|0x3027
DATA|009ce03c|2|word||.reloc|0x303e
DATA|009ce03e|2|word||.reloc|0x3043
DATA|009ce040|2|word||.reloc|0x305e
DATA|009ce042|2|word||.reloc|0x3071
DATA|009ce044|2|word||.reloc|0x307c
DATA|009ce046|2|word||.reloc|0x3081
DATA|009ce048|2|word||.reloc|0x308c
DATA|009ce04a|2|word||.reloc|0x3092
DATA|009ce04c|2|word||.reloc|0x30a0
DATA|009ce04e|2|word||.reloc|0x30db
DATA|009ce050|2|word||.reloc|0x3115
DATA|009ce052|2|word||.reloc|0x3147
DATA|009ce054|2|word||.reloc|0x31a5
DATA|009ce056|2|word||.reloc|0x31c9
DATA|009ce058|2|word||.reloc|0x31d4
DATA|009ce05a|2|word||.reloc|0x31ec
DATA|009ce05c|2|word||.reloc|0x3251
DATA|009ce05e|2|word||.reloc|0x3262
DATA|009ce060|2|word||.reloc|0x3280
DATA|009ce062|2|word||.reloc|0x3292
DATA|009ce064|2|word||.reloc|0x3297
DATA|009ce066|2|word||.reloc|0x32b6
DATA|009ce068|2|word||.reloc|0x32c8
DATA|009ce06a|2|word||.reloc|0x32d6
DATA|009ce06c|2|word||.reloc|0x32e4
DATA|009ce06e|2|word||.reloc|0x32f2
DATA|009ce070|2|word||.reloc|0x3300
DATA|009ce072|2|word||.reloc|0x3310
DATA|009ce074|2|word||.reloc|0x3316
DATA|009ce076|2|word||.reloc|0x3327
DATA|009ce078|2|word||.reloc|0x332d
DATA|009ce07a|2|word||.reloc|0x333b
DATA|009ce07c|2|word||.reloc|0x3347
DATA|009ce07e|2|word||.reloc|0x3357
DATA|009ce080|2|word||.reloc|0x335d
DATA|009ce082|2|word||.reloc|0x336d
DATA|009ce084|2|word||.reloc|0x3373
DATA|009ce086|2|word||.reloc|0x3383
DATA|009ce088|2|word||.reloc|0x3389
DATA|009ce08a|2|word||.reloc|0x3397
DATA|009ce08c|2|word||.reloc|0x33a3
DATA|009ce08e|2|word||.reloc|0x33b3
DATA|009ce090|2|word||.reloc|0x33b9
DATA|009ce092|2|word||.reloc|0x33e4
DATA|009ce094|2|word||.reloc|0x33ec
DATA|009ce096|2|word||.reloc|0x33f1
DATA|009ce098|2|word||.reloc|0x3413
DATA|009ce09a|2|word||.reloc|0x341d
DATA|009ce09c|2|word||.reloc|0x342c
DATA|009ce09e|2|word||.reloc|0x3438
DATA|009ce0a0|2|word||.reloc|0x3448
DATA|009ce0a2|2|word||.reloc|0x344e
DATA|009ce0a4|2|word||.reloc|0x345e
DATA|009ce0a6|2|word||.reloc|0x3464
DATA|009ce0a8|2|word||.reloc|0x3472
DATA|009ce0aa|2|word||.reloc|0x347e
DATA|009ce0ac|2|word||.reloc|0x348e
DATA|009ce0ae|2|word||.reloc|0x3498
DATA|009ce0b0|2|word||.reloc|0x34a7
DATA|009ce0b2|2|word||.reloc|0x34ad
DATA|009ce0b4|2|word||.reloc|0x34be
DATA|009ce0b6|2|word||.reloc|0x34c4
DATA|009ce0b8|2|word||.reloc|0x34d2
DATA|009ce0ba|2|word||.reloc|0x34de
DATA|009ce0bc|2|word||.reloc|0x34ee
DATA|009ce0be|2|word||.reloc|0x34f4
DATA|009ce0c0|2|word||.reloc|0x3503
DATA|009ce0c2|2|word||.reloc|0x3509
DATA|009ce0c4|2|word||.reloc|0x3519
DATA|009ce0c6|2|word||.reloc|0x351f
DATA|009ce0c8|2|word||.reloc|0x352d
DATA|009ce0ca|2|word||.reloc|0x3539
DATA|009ce0cc|2|word||.reloc|0x3549
DATA|009ce0ce|2|word||.reloc|0x354f
DATA|009ce0d0|2|word||.reloc|0x355d
DATA|009ce0d2|2|word||.reloc|0x3567
DATA|009ce0d4|2|word||.reloc|0x356e
DATA|009ce0d6|2|word||.reloc|0x3578
DATA|009ce0d8|2|word||.reloc|0x357f
DATA|009ce0da|2|word||.reloc|0x3589
DATA|009ce0dc|2|word||.reloc|0x35b9
DATA|009ce0de|2|word||.reloc|0x35c3
DATA|009ce0e0|2|word||.reloc|0x35c7
DATA|009ce0e2|2|word||.reloc|0x35d3
DATA|009ce0e4|2|word||.reloc|0x35dd
DATA|009ce0e6|2|word||.reloc|0x35e1
DATA|009ce0e8|2|word||.reloc|0x35eb
DATA|009ce0ea|2|word||.reloc|0x35f5
DATA|009ce0ec|2|word||.reloc|0x35f9
DATA|009ce0ee|2|word||.reloc|0x3611
DATA|009ce0f0|2|word||.reloc|0x3626
DATA|009ce0f2|2|word||.reloc|0x3632
DATA|009ce0f4|2|word||.reloc|0x3638
DATA|009ce0f6|2|word||.reloc|0x3641
DATA|009ce0f8|2|word||.reloc|0x3648
DATA|009ce0fa|2|word||.reloc|0x3654
DATA|009ce0fc|2|word||.reloc|0x3659
DATA|009ce0fe|2|word||.reloc|0x3669
DATA|009ce100|2|word||.reloc|0x366e
DATA|009ce102|2|word||.reloc|0x367e
DATA|009ce104|2|word||.reloc|0x3684
DATA|009ce106|2|word||.reloc|0x368b
DATA|009ce108|2|word||.reloc|0x369b
DATA|009ce10a|2|word||.reloc|0x36a0
DATA|009ce10c|2|word||.reloc|0x36a8
DATA|009ce10e|2|word||.reloc|0x36ae
DATA|009ce110|2|word||.reloc|0x36be
DATA|009ce112|2|word||.reloc|0x36c4
DATA|009ce114|2|word||.reloc|0x36e1
DATA|009ce116|2|word||.reloc|0x36e6
DATA|009ce118|2|word||.reloc|0x36ec
DATA|009ce11a|2|word||.reloc|0x36f6
DATA|009ce11c|2|word||.reloc|0x36ff
DATA|009ce11e|2|word||.reloc|0x3713
DATA|009ce120|2|word||.reloc|0x3721
DATA|009ce122|2|word||.reloc|0x3726
DATA|009ce124|2|word||.reloc|0x3731
DATA|009ce126|2|word||.reloc|0x3737
DATA|009ce128|2|word||.reloc|0x3745
DATA|009ce12a|2|word||.reloc|0x3758
DATA|009ce12c|2|word||.reloc|0x3760
DATA|009ce12e|2|word||.reloc|0x3765
DATA|009ce130|2|word||.reloc|0x376d
DATA|009ce132|2|word||.reloc|0x3791
DATA|009ce134|2|word||.reloc|0x37a3
DATA|009ce136|2|word||.reloc|0x37af
DATA|009ce138|2|word||.reloc|0x37b5
DATA|009ce13a|2|word||.reloc|0x37be
DATA|009ce13c|2|word||.reloc|0x37c5
DATA|009ce13e|2|word||.reloc|0x37d1
DATA|009ce140|2|word||.reloc|0x37d6
DATA|009ce142|2|word||.reloc|0x37e6
DATA|009ce144|2|word||.reloc|0x37eb
DATA|009ce146|2|word||.reloc|0x37fb
DATA|009ce148|2|word||.reloc|0x3801
DATA|009ce14a|2|word||.reloc|0x3811
DATA|009ce14c|2|word||.reloc|0x381b
DATA|009ce14e|2|word||.reloc|0x383e
DATA|009ce150|2|word||.reloc|0x3844
DATA|009ce152|2|word||.reloc|0x385b
DATA|009ce154|2|word||.reloc|0x3861
DATA|009ce156|2|word||.reloc|0x3870
DATA|009ce158|2|word||.reloc|0x3876
DATA|009ce15a|2|word||.reloc|0x387b
DATA|009ce15c|2|word||.reloc|0x38b2
DATA|009ce15e|2|word||.reloc|0x38c7
DATA|009ce160|2|word||.reloc|0x38cd
DATA|009ce162|2|word||.reloc|0x38dd
DATA|009ce164|2|word||.reloc|0x390f
DATA|009ce166|2|word||.reloc|0x3918
DATA|009ce168|2|word||.reloc|0x394f
DATA|009ce16a|2|word||.reloc|0x395b
DATA|009ce16c|2|word||.reloc|0x397c
DATA|009ce16e|2|word||.reloc|0x3989
DATA|009ce170|2|word||.reloc|0x3995
DATA|009ce172|2|word||.reloc|0x39bc
DATA|009ce174|2|word||.reloc|0x39c9
DATA|009ce176|2|word||.reloc|0x39d5
DATA|009ce178|2|word||.reloc|0x39fc
DATA|009ce17a|2|word||.reloc|0x3a09
DATA|009ce17c|2|word||.reloc|0x3a15
DATA|009ce17e|2|word||.reloc|0x3a39
DATA|009ce180|2|word||.reloc|0x3a43
DATA|009ce182|2|word||.reloc|0x3a4c
DATA|009ce184|2|word||.reloc|0x3a70
DATA|009ce186|2|word||.reloc|0x3a7a
DATA|009ce188|2|word||.reloc|0x3a83
DATA|009ce18a|2|word||.reloc|0x3aa7
DATA|009ce18c|2|word||.reloc|0x3ab1
DATA|009ce18e|2|word||.reloc|0x3ab6
DATA|009ce190|2|word||.reloc|0x3ad6
DATA|009ce192|2|word||.reloc|0x3ae0
DATA|009ce194|2|word||.reloc|0x3afd
DATA|009ce196|2|word||.reloc|0x3b0d
DATA|009ce198|2|word||.reloc|0x3b17
DATA|009ce19a|2|word||.reloc|0x3b34
DATA|009ce19c|2|word||.reloc|0x3b44
DATA|009ce19e|2|word||.reloc|0x3b4e
DATA|009ce1a0|2|word||.reloc|0x3b6b
DATA|009ce1a2|2|word||.reloc|0x3b7b
DATA|009ce1a4|2|word||.reloc|0x3b85
DATA|009ce1a6|2|word||.reloc|0x3ba2
DATA|009ce1a8|2|word||.reloc|0x3bb2
DATA|009ce1aa|2|word||.reloc|0x3bbc
DATA|009ce1ac|2|word||.reloc|0x3bd9
DATA|009ce1ae|2|word||.reloc|0x3be9
DATA|009ce1b0|2|word||.reloc|0x3bf3
DATA|009ce1b2|2|word||.reloc|0x3c10
DATA|009ce1b4|2|word||.reloc|0x3c20
DATA|009ce1b6|2|word||.reloc|0x3c26
DATA|009ce1b8|2|word||.reloc|0x3c4a
DATA|009ce1ba|2|word||.reloc|0x3c54
DATA|009ce1bc|2|word||.reloc|0x3c61
DATA|009ce1be|2|word||.reloc|0x3c81
DATA|009ce1c0|2|word||.reloc|0x3c8b
DATA|009ce1c2|2|word||.reloc|0x3c9d
DATA|009ce1c4|2|word||.reloc|0x3cb8
DATA|009ce1c6|2|word||.reloc|0x3cc2
DATA|009ce1c8|2|word||.reloc|0x3ccf
DATA|009ce1ca|2|word||.reloc|0x3cef
DATA|009ce1cc|2|word||.reloc|0x3cf9
DATA|009ce1ce|2|word||.reloc|0x3d0b
DATA|009ce1d0|2|word||.reloc|0x3d26
DATA|009ce1d2|2|word||.reloc|0x3d30
DATA|009ce1d4|2|word||.reloc|0x3d3d
DATA|009ce1d6|2|word||.reloc|0x3d5d
DATA|009ce1d8|2|word||.reloc|0x3d67
DATA|009ce1da|2|word||.reloc|0x3d79
DATA|009ce1dc|2|word||.reloc|0x3d94
DATA|009ce1de|2|word||.reloc|0x3d9a
DATA|009ce1e0|2|word||.reloc|0x3da7
DATA|009ce1e2|2|word||.reloc|0x3dc3
DATA|009ce1e4|2|word||.reloc|0x3dd7
DATA|009ce1e6|2|word||.reloc|0x3df3
DATA|009ce1e8|2|word||.reloc|0x3e03
DATA|009ce1ea|2|word||.reloc|0x3e1c
DATA|009ce1ec|2|word||.reloc|0x3e2c
DATA|009ce1ee|2|word||.reloc|0x3e48
DATA|009ce1f0|2|word||.reloc|0x3e55
DATA|009ce1f2|2|word||.reloc|0x3e75
DATA|009ce1f4|2|word||.reloc|0x3e7f
DATA|009ce1f6|2|word||.reloc|0x3e91
DATA|009ce1f8|2|word||.reloc|0x3eaf
DATA|009ce1fa|2|word||.reloc|0x3eb5
DATA|009ce1fc|2|word||.reloc|0x3ebe
DATA|009ce1fe|2|word||.reloc|0x3ed1
DATA|009ce200|2|word||.reloc|0x3eee
DATA|009ce202|2|word||.reloc|0x3ef8
DATA|009ce204|2|word||.reloc|0x3f05
DATA|009ce206|2|word||.reloc|0x3f25
DATA|009ce208|2|word||.reloc|0x3f2b
DATA|009ce20a|2|word||.reloc|0x3f41
DATA|009ce20c|2|word||.reloc|0x3f53
DATA|009ce20e|2|word||.reloc|0x3f71
DATA|009ce210|2|word||.reloc|0x3f7b
DATA|009ce212|2|word||.reloc|0x3f84
DATA|009ce214|2|word||.reloc|0x3fab
DATA|009ce216|2|word||.reloc|0x3fb1
DATA|009ce218|2|word||.reloc|0x3fb6
DATA|009ce21a|2|word||.reloc|0x3ff9
DATA|009ce21c|2|word||.reloc|0x3fff
DATA|009ce21e|2|word||.reloc|0x0
DATA|009ce220|8|IMAGE_BASE_RELOCATION||.reloc|
DATA|009ce228|2|word||.reloc|0x3013
DATA|009ce22a|2|word||.reloc|0x3020
DATA|009ce22c|2|word||.reloc|0x3027
DATA|009ce22e|2|word||.reloc|0x302c
DATA|009ce230|2|word||.reloc|0x305e
DATA|009ce232|2|word||.reloc|0x3070
DATA|009ce234|2|word||.reloc|0x3078
DATA|009ce236|2|word||.reloc|0x307d
DATA|009ce238|2|word||.reloc|0x3089
DATA|009ce23a|2|word||.reloc|0x3091
DATA|009ce23c|2|word||.reloc|0x309b
DATA|009ce23e|2|word||.reloc|0x30a1
DATA|009ce240|2|word||.reloc|0x30af
DATA|009ce242|2|word||.reloc|0x30c4
DATA|009ce244|2|word||.reloc|0x30d9
DATA|009ce246|2|word||.reloc|0x30ee
DATA|009ce248|2|word||.reloc|0x3103
DATA|009ce24a|2|word||.reloc|0x3118
DATA|009ce24c|2|word||.reloc|0x312d
DATA|009ce24e|2|word||.reloc|0x3142
DATA|009ce250|2|word||.reloc|0x3157
DATA|009ce252|2|word||.reloc|0x3165
DATA|009ce254|2|word||.reloc|0x316f
DATA|009ce256|2|word||.reloc|0x3175
DATA|009ce258|2|word||.reloc|0x3188
DATA|009ce25a|2|word||.reloc|0x319f
DATA|009ce25c|2|word||.reloc|0x31ae
DATA|009ce25e|2|word||.reloc|0x31c1
DATA|009ce260|2|word||.reloc|0x31cd
DATA|009ce262|2|word||.reloc|0x31e8
DATA|009ce264|2|word||.reloc|0x31f2
DATA|009ce266|2|word||.reloc|0x31fb
DATA|009ce268|2|word||.reloc|0x3203
DATA|009ce26a|2|word||.reloc|0x3212
DATA|009ce26c|2|word||.reloc|0x3217
DATA|009ce26e|2|word||.reloc|0x321c
DATA|009ce270|2|word||.reloc|0x3235
DATA|009ce272|2|word||.reloc|0x3272
DATA|009ce274|2|word||.reloc|0x3277
DATA|009ce276|2|word||.reloc|0x3291
DATA|009ce278|2|word||.reloc|0x3297
DATA|009ce27a|2|word||.reloc|0x329c
DATA|009ce27c|2|word||.reloc|0x32a2
DATA|009ce27e|2|word||.reloc|0x32b6
DATA|009ce280|2|word||.reloc|0x32c2
DATA|009ce282|2|word||.reloc|0x32cc
DATA|009ce284|2|word||.reloc|0x32e9
DATA|009ce286|2|word||.reloc|0x32f0
DATA|009ce288|2|word||.reloc|0x3302
DATA|009ce28a|2|word||.reloc|0x330b
DATA|009ce28c|2|word||.reloc|0x3317
DATA|009ce28e|2|word||.reloc|0x3329
DATA|009ce290|2|word||.reloc|0x3332
DATA|009ce292|2|word||.reloc|0x3374
DATA|009ce294|2|word||.reloc|0x3380
DATA|009ce296|2|word||.reloc|0x3386
DATA|009ce298|2|word||.reloc|0x338c
DATA|009ce29a|2|word||.reloc|0x3392
DATA|009ce29c|2|word||.reloc|0x339d
DATA|009ce29e|2|word||.reloc|0x33ab
DATA|009ce2a0|2|word||.reloc|0x33b1
DATA|009ce2a2|2|word||.reloc|0x33b8
DATA|009ce2a4|2|word||.reloc|0x33be
DATA|009ce2a6|2|word||.reloc|0x33c4
DATA|009ce2a8|2|word||.reloc|0x33cf
DATA|009ce2aa|2|word||.reloc|0x3578
DATA|009ce2ac|2|word||.reloc|0x3582
DATA|009ce2ae|2|word||.reloc|0x358c
DATA|009ce2b0|2|word||.reloc|0x3640
DATA|009ce2b2|2|word||.reloc|0x3649
DATA|009ce2b4|2|word||.reloc|0x367c
DATA|009ce2b6|2|word||.reloc|0x3682
DATA|009ce2b8|2|word||.reloc|0x3691
DATA|009ce2ba|2|word||.reloc|0x369a
DATA|009ce2bc|2|word||.reloc|0x36cd
DATA|009ce2be|2|word||.reloc|0x36d3
DATA|009ce2c0|2|word||.reloc|0x3719
DATA|009ce2c2|2|word||.reloc|0x3722
DATA|009ce2c4|2|word||.reloc|0x3748
DATA|009ce2c6|2|word||.reloc|0x3754
DATA|009ce2c8|2|word||.reloc|0x37d2
DATA|009ce2ca|2|word||.reloc|0x37dd
DATA|009ce2cc|2|word||.reloc|0x3809
DATA|009ce2ce|2|word||.reloc|0x3815
DATA|009ce2d0|2|word||.reloc|0x3883
DATA|009ce2d2|2|word||.reloc|0x388c
DATA|009ce2d4|2|word||.reloc|0x38ba
DATA|009ce2d6|2|word||.reloc|0x38c6
DATA|009ce2d8|2|word||.reloc|0x3950
DATA|009ce2da|2|word||.reloc|0x3959
DATA|009ce2dc|2|word||.reloc|0x3987
DATA|009ce2de|2|word||.reloc|0x3993
DATA|009ce2e0|2|word||.reloc|0x3a23
DATA|009ce2e2|2|word||.reloc|0x3a2f
DATA|009ce2e4|2|word||.reloc|0x3a55
DATA|009ce2e6|2|word||.reloc|0x3a61
DATA|009ce2e8|2|word||.reloc|0x3b01
DATA|009ce2ea|2|word||.reloc|0x3b09
DATA|009ce2ec|2|word||.reloc|0x3b13
DATA|009ce2ee|2|word||.reloc|0x3b22
DATA|009ce2f0|2|word||.reloc|0x3b29
DATA|009ce2f2|2|word||.reloc|0x3b52
DATA|009ce2f4|2|word||.reloc|0x3bd0
DATA|009ce2f6|2|word||.reloc|0x3bdb
DATA|009ce2f8|2|word||.reloc|0x3be5
DATA|009ce2fa|2|word||.reloc|0x3cc1
DATA|009ce2fc|2|word||.reloc|0x3cc9
DATA|009ce2fe|2|word||.reloc|0x3cd3
DATA|009ce300|2|word||.reloc|0x3ce2
DATA|009ce302|2|word||.reloc|0x3ce9
DATA|009ce304|2|word||.reloc|0x3d12
DATA|009ce306|2|word||.reloc|0x3d8e
DATA|009ce308|2|word||.reloc|0x3d9a
DATA|009ce30a|2|word||.reloc|0x3da1
DATA|009ce30c|2|word||.reloc|0x3e72
DATA|009ce30e|2|word||.reloc|0x3e7b
DATA|009ce310|2|word||.reloc|0x3e7f
DATA|009ce312|2|word||.reloc|0x3e85
DATA|009ce314|2|word||.reloc|0x3e89
DATA|009ce316|2|word||.reloc|0x3e8f
DATA|009ce318|2|word||.reloc|0x3e93
DATA|009ce31a|2|word||.reloc|0x3e99
DATA|009ce31c|2|word||.reloc|0x3e9d
DATA|009ce31e|2|word||.reloc|0x3ea4
DATA|009ce320|2|word||.reloc|0x3ea8
DATA|009ce322|2|word||.reloc|0x3eae
DATA|009ce324|2|word||.reloc|0x3eb2
DATA|009ce326|2|word||.reloc|0x3eb8
DATA|009ce328|2|word||.reloc|0x3ebc
DATA|009ce32a|2|word||.reloc|0x3ec2
DATA|009ce32c|2|word||.reloc|0x3ec6
DATA|009ce32e|2|word||.reloc|0x3f62
DATA|009ce330|2|word||.reloc|0x3f9f
DATA|009ce332|2|word||.reloc|0x0
DATA|009ce334|8|IMAGE_BASE_RELOCATION||.reloc|
DATA|009ce33c|2|word||.reloc|0x30c9
DATA|009ce33e|2|word||.reloc|0x30d8
DATA|009ce340|2|word||.reloc|0x30e0
DATA|009ce342|2|word||.reloc|0x30e9
DATA|009ce344|2|word||.reloc|0x3132
DATA|009ce346|2|word||.reloc|0x324c
DATA|009ce348|2|word||.reloc|0x32c3
DATA|009ce34a|2|word||.reloc|0x32d2
DATA|009ce34c|2|word||.reloc|0x32da
DATA|009ce34e|2|word||.reloc|0x32e3
DATA|009ce350|2|word||.reloc|0x332b
DATA|009ce352|2|word||.reloc|0x3340
DATA|009ce354|2|word||.reloc|0x3472
DATA|009ce356|2|word||.reloc|0x3481
DATA|009ce358|2|word||.reloc|0x3489
DATA|009ce35a|2|word||.reloc|0x3492
DATA|009ce35c|2|word||.reloc|0x34da
DATA|009ce35e|2|word||.reloc|0x34ef
DATA|009ce360|2|word||.reloc|0x35c0
DATA|009ce362|2|word||.reloc|0x36b4
DATA|009ce364|2|word||.reloc|0x36ea
DATA|009ce366|2|word||.reloc|0x3841
DATA|009ce368|2|word||.reloc|0x3877
DATA|009ce36a|2|word||.reloc|0x399c
DATA|009ce36c|2|word||.reloc|0x3a45
DATA|009ce36e|2|word||.reloc|0x3a5d
DATA|009ce370|2|word||.reloc|0x3a81
DATA|009ce372|2|word||.reloc|0x3a89
DATA|009ce374|2|word||.reloc|0x3be7
DATA|009ce376|2|word||.reloc|0x3bff
DATA|009ce378|2|word||.reloc|0x3c23
DATA|009ce37a|2|word||.reloc|0x3c2b
DATA|009ce37c|2|word||.reloc|0x3cfa
DATA|009ce37e|2|word||.reloc|0x3d98
DATA|009ce380|2|word||.reloc|0x3dd7
DATA|009ce382|2|word||.reloc|0x3e5b
DATA|009ce384|2|word||.reloc|0x3e6a
DATA|009ce386|2|word||.reloc|0x3e72
DATA|009ce388|2|word||.reloc|0x3e7b
DATA|009ce38a|2|word||.reloc|0x3ec5
DATA|009ce38c|2|word||.reloc|0x3f49
DATA|009ce38e|2|word||.reloc|0x3fa9
DATA|009ce390|2|word||.reloc|0x3fb8
DATA|009ce392|2|word||.reloc|0x3fc0
DATA|009ce394|2|word||.reloc|0x3fc9
DATA|009ce396|2|word||.reloc|0x0
DATA|009ce398|8|IMAGE_BASE_RELOCATION||.reloc|
DATA|009ce3a0|2|word||.reloc|0x3011
DATA|009ce3a2|2|word||.reloc|0x3026
DATA|009ce3a4|2|word||.reloc|0x30ac
DATA|009ce3a6|2|word||.reloc|0x30bb
DATA|009ce3a8|2|word||.reloc|0x30c3
DATA|009ce3aa|2|word||.reloc|0x30cc
DATA|009ce3ac|2|word||.reloc|0x3114
DATA|009ce3ae|2|word||.reloc|0x3129
DATA|009ce3b0|2|word||.reloc|0x315c
DATA|009ce3b2|2|word||.reloc|0x321e
DATA|009ce3b4|2|word||.reloc|0x325c
DATA|009ce3b6|2|word||.reloc|0x32f5
DATA|009ce3b8|2|word||.reloc|0x3330
DATA|009ce3ba|2|word||.reloc|0x33bc
DATA|009ce3bc|2|word||.reloc|0x3441
DATA|009ce3be|2|word||.reloc|0x3459
DATA|009ce3c0|2|word||.reloc|0x347f
DATA|009ce3c2|2|word||.reloc|0x3487
DATA|009ce3c4|2|word||.reloc|0x352a
DATA|009ce3c6|2|word||.reloc|0x3542
DATA|009ce3c8|2|word||.reloc|0x3568
DATA|009ce3ca|2|word||.reloc|0x3570
DATA|009ce3cc|2|word||.reloc|0x35a2
DATA|009ce3ce|2|word||.reloc|0x35d1
DATA|009ce3d0|2|word||.reloc|0x3610
DATA|009ce3d2|2|word||.reloc|0x3628
DATA|009ce3d4|2|word||.reloc|0x3661
DATA|009ce3d6|2|word||.reloc|0x3699
DATA|009ce3d8|2|word||.reloc|0x369e
DATA|009ce3da|2|word||.reloc|0x36a6
DATA|009ce3dc|2|word||.reloc|0x36ea
DATA|009ce3de|2|word||.reloc|0x36f6
DATA|009ce3e0|2|word||.reloc|0x3786
DATA|009ce3e2|2|word||.reloc|0x3790
DATA|009ce3e4|2|word||.reloc|0x385a
DATA|009ce3e6|2|word||.reloc|0x386b
DATA|009ce3e8|2|word||.reloc|0x3881
DATA|009ce3ea|2|word||.reloc|0x3887
DATA|009ce3ec|2|word||.reloc|0x38ca
DATA|009ce3ee|2|word||.reloc|0x3902
DATA|009ce3f0|2|word||.reloc|0x3908
DATA|009ce3f2|2|word||.reloc|0x390e
DATA|009ce3f4|2|word||.reloc|0x3914
DATA|009ce3f6|2|word||.reloc|0x3919
DATA|009ce3f8|2|word||.reloc|0x391f
DATA|009ce3fa|2|word||.reloc|0x3925
DATA|009ce3fc|2|word||.reloc|0x395b
DATA|009ce3fe|2|word||.reloc|0x3963
DATA|009ce400|2|word||.reloc|0x3980
DATA|009ce402|2|word||.reloc|0x3995
DATA|009ce404|2|word||.reloc|0x39a5
DATA|009ce406|2|word||.reloc|0x39ab
DATA|009ce408|2|word||.reloc|0x39b8
DATA|009ce40a|2|word||.reloc|0x39bf
DATA|009ce40c|2|word||.reloc|0x39d0
DATA|009ce40e|2|word||.reloc|0x39e1
DATA|009ce410|2|word||.reloc|0x39ec
DATA|009ce412|2|word||.reloc|0x39f3
DATA|009ce414|2|word||.reloc|0x3a02
DATA|009ce416|2|word||.reloc|0x3a0e
DATA|009ce418|2|word||.reloc|0x3a14
DATA|009ce41a|2|word||.reloc|0x3a18
DATA|009ce41c|2|word||.reloc|0x3a20
DATA|009ce41e|2|word||.reloc|0x3a24
DATA|009ce420|2|word||.reloc|0x3a2c
DATA|009ce422|2|word||.reloc|0x3a30
DATA|009ce424|2|word||.reloc|0x3a38
DATA|009ce426|2|word||.reloc|0x3a3c
DATA|009ce428|2|word||.reloc|0x3a44
DATA|009ce42a|2|word||.reloc|0x3a48
DATA|009ce42c|2|word||.reloc|0x3a50
DATA|009ce42e|2|word||.reloc|0x3a54
DATA|009ce430|2|word||.reloc|0x3a64
DATA|009ce432|2|word||.reloc|0x3a6f
DATA|009ce434|2|word||.reloc|0x3a7d
DATA|009ce436|2|word||.reloc|0x3aac
DATA|009ce438|2|word||.reloc|0x3ac1
DATA|009ce43a|2|word||.reloc|0x3ae6
DATA|009ce43c|2|word||.reloc|0x3b16
DATA|009ce43e|2|word||.reloc|0x3b5a
DATA|009ce440|2|word||.reloc|0x3b60
DATA|009ce442|2|word||.reloc|0x3b6d
DATA|009ce444|2|word||.reloc|0x3b8e
DATA|009ce446|2|word||.reloc|0x3bbc
DATA|009ce448|2|word||.reloc|0x3bcb
DATA|009ce44a|2|word||.reloc|0x3bf7
DATA|009ce44c|2|word||.reloc|0x3bfd
DATA|009ce44e|2|word||.reloc|0x3c03
DATA|009ce450|2|word||.reloc|0x3c09
DATA|009ce452|2|word||.reloc|0x3c0e
DATA|009ce454|2|word||.reloc|0x3c14
DATA|009ce456|2|word||.reloc|0x3c1a
DATA|009ce458|2|word||.reloc|0x3c4e
DATA|009ce45a|2|word||.reloc|0x3c71
DATA|009ce45c|2|word||.reloc|0x3c9f
DATA|009ce45e|2|word||.reloc|0x3cae
DATA|009ce460|2|word||.reloc|0x3cdb
DATA|009ce462|2|word||.reloc|0x3ce1
DATA|009ce464|2|word||.reloc|0x3ce6
DATA|009ce466|2|word||.reloc|0x3ceb
DATA|009ce468|2|word||.reloc|0x3cf1
DATA|009ce46a|2|word||.reloc|0x3cf7
DATA|009ce46c|2|word||.reloc|0x3cfc
DATA|009ce46e|2|word||.reloc|0x3d3c
DATA|009ce470|2|word||.reloc|0x3d4e
DATA|009ce472|2|word||.reloc|0x3d58
DATA|009ce474|2|word||.reloc|0x3d60
DATA|009ce476|2|word||.reloc|0x3d72
DATA|009ce478|2|word||.reloc|0x3d78
DATA|009ce47a|2|word||.reloc|0x3d89
DATA|009ce47c|2|word||.reloc|0x3d9e
DATA|009ce47e|2|word||.reloc|0x3da9
DATA|009ce480|2|word||.reloc|0x3daf
DATA|009ce482|2|word||.reloc|0x3db5
DATA|009ce484|2|word||.reloc|0x3df6
DATA|009ce486|2|word||.reloc|0x3dfb
DATA|009ce488|2|word||.reloc|0x3e00
DATA|009ce48a|2|word||.reloc|0x3e05
DATA|009ce48c|2|word||.reloc|0x3e0a
DATA|009ce48e|2|word||.reloc|0x3e10
DATA|009ce490|2|word||.reloc|0x3e15
DATA|009ce492|2|word||.reloc|0x3e1b
DATA|009ce494|2|word||.reloc|0x3e20
DATA|009ce496|2|word||.reloc|0x3e25
DATA|009ce498|2|word||.reloc|0x3e2e
DATA|009ce49a|2|word||.reloc|0x3e3a
DATA|009ce49c|2|word||.reloc|0x3e40
DATA|009ce49e|2|word||.reloc|0x3e47
DATA|009ce4a0|2|word||.reloc|0x3e61
DATA|009ce4a2|2|word||.reloc|0x3e6b
DATA|009ce4a4|2|word||.reloc|0x3e72
DATA|009ce4a6|2|word||.reloc|0x3e7f
DATA|009ce4a8|2|word||.reloc|0x3e88
DATA|009ce4aa|2|word||.reloc|0x3e91
DATA|009ce4ac|2|word||.reloc|0x3e96
DATA|009ce4ae|2|word||.reloc|0x3e9b
DATA|009ce4b0|2|word||.reloc|0x3ea0
DATA|009ce4b2|2|word||.reloc|0x3eaa
DATA|009ce4b4|2|word||.reloc|0x3eb9
DATA|009ce4b6|2|word||.reloc|0x3ebf
DATA|009ce4b8|2|word||.reloc|0x3ec8
DATA|009ce4ba|2|word||.reloc|0x3ed3
DATA|009ce4bc|2|word||.reloc|0x3ee4
DATA|009ce4be|2|word||.reloc|0x3eef
DATA|009ce4c0|2|word||.reloc|0x3efd
DATA|009ce4c2|2|word||.reloc|0x3f06
DATA|009ce4c4|2|word||.reloc|0x3f0f
DATA|009ce4c6|2|word||.reloc|0x3f15
DATA|009ce4c8|2|word||.reloc|0x3f1b
DATA|009ce4ca|2|word||.reloc|0x3f23
DATA|009ce4cc|2|word||.reloc|0x3f2b
DATA|009ce4ce|2|word||.reloc|0x3f33
DATA|009ce4d0|2|word||.reloc|0x3f3c
DATA|009ce4d2|2|word||.reloc|0x3f41
DATA|009ce4d4|2|word||.reloc|0x3f48
DATA|009ce4d6|2|word||.reloc|0x3f4e
DATA|009ce4d8|2|word||.reloc|0x3f56
DATA|009ce4da|2|word||.reloc|0x3f94
DATA|009ce4dc|2|word||.reloc|0x3f9c
DATA|009ce4de|2|word||.reloc|0x3fa7
DATA|009ce4e0|2|word||.reloc|0x3fdc
DATA|009ce4e2|2|word||.reloc|0x3fed
DATA|009ce4e4|2|word||.reloc|0x3ffb
DATA|009ce4e6|2|word||.reloc|0x0
DATA|009ce4e8|8|IMAGE_BASE_RELOCATION||.reloc|
DATA|009ce4f0|2|word||.reloc|0x3015
DATA|009ce4f2|2|word||.reloc|0x301a
DATA|009ce4f4|2|word||.reloc|0x302c
DATA|009ce4f6|2|word||.reloc|0x303a
DATA|009ce4f8|2|word||.reloc|0x3053
DATA|009ce4fa|2|word||.reloc|0x3060
DATA|009ce4fc|2|word||.reloc|0x3068
DATA|009ce4fe|2|word||.reloc|0x3072
DATA|009ce500|2|word||.reloc|0x3080
DATA|009ce502|2|word||.reloc|0x308c
DATA|009ce504|2|word||.reloc|0x30a3
DATA|009ce506|2|word||.reloc|0x30b7
DATA|009ce508|2|word||.reloc|0x30c8
DATA|009ce50a|2|word||.reloc|0x30fd
DATA|009ce50c|2|word||.reloc|0x3103
DATA|009ce50e|2|word||.reloc|0x3111
DATA|009ce510|2|word||.reloc|0x313c
DATA|009ce512|2|word||.reloc|0x315f
DATA|009ce514|2|word||.reloc|0x3170
DATA|009ce516|2|word||.reloc|0x3174
DATA|009ce518|2|word||.reloc|0x3178
DATA|009ce51a|2|word||.reloc|0x317c
DATA|009ce51c|2|word||.reloc|0x3180
DATA|009ce51e|2|word||.reloc|0x3184
DATA|009ce520|2|word||.reloc|0x31a7
DATA|009ce522|2|word||.reloc|0x31b9
DATA|009ce524|2|word||.reloc|0x31c4
DATA|009ce526|2|word||.reloc|0x31d1
DATA|009ce528|2|word||.reloc|0x31df
DATA|009ce52a|2|word||.reloc|0x320e
DATA|009ce52c|2|word||.reloc|0x3219
DATA|009ce52e|2|word||.reloc|0x321f
DATA|009ce530|2|word||.reloc|0x3227
DATA|009ce532|2|word||.reloc|0x3237
DATA|009ce534|2|word||.reloc|0x3249
DATA|009ce536|2|word||.reloc|0x3280
DATA|009ce538|2|word||.reloc|0x328b
DATA|009ce53a|2|word||.reloc|0x3291
DATA|009ce53c|2|word||.reloc|0x3299
DATA|009ce53e|2|word||.reloc|0x32a9
DATA|009ce540|2|word||.reloc|0x32bb
DATA|009ce542|2|word||.reloc|0x32f2
DATA|009ce544|2|word||.reloc|0x32fd
DATA|009ce546|2|word||.reloc|0x3303
DATA|009ce548|2|word||.reloc|0x330b
DATA|009ce54a|2|word||.reloc|0x3319
DATA|009ce54c|2|word||.reloc|0x3323
DATA|009ce54e|2|word||.reloc|0x3339
DATA|009ce550|2|word||.reloc|0x3344
DATA|009ce552|2|word||.reloc|0x3355
DATA|009ce554|2|word||.reloc|0x3360
DATA|009ce556|2|word||.reloc|0x336e
DATA|009ce558|2|word||.reloc|0x3374
DATA|009ce55a|2|word||.reloc|0x3381
DATA|009ce55c|2|word||.reloc|0x338b
DATA|009ce55e|2|word||.reloc|0x339c
DATA|009ce560|2|word||.reloc|0x33b1
DATA|009ce562|2|word||.reloc|0x33bf
DATA|009ce564|2|word||.reloc|0x33cb
DATA|009ce566|2|word||.reloc|0x33d0
DATA|009ce568|2|word||.reloc|0x33dc
DATA|009ce56a|2|word||.reloc|0x33e9
DATA|009ce56c|2|word||.reloc|0x33f9
DATA|009ce56e|2|word||.reloc|0x3406
DATA|009ce570|2|word||.reloc|0x3418
DATA|009ce572|2|word||.reloc|0x3425
DATA|009ce574|2|word||.reloc|0x3432
DATA|009ce576|2|word||.reloc|0x343f
DATA|009ce578|2|word||.reloc|0x344b
DATA|009ce57a|2|word||.reloc|0x3459
DATA|009ce57c|2|word||.reloc|0x3460
DATA|009ce57e|2|word||.reloc|0x346a
DATA|009ce580|2|word||.reloc|0x3473
DATA|009ce582|2|word||.reloc|0x3482
DATA|009ce584|2|word||.reloc|0x3488
DATA|009ce586|2|word||.reloc|0x348e
DATA|009ce588|2|word||.reloc|0x3494
DATA|009ce58a|2|word||.reloc|0x34a3
DATA|009ce58c|2|word||.reloc|0x34b4
DATA|009ce58e|2|word||.reloc|0x34d8
DATA|009ce590|2|word||.reloc|0x34e5
DATA|009ce592|2|word||.reloc|0x34fa
DATA|009ce594|2|word||.reloc|0x3521
DATA|009ce596|2|word||.reloc|0x3526
DATA|009ce598|2|word||.reloc|0x352c
DATA|009ce59a|2|word||.reloc|0x3532
DATA|009ce59c|2|word||.reloc|0x3538
DATA|009ce59e|2|word||.reloc|0x353e
DATA|009ce5a0|2|word||.reloc|0x3544
DATA|009ce5a2|2|word||.reloc|0x354a
DATA|009ce5a4|2|word||.reloc|0x3550
DATA|009ce5a6|2|word||.reloc|0x3556
DATA|009ce5a8|2|word||.reloc|0x355c
DATA|009ce5aa|2|word||.reloc|0x3562
DATA|009ce5ac|2|word||.reloc|0x3568
DATA|009ce5ae|2|word||.reloc|0x356e
DATA|009ce5b0|2|word||.reloc|0x3588
DATA|009ce5b2|2|word||.reloc|0x358e
DATA|009ce5b4|2|word||.reloc|0x3594
DATA|009ce5b6|2|word||.reloc|0x359a
DATA|009ce5b8|2|word||.reloc|0x35a9
DATA|009ce5ba|2|word||.reloc|0x35af
DATA|009ce5bc|2|word||.reloc|0x35b9
DATA|009ce5be|2|word||.reloc|0x35bf
DATA|009ce5c0|2|word||.reloc|0x35c5
DATA|009ce5c2|2|word||.reloc|0x35cb
DATA|009ce5c4|2|word||.reloc|0x35e7
DATA|009ce5c6|2|word||.reloc|0x35ee
DATA|009ce5c8|2|word||.reloc|0x35fc
DATA|009ce5ca|2|word||.reloc|0x3602
DATA|009ce5cc|2|word||.reloc|0x3607
DATA|009ce5ce|2|word||.reloc|0x3612
DATA|009ce5d0|2|word||.reloc|0x361f
DATA|009ce5d2|2|word||.reloc|0x3635
DATA|009ce5d4|2|word||.reloc|0x3646
DATA|009ce5d6|2|word||.reloc|0x3653
DATA|009ce5d8|2|word||.reloc|0x365e
DATA|009ce5da|2|word||.reloc|0x366c
DATA|009ce5dc|2|word||.reloc|0x3677
DATA|009ce5de|2|word||.reloc|0x3692
DATA|009ce5e0|2|word||.reloc|0x36a4
DATA|009ce5e2|2|word||.reloc|0x36b0
DATA|009ce5e4|2|word||.reloc|0x36b7
DATA|009ce5e6|2|word||.reloc|0x36c3
DATA|009ce5e8|2|word||.reloc|0x36d5
DATA|009ce5ea|2|word||.reloc|0x36dc
DATA|009ce5ec|2|word||.reloc|0x36e2
DATA|009ce5ee|2|word||.reloc|0x36e9
DATA|009ce5f0|2|word||.reloc|0x36ef
DATA|009ce5f2|2|word||.reloc|0x3705
DATA|009ce5f4|2|word||.reloc|0x3711
DATA|009ce5f6|2|word||.reloc|0x3720
DATA|009ce5f8|2|word||.reloc|0x3737
DATA|009ce5fa|2|word||.reloc|0x373e
DATA|009ce5fc|2|word||.reloc|0x3744
DATA|009ce5fe|2|word||.reloc|0x374b
DATA|009ce600|2|word||.reloc|0x3751
DATA|009ce602|2|word||.reloc|0x3757
DATA|009ce604|2|word||.reloc|0x3765
DATA|009ce606|2|word||.reloc|0x376b
DATA|009ce608|2|word||.reloc|0x377d
DATA|009ce60a|2|word||.reloc|0x3783
DATA|009ce60c|2|word||.reloc|0x3790
DATA|009ce60e|2|word||.reloc|0x3796
DATA|009ce610|2|word||.reloc|0x37a1
DATA|009ce612|2|word||.reloc|0x37b1
DATA|009ce614|2|word||.reloc|0x37b7
DATA|009ce616|2|word||.reloc|0x37be
DATA|009ce618|2|word||.reloc|0x37c4
DATA|009ce61a|2|word||.reloc|0x37ca
DATA|009ce61c|2|word||.reloc|0x37d8
DATA|009ce61e|2|word||.reloc|0x37de
DATA|009ce620|2|word||.reloc|0x37ea
DATA|009ce622|2|word||.reloc|0x37f1
DATA|009ce624|2|word||.reloc|0x3802
DATA|009ce626|2|word||.reloc|0x380d
DATA|009ce628|2|word||.reloc|0x3815
DATA|009ce62a|2|word||.reloc|0x381c
DATA|009ce62c|2|word||.reloc|0x3827
DATA|009ce62e|2|word||.reloc|0x3830
DATA|009ce630|2|word||.reloc|0x3839
DATA|009ce632|2|word||.reloc|0x383e
DATA|009ce634|2|word||.reloc|0x3843
DATA|009ce636|2|word||.reloc|0x3848
DATA|009ce638|2|word||.reloc|0x3852
DATA|009ce63a|2|word||.reloc|0x3861
DATA|009ce63c|2|word||.reloc|0x3867
DATA|009ce63e|2|word||.reloc|0x3870
DATA|009ce640|2|word||.reloc|0x387b
DATA|009ce642|2|word||.reloc|0x388c
DATA|009ce644|2|word||.reloc|0x3897
DATA|009ce646|2|word||.reloc|0x38a5
DATA|009ce648|2|word||.reloc|0x38ae
DATA|009ce64a|2|word||.reloc|0x38b3
DATA|009ce64c|2|word||.reloc|0x38b9
DATA|009ce64e|2|word||.reloc|0x38bf
DATA|009ce650|2|word||.reloc|0x38ce
DATA|009ce652|2|word||.reloc|0x38d5
DATA|009ce654|2|word||.reloc|0x38dc
DATA|009ce656|2|word||.reloc|0x38e4
DATA|009ce658|2|word||.reloc|0x38ec
DATA|009ce65a|2|word||.reloc|0x38f4
DATA|009ce65c|2|word||.reloc|0x38fd
DATA|009ce65e|2|word||.reloc|0x3902
DATA|009ce660|2|word||.reloc|0x3909
DATA|009ce662|2|word||.reloc|0x390f
DATA|009ce664|2|word||.reloc|0x3917
DATA|009ce666|2|word||.reloc|0x3940
DATA|009ce668|2|word||.reloc|0x3956
DATA|009ce66a|2|word||.reloc|0x395e
DATA|009ce66c|2|word||.reloc|0x3969
DATA|009ce66e|2|word||.reloc|0x397c
DATA|009ce670|2|word||.reloc|0x3984
DATA|009ce672|2|word||.reloc|0x398b
DATA|009ce674|2|word||.reloc|0x399f
DATA|009ce676|2|word||.reloc|0x39a8
DATA|009ce678|2|word||.reloc|0x39ad
DATA|009ce67a|2|word||.reloc|0x39b2
DATA|009ce67c|2|word||.reloc|0x39b7
DATA|009ce67e|2|word||.reloc|0x39c1
DATA|009ce680|2|word||.reloc|0x39d0
DATA|009ce682|2|word||.reloc|0x39d6
DATA|009ce684|2|word||.reloc|0x39df
DATA|009ce686|2|word||.reloc|0x39ea
DATA|009ce688|2|word||.reloc|0x39fb
DATA|009ce68a|2|word||.reloc|0x3a06
DATA|009ce68c|2|word||.reloc|0x3a14
DATA|009ce68e|2|word||.reloc|0x3a1d
DATA|009ce690|2|word||.reloc|0x3a23
DATA|009ce692|2|word||.reloc|0x3a2f
DATA|009ce694|2|word||.reloc|0x3a35
DATA|009ce696|2|word||.reloc|0x3a3c
DATA|009ce698|2|word||.reloc|0x3a43
DATA|009ce69a|2|word||.reloc|0x3a4e
DATA|009ce69c|2|word||.reloc|0x3a60
DATA|009ce69e|2|word||.reloc|0x3a6a
DATA|009ce6a0|2|word||.reloc|0x3a78
DATA|009ce6a2|2|word||.reloc|0x3a8d
DATA|009ce6a4|2|word||.reloc|0x3a92
DATA|009ce6a6|2|word||.reloc|0x3a98
DATA|009ce6a8|2|word||.reloc|0x3a9e
DATA|009ce6aa|2|word||.reloc|0x3aa4
DATA|009ce6ac|2|word||.reloc|0x3aba
DATA|009ce6ae|2|word||.reloc|0x3ad0
DATA|009ce6b0|2|word||.reloc|0x3b63
DATA|009ce6b2|2|word||.reloc|0x3b6a
DATA|009ce6b4|2|word||.reloc|0x3b7f
DATA|009ce6b6|2|word||.reloc|0x3b85
DATA|009ce6b8|2|word||.reloc|0x3b9a
DATA|009ce6ba|2|word||.reloc|0x3ba1
DATA|009ce6bc|2|word||.reloc|0x3bc9
DATA|009ce6be|2|word||.reloc|0x3bce
DATA|009ce6c0|2|word||.reloc|0x3bd3
DATA|009ce6c2|2|word||.reloc|0x3bd8
DATA|009ce6c4|2|word||.reloc|0x3be2
DATA|009ce6c6|2|word||.reloc|0x3bf1
DATA|009ce6c8|2|word||.reloc|0x3bf7
DATA|009ce6ca|2|word||.reloc|0x3c00
DATA|009ce6cc|2|word||.reloc|0x3c0b
DATA|009ce6ce|2|word||.reloc|0x3c1c
DATA|009ce6d0|2|word||.reloc|0x3c27
DATA|009ce6d2|2|word||.reloc|0x3c36
DATA|009ce6d4|2|word||.reloc|0x3c3b
DATA|009ce6d6|2|word||.reloc|0x3c47
DATA|009ce6d8|2|word||.reloc|0x3c53
DATA|009ce6da|2|word||.reloc|0x3c5a
DATA|009ce6dc|2|word||.reloc|0x3c61
DATA|009ce6de|2|word||.reloc|0x3c68
DATA|009ce6e0|2|word||.reloc|0x3c70
DATA|009ce6e2|2|word||.reloc|0x3c78
DATA|009ce6e4|2|word||.reloc|0x3c80
DATA|009ce6e6|2|word||.reloc|0x3c89
DATA|009ce6e8|2|word||.reloc|0x3c8e
DATA|009ce6ea|2|word||.reloc|0x3c95
DATA|009ce6ec|2|word||.reloc|0x3c9b
DATA|009ce6ee|2|word||.reloc|0x3ca3
DATA|009ce6f0|2|word||.reloc|0x3ccc
DATA|009ce6f2|2|word||.reloc|0x3ce2
DATA|009ce6f4|2|word||.reloc|0x3cea
DATA|009ce6f6|2|word||.reloc|0x3cf5
DATA|009ce6f8|2|word||.reloc|0x3d08
DATA|009ce6fa|2|word||.reloc|0x3d10
DATA|009ce6fc|2|word||.reloc|0x3d17
DATA|009ce6fe|2|word||.reloc|0x3d2b
DATA|009ce700|2|word||.reloc|0x3d34
DATA|009ce702|2|word||.reloc|0x3d39
DATA|009ce704|2|word||.reloc|0x3d3e
DATA|009ce706|2|word||.reloc|0x3d43
DATA|009ce708|2|word||.reloc|0x3d4d
DATA|009ce70a|2|word||.reloc|0x3d5c
DATA|009ce70c|2|word||.reloc|0x3d62
DATA|009ce70e|2|word||.reloc|0x3d6b
DATA|009ce710|2|word||.reloc|0x3d76
DATA|009ce712|2|word||.reloc|0x3d87
DATA|009ce714|2|word||.reloc|0x3d92
DATA|009ce716|2|word||.reloc|0x3da0
DATA|009ce718|2|word||.reloc|0x3da9
DATA|009ce71a|2|word||.reloc|0x3daf
DATA|009ce71c|2|word||.reloc|0x3dbb
DATA|009ce71e|2|word||.reloc|0x3dc1
DATA|009ce720|2|word||.reloc|0x3dc7
DATA|009ce722|2|word||.reloc|0x3dcd
DATA|009ce724|2|word||.reloc|0x3dd3
DATA|009ce726|2|word||.reloc|0x3dd9
DATA|009ce728|2|word||.reloc|0x3ddf
DATA|009ce72a|2|word||.reloc|0x3de5
DATA|009ce72c|2|word||.reloc|0x3dea
DATA|009ce72e|2|word||.reloc|0x3df0
DATA|009ce730|2|word||.reloc|0x3df5
DATA|009ce732|2|word||.reloc|0x3dfb
DATA|009ce734|2|word||.reloc|0x3e17
DATA|009ce736|2|word||.reloc|0x3e1d
DATA|009ce738|2|word||.reloc|0x3e24
DATA|009ce73a|2|word||.reloc|0x3e2a
DATA|009ce73c|2|word||.reloc|0x3e30
DATA|009ce73e|2|word||.reloc|0x3e3e
DATA|009ce740|2|word||.reloc|0x3e44
DATA|009ce742|2|word||.reloc|0x3e4f
DATA|009ce744|2|word||.reloc|0x3e56
DATA|009ce746|2|word||.reloc|0x3e5b
DATA|009ce748|2|word||.reloc|0x3e67
DATA|009ce74a|2|word||.reloc|0x3e75
DATA|009ce74c|2|word||.reloc|0x3e7c
DATA|009ce74e|2|word||.reloc|0x3e82
DATA|009ce750|2|word||.reloc|0x3e88
DATA|009ce752|2|word||.reloc|0x3e8e
DATA|009ce754|2|word||.reloc|0x3e94
DATA|009ce756|2|word||.reloc|0x3e9a
DATA|009ce758|2|word||.reloc|0x3ea0
DATA|009ce75a|2|word||.reloc|0x3ea6
DATA|009ce75c|2|word||.reloc|0x3eac
DATA|009ce75e|2|word||.reloc|0x3eb2
DATA|009ce760|2|word||.reloc|0x3ec5
DATA|009ce762|2|word||.reloc|0x3ecc
DATA|009ce764|2|word||.reloc|0x3ee9
DATA|009ce766|2|word||.reloc|0x3eee
DATA|009ce768|2|word||.reloc|0x3ef6
DATA|009ce76a|2|word||.reloc|0x3efb
DATA|009ce76c|2|word||.reloc|0x3f01
DATA|009ce76e|2|word||.reloc|0x3f07
DATA|009ce770|2|word||.reloc|0x3f0f
DATA|009ce772|2|word||.reloc|0x3f14
DATA|009ce774|2|word||.reloc|0x3f20
DATA|009ce776|2|word||.reloc|0x3f28
DATA|009ce778|2|word||.reloc|0x3f34
DATA|009ce77a|2|word||.reloc|0x3f40
DATA|009ce77c|2|word||.reloc|0x3f4d
DATA|009ce77e|2|word||.reloc|0x3f57
DATA|009ce780|2|word||.reloc|0x3f5f
DATA|009ce782|2|word||.reloc|0x3f6b
DATA|009ce784|2|word||.reloc|0x3f71
DATA|009ce786|2|word||.reloc|0x3f77
DATA|009ce788|2|word||.reloc|0x3f85
DATA|009ce78a|2|word||.reloc|0x3f91
DATA|009ce78c|2|word||.reloc|0x3fb2
DATA|009ce78e|2|word||.reloc|0x3fb9
DATA|009ce790|2|word||.reloc|0x3fc9
DATA|009ce792|2|word||.reloc|0x3fdb
DATA|009ce794|2|word||.reloc|0x3fe1
DATA|009ce796|2|word||.reloc|0x3fe7
DATA|009ce798|2|word||.reloc|0x3ff5
DATA|009ce79a|2|word||.reloc|0x0
DATA|009ce79c|8|IMAGE_BASE_RELOCATION||.reloc|
DATA|009ce7a4|2|word||.reloc|0x3001
DATA|009ce7a6|2|word||.reloc|0x3022
DATA|009ce7a8|2|word||.reloc|0x302a
DATA|009ce7aa|2|word||.reloc|0x3039
DATA|009ce7ac|2|word||.reloc|0x304b
DATA|009ce7ae|2|word||.reloc|0x3058
DATA|009ce7b0|2|word||.reloc|0x3062
DATA|009ce7b2|2|word||.reloc|0x306a
DATA|009ce7b4|2|word||.reloc|0x3071
DATA|009ce7b6|2|word||.reloc|0x3077
DATA|009ce7b8|2|word||.reloc|0x3081
DATA|009ce7ba|2|word||.reloc|0x308f
DATA|009ce7bc|2|word||.reloc|0x3095
DATA|009ce7be|2|word||.reloc|0x309b
DATA|009ce7c0|2|word||.reloc|0x30a9
DATA|009ce7c2|2|word||.reloc|0x30b5
DATA|009ce7c4|2|word||.reloc|0x30d6
DATA|009ce7c6|2|word||.reloc|0x30de
DATA|009ce7c8|2|word||.reloc|0x30ee
DATA|009ce7ca|2|word||.reloc|0x3100
DATA|009ce7cc|2|word||.reloc|0x3106
DATA|009ce7ce|2|word||.reloc|0x310c
DATA|009ce7d0|2|word||.reloc|0x3116
DATA|009ce7d2|2|word||.reloc|0x311e
DATA|009ce7d4|2|word||.reloc|0x3124
DATA|009ce7d6|2|word||.reloc|0x312a
DATA|009ce7d8|2|word||.reloc|0x3130
DATA|009ce7da|2|word||.reloc|0x3136
DATA|009ce7dc|2|word||.reloc|0x3144
DATA|009ce7de|2|word||.reloc|0x314e
DATA|009ce7e0|2|word||.reloc|0x3156
DATA|009ce7e2|2|word||.reloc|0x316b
DATA|009ce7e4|2|word||.reloc|0x3172
DATA|009ce7e6|2|word||.reloc|0x317e
DATA|009ce7e8|2|word||.reloc|0x3191
DATA|009ce7ea|2|word||.reloc|0x31d0
DATA|009ce7ec|2|word||.reloc|0x31da
DATA|009ce7ee|2|word||.reloc|0x31ee
DATA|009ce7f0|2|word||.reloc|0x31fc
DATA|009ce7f2|2|word||.reloc|0x3202
DATA|009ce7f4|2|word||.reloc|0x3209
DATA|009ce7f6|2|word||.reloc|0x321a
DATA|009ce7f8|2|word||.reloc|0x322e
DATA|009ce7fa|2|word||.reloc|0x3267
DATA|009ce7fc|2|word||.reloc|0x3286
DATA|009ce7fe|2|word||.reloc|0x3294
DATA|009ce800|2|word||.reloc|0x329a
DATA|009ce802|2|word||.reloc|0x32a0
DATA|009ce804|2|word||.reloc|0x32ae
DATA|009ce806|2|word||.reloc|0x32bb
DATA|009ce808|2|word||.reloc|0x32e8
DATA|009ce80a|2|word||.reloc|0x32fd
DATA|009ce80c|2|word||.reloc|0x330b
DATA|009ce80e|2|word||.reloc|0x3316
DATA|009ce810|2|word||.reloc|0x331c
DATA|009ce812|2|word||.reloc|0x3328
DATA|009ce814|2|word||.reloc|0x3334
DATA|009ce816|2|word||.reloc|0x3340
DATA|009ce818|2|word||.reloc|0x3352
DATA|009ce81a|2|word||.reloc|0x3364
DATA|009ce81c|2|word||.reloc|0x3371
DATA|009ce81e|2|word||.reloc|0x337e
DATA|009ce820|2|word||.reloc|0x338b
DATA|009ce822|2|word||.reloc|0x3398
DATA|009ce824|2|word||.reloc|0x33a9
DATA|009ce826|2|word||.reloc|0x33b1
DATA|009ce828|2|word||.reloc|0x33b7
DATA|009ce82a|2|word||.reloc|0x33be
DATA|009ce82c|2|word||.reloc|0x33cd
DATA|009ce82e|2|word||.reloc|0x33e2
DATA|009ce830|2|word||.reloc|0x33f0
DATA|009ce832|2|word||.reloc|0x33fb
DATA|009ce834|2|word||.reloc|0x3401
DATA|009ce836|2|word||.reloc|0x340c
DATA|009ce838|2|word||.reloc|0x3419
DATA|009ce83a|2|word||.reloc|0x3424
DATA|009ce83c|2|word||.reloc|0x3435
DATA|009ce83e|2|word||.reloc|0x3442
DATA|009ce840|2|word||.reloc|0x3454
DATA|009ce842|2|word||.reloc|0x3461
DATA|009ce844|2|word||.reloc|0x346e
DATA|009ce846|2|word||.reloc|0x347a
DATA|009ce848|2|word||.reloc|0x3487
DATA|009ce84a|2|word||.reloc|0x3493
DATA|009ce84c|2|word||.reloc|0x3499
DATA|009ce84e|2|word||.reloc|0x34a2
DATA|009ce850|2|word||.reloc|0x34b5
DATA|009ce852|2|word||.reloc|0x34bc
DATA|009ce854|2|word||.reloc|0x34c3
DATA|009ce856|2|word||.reloc|0x34ca
DATA|009ce858|2|word||.reloc|0x34cf
DATA|009ce85a|2|word||.reloc|0x34f1
DATA|009ce85c|2|word||.reloc|0x350e
DATA|009ce85e|2|word||.reloc|0x351e
DATA|009ce860|2|word||.reloc|0x352e
DATA|009ce862|2|word||.reloc|0x3540
DATA|009ce864|2|word||.reloc|0x355a
DATA|009ce866|2|word||.reloc|0x358b
DATA|009ce868|2|word||.reloc|0x3590
DATA|009ce86a|2|word||.reloc|0x35a7
DATA|009ce86c|2|word||.reloc|0x35bb
DATA|009ce86e|2|word||.reloc|0x35e2
DATA|009ce870|2|word||.reloc|0x35f0
DATA|009ce872|2|word||.reloc|0x3601
DATA|009ce874|2|word||.reloc|0x3610
DATA|009ce876|2|word||.reloc|0x361e
DATA|009ce878|2|word||.reloc|0x362d
DATA|009ce87a|2|word||.reloc|0x363b
DATA|009ce87c|2|word||.reloc|0x3649
DATA|009ce87e|2|word||.reloc|0x3657
DATA|009ce880|2|word||.reloc|0x3666
DATA|009ce882|2|word||.reloc|0x3674
DATA|009ce884|2|word||.reloc|0x3683
DATA|009ce886|2|word||.reloc|0x3699
DATA|009ce888|2|word||.reloc|0x36b5
DATA|009ce88a|2|word||.reloc|0x36c5
DATA|009ce88c|2|word||.reloc|0x36cf
DATA|009ce88e|2|word||.reloc|0x36e0
DATA|009ce890|2|word||.reloc|0x36fb
DATA|009ce892|2|word||.reloc|0x3700
DATA|009ce894|2|word||.reloc|0x3739
DATA|009ce896|2|word||.reloc|0x3740
DATA|009ce898|2|word||.reloc|0x377b
DATA|009ce89a|2|word||.reloc|0x3795
DATA|009ce89c|2|word||.reloc|0x379d
DATA|009ce89e|2|word||.reloc|0x37b9
DATA|009ce8a0|2|word||.reloc|0x37c4
DATA|009ce8a2|2|word||.reloc|0x37d1
DATA|009ce8a4|2|word||.reloc|0x37dc
DATA|009ce8a6|2|word||.reloc|0x37e4
DATA|009ce8a8|2|word||.reloc|0x37ef
DATA|009ce8aa|2|word||.reloc|0x37fd
DATA|009ce8ac|2|word||.reloc|0x3805
DATA|009ce8ae|2|word||.reloc|0x3810
DATA|009ce8b0|2|word||.reloc|0x381e
DATA|009ce8b2|2|word||.reloc|0x3824
DATA|009ce8b4|2|word||.reloc|0x3833
DATA|009ce8b6|2|word||.reloc|0x3841
DATA|009ce8b8|2|word||.reloc|0x384f
DATA|009ce8ba|2|word||.reloc|0x3857
DATA|009ce8bc|2|word||.reloc|0x3865
DATA|009ce8be|2|word||.reloc|0x386b
DATA|009ce8c0|2|word||.reloc|0x3871
DATA|009ce8c2|2|word||.reloc|0x3876
DATA|009ce8c4|2|word||.reloc|0x39f0
DATA|009ce8c6|2|word||.reloc|0x3a22
DATA|009ce8c8|2|word||.reloc|0x3a41
DATA|009ce8ca|2|word||.reloc|0x3a6e
DATA|009ce8cc|2|word||.reloc|0x3a81
DATA|009ce8ce|2|word||.reloc|0x3a9c
DATA|009ce8d0|2|word||.reloc|0x3ab7
DATA|009ce8d2|2|word||.reloc|0x3b0e
DATA|009ce8d4|2|word||.reloc|0x3b21
DATA|009ce8d6|2|word||.reloc|0x3b3c
DATA|009ce8d8|2|word||.reloc|0x3b57
DATA|009ce8da|2|word||.reloc|0x3bbe
DATA|009ce8dc|2|word||.reloc|0x3bd1
DATA|009ce8de|2|word||.reloc|0x3beb
DATA|009ce8e0|2|word||.reloc|0x3c05
DATA|009ce8e2|2|word||.reloc|0x3c5c
DATA|009ce8e4|2|word||.reloc|0x3c63
DATA|009ce8e6|2|word||.reloc|0x3c99
DATA|009ce8e8|2|word||.reloc|0x3ccb
DATA|009ce8ea|2|word||.reloc|0x3cf7
DATA|009ce8ec|2|word||.reloc|0x3d26
DATA|009ce8ee|2|word||.reloc|0x3d4d
DATA|009ce8f0|2|word||.reloc|0x3dcb
DATA|009ce8f2|2|word||.reloc|0x3dd2
DATA|009ce8f4|2|word||.reloc|0x3e08
DATA|009ce8f6|2|word||.reloc|0x3e3a
DATA|009ce8f8|2|word||.reloc|0x3e66
DATA|009ce8fa|2|word||.reloc|0x3e94
DATA|009ce8fc|2|word||.reloc|0x3ebb
DATA|009ce8fe|2|word||.reloc|0x3f2b
DATA|009ce900|2|word||.reloc|0x3f32
DATA|009ce902|2|word||.reloc|0x3f68
DATA|009ce904|2|word||.reloc|0x3f9a
DATA|009ce906|2|word||.reloc|0x3fc6
DATA|009ce908|2|word||.reloc|0x3ff4
DATA|009ce90a|2|word||.reloc|0x0
DATA|009ce90c|8|IMAGE_BASE_RELOCATION||.reloc|
DATA|009ce914|2|word||.reloc|0x301b
DATA|009ce916|2|word||.reloc|0x38fc
DATA|009ce918|2|word||.reloc|0x3915
DATA|009ce91a|2|word||.reloc|0x391c
DATA|009ce91c|2|word||.reloc|0x397b
DATA|009ce91e|2|word||.reloc|0x3987
DATA|009ce920|2|word||.reloc|0x3995
DATA|009ce922|2|word||.reloc|0x39a4
DATA|009ce924|2|word||.reloc|0x39aa
DATA|009ce926|2|word||.reloc|0x39d4
DATA|009ce928|2|word||.reloc|0x39dc
DATA|009ce92a|2|word||.reloc|0x39e7
DATA|009ce92c|2|word||.reloc|0x39f2
DATA|009ce92e|2|word||.reloc|0x3a03
DATA|009ce930|2|word||.reloc|0x3a0a
DATA|009ce932|2|word||.reloc|0x3bda
DATA|009ce934|2|word||.reloc|0x3be5
DATA|009ce936|2|word||.reloc|0x3bf0
DATA|009ce938|2|word||.reloc|0x3bfb
DATA|009ce93a|2|word||.reloc|0x3c06
DATA|009ce93c|2|word||.reloc|0x3c11
DATA|009ce93e|2|word||.reloc|0x3c1c
DATA|009ce940|2|word||.reloc|0x3c27
DATA|009ce942|2|word||.reloc|0x3c30
DATA|009ce944|2|word||.reloc|0x3c48
DATA|009ce946|2|word||.reloc|0x3c5a
DATA|009ce948|2|word||.reloc|0x3c64
DATA|009ce94a|2|word||.reloc|0x3c7f
DATA|009ce94c|2|word||.reloc|0x3c91
DATA|009ce94e|2|word||.reloc|0x3c9b
DATA|009ce950|2|word||.reloc|0x3cb1
DATA|009ce952|2|word||.reloc|0x3cb8
DATA|009ce954|2|word||.reloc|0x3cd0
DATA|009ce956|2|word||.reloc|0x3cfa
DATA|009ce958|2|word||.reloc|0x3d05
DATA|009ce95a|2|word||.reloc|0x3d0e
DATA|009ce95c|2|word||.reloc|0x3d27
DATA|009ce95e|2|word||.reloc|0x3d31
DATA|009ce960|2|word||.reloc|0x3d3c
DATA|009ce962|2|word||.reloc|0x3d53
DATA|009ce964|2|word||.reloc|0x3d5a
DATA|009ce966|2|word||.reloc|0x3d61
DATA|009ce968|2|word||.reloc|0x3d6a
DATA|009ce96a|2|word||.reloc|0x3d7a
DATA|009ce96c|2|word||.reloc|0x3d80
DATA|009ce96e|2|word||.reloc|0x3d8c
DATA|009ce970|2|word||.reloc|0x3d9a
DATA|009ce972|2|word||.reloc|0x3da3
DATA|009ce974|2|word||.reloc|0x3daf
DATA|009ce976|2|word||.reloc|0x3dbe
DATA|009ce978|2|word||.reloc|0x3dc5
DATA|009ce97a|2|word||.reloc|0x3dcf
DATA|009ce97c|2|word||.reloc|0x3dd7
DATA|009ce97e|2|word||.reloc|0x3de7
DATA|009ce980|2|word||.reloc|0x3df8
DATA|009ce982|2|word||.reloc|0x3e01
DATA|009ce984|2|word||.reloc|0x3e09
DATA|009ce986|2|word||.reloc|0x3e13
DATA|009ce988|2|word||.reloc|0x3e1a
DATA|009ce98a|2|word||.reloc|0x3e21
DATA|009ce98c|2|word||.reloc|0x3e2f
DATA|009ce98e|2|word||.reloc|0x3e38
DATA|009ce990|2|word||.reloc|0x3e41
DATA|009ce992|2|word||.reloc|0x3e4e
DATA|009ce994|2|word||.reloc|0x3e57
DATA|009ce996|2|word||.reloc|0x3e66
DATA|009ce998|2|word||.reloc|0x3e72
DATA|009ce99a|2|word||.reloc|0x3e7b
DATA|009ce99c|2|word||.reloc|0x3e89
DATA|009ce99e|2|word||.reloc|0x3e93
DATA|009ce9a0|2|word||.reloc|0x3e9e
DATA|009ce9a2|2|word||.reloc|0x3ea9
DATA|009ce9a4|2|word||.reloc|0x3eb4
DATA|009ce9a6|2|word||.reloc|0x3ec1
DATA|009ce9a8|2|word||.reloc|0x3edd
DATA|009ce9aa|2|word||.reloc|0x3ee4
DATA|009ce9ac|2|word||.reloc|0x3f06
DATA|009ce9ae|2|word||.reloc|0x3f13
DATA|009ce9b0|2|word||.reloc|0x3f2d
DATA|009ce9b2|2|word||.reloc|0x3f46
DATA|009ce9b4|2|word||.reloc|0x3f57
DATA|009ce9b6|2|word||.reloc|0x3f61
DATA|009ce9b8|2|word||.reloc|0x3f77
DATA|009ce9ba|2|word||.reloc|0x3f7e
DATA|009ce9bc|2|word||.reloc|0x3f87
DATA|009ce9be|2|word||.reloc|0x3f99
DATA|009ce9c0|2|word||.reloc|0x3fb1
DATA|009ce9c2|2|word||.reloc|0x3fbf
DATA|009ce9c4|2|word||.reloc|0x3fc5
DATA|009ce9c6|2|word||.reloc|0x3fd9
DATA|009ce9c8|8|IMAGE_BASE_RELOCATION||.reloc|
DATA|009ce9d0|2|word||.reloc|0x3010
DATA|009ce9d2|2|word||.reloc|0x301e
DATA|009ce9d4|2|word||.reloc|0x3025
DATA|009ce9d6|2|word||.reloc|0x3034
DATA|009ce9d8|2|word||.reloc|0x3048
DATA|009ce9da|2|word||.reloc|0x3084
DATA|009ce9dc|2|word||.reloc|0x3092
DATA|009ce9de|2|word||.reloc|0x3099
DATA|009ce9e0|2|word||.reloc|0x30a7
DATA|009ce9e2|2|word||.reloc|0x30b9
DATA|009ce9e4|2|word||.reloc|0x30d7
DATA|009ce9e6|2|word||.reloc|0x30dc
DATA|009ce9e8|2|word||.reloc|0x30ee
DATA|009ce9ea|2|word||.reloc|0x310c
DATA|009ce9ec|2|word||.reloc|0x3111
DATA|009ce9ee|2|word||.reloc|0x3123
DATA|009ce9f0|2|word||.reloc|0x3136
DATA|009ce9f2|2|word||.reloc|0x313b
DATA|009ce9f4|2|word||.reloc|0x314d
DATA|009ce9f6|2|word||.reloc|0x3160
DATA|009ce9f8|2|word||.reloc|0x3166
DATA|009ce9fa|2|word||.reloc|0x316e
DATA|009ce9fc|2|word||.reloc|0x3173
DATA|009ce9fe|2|word||.reloc|0x3185
DATA|009cea00|2|word||.reloc|0x3198
DATA|009cea02|2|word||.reloc|0x319d
DATA|009cea04|2|word||.reloc|0x31af
DATA|009cea06|2|word||.reloc|0x31c2
DATA|009cea08|2|word||.reloc|0x31c7
DATA|009cea0a|2|word||.reloc|0x31d9
DATA|009cea0c|2|word||.reloc|0x31ec
DATA|009cea0e|2|word||.reloc|0x31f5
DATA|009cea10|2|word||.reloc|0x3207
DATA|009cea12|2|word||.reloc|0x321a
DATA|009cea14|2|word||.reloc|0x3223
DATA|009cea16|2|word||.reloc|0x3235
DATA|009cea18|2|word||.reloc|0x3248
DATA|009cea1a|2|word||.reloc|0x324d
DATA|009cea1c|2|word||.reloc|0x325f
DATA|009cea1e|2|word||.reloc|0x3272
DATA|009cea20|2|word||.reloc|0x3277
DATA|009cea22|2|word||.reloc|0x3289
DATA|009cea24|2|word||.reloc|0x329c
DATA|009cea26|2|word||.reloc|0x32a1
DATA|009cea28|2|word||.reloc|0x32b3
DATA|009cea2a|2|word||.reloc|0x32c6
DATA|009cea2c|2|word||.reloc|0x32cb
DATA|009cea2e|2|word||.reloc|0x32dd
DATA|009cea30|2|word||.reloc|0x32f0
DATA|009cea32|2|word||.reloc|0x32f5
DATA|009cea34|2|word||.reloc|0x3307
DATA|009cea36|2|word||.reloc|0x331a
DATA|009cea38|2|word||.reloc|0x331f
DATA|009cea3a|2|word||.reloc|0x3331
DATA|009cea3c|2|word||.reloc|0x3344
DATA|009cea3e|2|word||.reloc|0x3349
DATA|009cea40|2|word||.reloc|0x335b
DATA|009cea42|2|word||.reloc|0x336e
DATA|009cea44|2|word||.reloc|0x3373
DATA|009cea46|2|word||.reloc|0x3385
DATA|009cea48|2|word||.reloc|0x3398
DATA|009cea4a|2|word||.reloc|0x339d
DATA|009cea4c|2|word||.reloc|0x33b1
DATA|009cea4e|2|word||.reloc|0x33f1
DATA|009cea50|2|word||.reloc|0x33ff
DATA|009cea52|2|word||.reloc|0x3405
DATA|009cea54|2|word||.reloc|0x3417
DATA|009cea56|2|word||.reloc|0x3429
DATA|009cea58|2|word||.reloc|0x3436
DATA|009cea5a|2|word||.reloc|0x343b
DATA|009cea5c|2|word||.reloc|0x344d
DATA|009cea5e|2|word||.reloc|0x3460
DATA|009cea60|2|word||.reloc|0x3466
DATA|009cea62|2|word||.reloc|0x346c
DATA|009cea64|2|word||.reloc|0x347a
DATA|009cea66|2|word||.reloc|0x3489
DATA|009cea68|2|word||.reloc|0x34a2
DATA|009cea6a|2|word||.reloc|0x34b4
DATA|009cea6c|2|word||.reloc|0x34cb
DATA|009cea6e|2|word||.reloc|0x34d2
DATA|009cea70|2|word||.reloc|0x34dd
DATA|009cea72|2|word||.reloc|0x34ef
DATA|009cea74|2|word||.reloc|0x3502
DATA|009cea76|2|word||.reloc|0x3527
DATA|009cea78|2|word||.reloc|0x355f
DATA|009cea7a|2|word||.reloc|0x3584
DATA|009cea7c|2|word||.reloc|0x358b
DATA|009cea7e|2|word||.reloc|0x3595
DATA|009cea80|2|word||.reloc|0x35a6
DATA|009cea82|2|word||.reloc|0x35b3
DATA|009cea84|2|word||.reloc|0x35c0
DATA|009cea86|2|word||.reloc|0x35e2
DATA|009cea88|2|word||.reloc|0x35f2
DATA|009cea8a|2|word||.reloc|0x3601
DATA|009cea8c|2|word||.reloc|0x3625
DATA|009cea8e|2|word||.reloc|0x362e
DATA|009cea90|2|word||.reloc|0x3637
DATA|009cea92|2|word||.reloc|0x3645
DATA|009cea94|2|word||.reloc|0x3652
DATA|009cea96|2|word||.reloc|0x3661
DATA|009cea98|2|word||.reloc|0x3677
DATA|009cea9a|2|word||.reloc|0x3680
DATA|009cea9c|2|word||.reloc|0x3688
DATA|009cea9e|2|word||.reloc|0x368e
DATA|009ceaa0|2|word||.reloc|0x36a9
DATA|009ceaa2|2|word||.reloc|0x36c2
DATA|009ceaa4|2|word||.reloc|0x36ce
DATA|009ceaa6|2|word||.reloc|0x36da
DATA|009ceaa8|2|word||.reloc|0x36e4
DATA|009ceaaa|2|word||.reloc|0x3704
DATA|009ceaac|2|word||.reloc|0x3731
DATA|009ceaae|2|word||.reloc|0x3746
DATA|009ceab0|2|word||.reloc|0x375f
DATA|009ceab2|2|word||.reloc|0x3765
DATA|009ceab4|2|word||.reloc|0x378c
DATA|009ceab6|2|word||.reloc|0x3792
DATA|009ceab8|2|word||.reloc|0x37a8
DATA|009ceaba|2|word||.reloc|0x37dc
DATA|009ceabc|2|word||.reloc|0x37fe
DATA|009ceabe|2|word||.reloc|0x3816
DATA|009ceac0|2|word||.reloc|0x3821
DATA|009ceac2|2|word||.reloc|0x3830
DATA|009ceac4|2|word||.reloc|0x3866
DATA|009ceac6|2|word||.reloc|0x3870
DATA|009ceac8|2|word||.reloc|0x387f
DATA|009ceaca|2|word||.reloc|0x38c9
DATA|009ceacc|2|word||.reloc|0x38cf
DATA|009ceace|2|word||.reloc|0x38d5
DATA|009cead0|2|word||.reloc|0x3991
DATA|009cead2|2|word||.reloc|0x399f
DATA|009cead4|2|word||.reloc|0x39a6
DATA|009cead6|2|word||.reloc|0x39ab
DATA|009cead8|2|word||.reloc|0x39b4
DATA|009ceada|2|word||.reloc|0x39ba
DATA|009ceadc|2|word||.reloc|0x39bf
DATA|009ceade|2|word||.reloc|0x39f1
DATA|009ceae0|2|word||.reloc|0x3a02
DATA|009ceae2|2|word||.reloc|0x3a18
DATA|009ceae4|2|word||.reloc|0x3a1d
DATA|009ceae6|2|word||.reloc|0x3a23
DATA|009ceae8|2|word||.reloc|0x3a31
DATA|009ceaea|2|word||.reloc|0x3a3b
DATA|009ceaec|2|word||.reloc|0x3a44
DATA|009ceaee|2|word||.reloc|0x3a68
DATA|009ceaf0|2|word||.reloc|0x3aad
DATA|009ceaf2|2|word||.reloc|0x3ac2
DATA|009ceaf4|2|word||.reloc|0x3ac9
DATA|009ceaf6|2|word||.reloc|0x3ad6
DATA|009ceaf8|2|word||.reloc|0x3ada
DATA|009ceafa|2|word||.reloc|0x3ae9
DATA|009ceafc|2|word||.reloc|0x3aed
DATA|009ceafe|2|word||.reloc|0x3afc
DATA|009ceb00|2|word||.reloc|0x3b00
DATA|009ceb02|2|word||.reloc|0x3b0f
DATA|009ceb04|2|word||.reloc|0x3b13
DATA|009ceb06|2|word||.reloc|0x3b22
DATA|009ceb08|2|word||.reloc|0x3b26
DATA|009ceb0a|2|word||.reloc|0x3b31
DATA|009ceb0c|2|word||.reloc|0x3b35
DATA|009ceb0e|2|word||.reloc|0x3b68
DATA|009ceb10|2|word||.reloc|0x3c54
DATA|009ceb12|2|word||.reloc|0x3c58
DATA|009ceb14|2|word||.reloc|0x3c5c
DATA|009ceb16|2|word||.reloc|0x3c60
DATA|009ceb18|2|word||.reloc|0x3c64
DATA|009ceb1a|2|word||.reloc|0x3c68
DATA|009ceb1c|2|word||.reloc|0x3c88
DATA|009ceb1e|2|word||.reloc|0x3c8d
DATA|009ceb20|2|word||.reloc|0x3ca8
DATA|009ceb22|2|word||.reloc|0x3cad
DATA|009ceb24|2|word||.reloc|0x3cc8
DATA|009ceb26|2|word||.reloc|0x3ccd
DATA|009ceb28|2|word||.reloc|0x3cd3
DATA|009ceb2a|2|word||.reloc|0x3ce2
DATA|009ceb2c|2|word||.reloc|0x3cec
DATA|009ceb2e|2|word||.reloc|0x3cf5
DATA|009ceb30|2|word||.reloc|0x3d46
DATA|009ceb32|2|word||.reloc|0x3d59
DATA|009ceb34|2|word||.reloc|0x3d74
DATA|009ceb36|2|word||.reloc|0x3d86
DATA|009ceb38|2|word||.reloc|0x3d96
DATA|009ceb3a|2|word||.reloc|0x3d9b
DATA|009ceb3c|2|word||.reloc|0x3da1
DATA|009ceb3e|2|word||.reloc|0x3db7
DATA|009ceb40|2|word||.reloc|0x3dc4
DATA|009ceb42|2|word||.reloc|0x3dd0
DATA|009ceb44|2|word||.reloc|0x3dd7
DATA|009ceb46|2|word||.reloc|0x3e04
DATA|009ceb48|2|word||.reloc|0x3e38
DATA|009ceb4a|2|word||.reloc|0x3e3d
DATA|009ceb4c|2|word||.reloc|0x3e43
DATA|009ceb4e|2|word||.reloc|0x3e51
DATA|009ceb50|2|word||.reloc|0x3e5a
DATA|009ceb52|2|word||.reloc|0x3ea5
DATA|009ceb54|2|word||.reloc|0x3ec5
DATA|009ceb56|2|word||.reloc|0x3efb
DATA|009ceb58|2|word||.reloc|0x3f1b
DATA|009ceb5a|2|word||.reloc|0x3f2e
DATA|009ceb5c|2|word||.reloc|0x3f7c
DATA|009ceb5e|2|word||.reloc|0x3f84
DATA|009ceb60|2|word||.reloc|0x3f89
DATA|009ceb62|2|word||.reloc|0x3f96
DATA|009ceb64|2|word||.reloc|0x3f9f
DATA|009ceb66|2|word||.reloc|0x3fed
DATA|009ceb68|8|IMAGE_BASE_RELOCATION||.reloc|
DATA|009ceb70|2|word||.reloc|0x3000
DATA|009ceb72|2|word||.reloc|0x3066
DATA|009ceb74|2|word||.reloc|0x308d
DATA|009ceb76|2|word||.reloc|0x3109
DATA|009ceb78|2|word||.reloc|0x311d
DATA|009ceb7a|2|word||.reloc|0x3122
DATA|009ceb7c|2|word||.reloc|0x312d
DATA|009ceb7e|2|word||.reloc|0x3158
DATA|009ceb80|2|word||.reloc|0x318f
DATA|009ceb82|2|word||.reloc|0x31f4
DATA|009ceb84|2|word||.reloc|0x31f9
DATA|009ceb86|2|word||.reloc|0x31fe
DATA|009ceb88|2|word||.reloc|0x326e
DATA|009ceb8a|2|word||.reloc|0x32b1
DATA|009ceb8c|2|word||.reloc|0x3396
DATA|009ceb8e|2|word||.reloc|0x33a4
DATA|009ceb90|2|word||.reloc|0x33b2
DATA|009ceb92|2|word||.reloc|0x3437
DATA|009ceb94|2|word||.reloc|0x3445
DATA|009ceb96|2|word||.reloc|0x3453
DATA|009ceb98|2|word||.reloc|0x34d8
DATA|009ceb9a|2|word||.reloc|0x34e6
DATA|009ceb9c|2|word||.reloc|0x34f4
DATA|009ceb9e|2|word||.reloc|0x357e
DATA|009ceba0|2|word||.reloc|0x3585
DATA|009ceba2|2|word||.reloc|0x35cc
DATA|009ceba4|2|word||.reloc|0x362d
DATA|009ceba6|2|word||.reloc|0x3633
DATA|009ceba8|2|word||.reloc|0x363c
DATA|009cebaa|2|word||.reloc|0x3656
DATA|009cebac|2|word||.reloc|0x3666
DATA|009cebae|2|word||.reloc|0x366c
DATA|009cebb0|2|word||.reloc|0x3676
DATA|009cebb2|2|word||.reloc|0x367b
DATA|009cebb4|2|word||.reloc|0x3687
DATA|009cebb6|2|word||.reloc|0x36d1
DATA|009cebb8|2|word||.reloc|0x3707
DATA|009cebba|2|word||.reloc|0x370d
DATA|009cebbc|2|word||.reloc|0x371e
DATA|009cebbe|2|word||.reloc|0x372e
DATA|009cebc0|2|word||.reloc|0x3734
DATA|009cebc2|2|word||.reloc|0x373d
DATA|009cebc4|2|word||.reloc|0x3747
DATA|009cebc6|2|word||.reloc|0x3755
DATA|009cebc8|2|word||.reloc|0x375e
DATA|009cebca|2|word||.reloc|0x3769
DATA|009cebcc|2|word||.reloc|0x376f
DATA|009cebce|2|word||.reloc|0x3778
DATA|009cebd0|2|word||.reloc|0x378c
DATA|009cebd2|2|word||.reloc|0x3798
DATA|009cebd4|2|word||.reloc|0x379f
DATA|009cebd6|2|word||.reloc|0x37a5
DATA|009cebd8|2|word||.reloc|0x37ae
DATA|009cebda|2|word||.reloc|0x37b4
DATA|009cebdc|2|word||.reloc|0x37bd
DATA|009cebde|2|word||.reloc|0x37c3
DATA|009cebe0|2|word||.reloc|0x37cc
DATA|009cebe2|2|word||.reloc|0x37d1
DATA|009cebe4|2|word||.reloc|0x37da
DATA|009cebe6|2|word||.reloc|0x37e0
DATA|009cebe8|2|word||.reloc|0x37e9
DATA|009cebea|2|word||.reloc|0x37ef
DATA|009cebec|2|word||.reloc|0x37f8
DATA|009cebee|2|word||.reloc|0x37fd
DATA|009cebf0|2|word||.reloc|0x3806
DATA|009cebf2|2|word||.reloc|0x380c
DATA|009cebf4|2|word||.reloc|0x381a
DATA|009cebf6|2|word||.reloc|0x3823
DATA|009cebf8|2|word||.reloc|0x382c
DATA|009cebfa|2|word||.reloc|0x3835
DATA|009cebfc|2|word||.reloc|0x383e
DATA|009cebfe|2|word||.reloc|0x3847
DATA|009cec00|2|word||.reloc|0x3850
DATA|009cec02|2|word||.reloc|0x3859
DATA|009cec04|2|word||.reloc|0x3862
DATA|009cec06|2|word||.reloc|0x386b
DATA|009cec08|2|word||.reloc|0x3874
DATA|009cec0a|2|word||.reloc|0x387d
DATA|009cec0c|2|word||.reloc|0x3886
DATA|009cec0e|2|word||.reloc|0x388f
DATA|009cec10|2|word||.reloc|0x3898
DATA|009cec12|2|word||.reloc|0x38a1
DATA|009cec14|2|word||.reloc|0x38a9
DATA|009cec16|2|word||.reloc|0x38b1
DATA|009cec18|2|word||.reloc|0x38ba
DATA|009cec1a|2|word||.reloc|0x38c0
DATA|009cec1c|2|word||.reloc|0x38c5
DATA|009cec1e|2|word||.reloc|0x38d0
DATA|009cec20|2|word||.reloc|0x38d6
DATA|009cec22|2|word||.reloc|0x38db
DATA|009cec24|2|word||.reloc|0x38f9
DATA|009cec26|2|word||.reloc|0x3901
DATA|009cec28|2|word||.reloc|0x3919
DATA|009cec2a|2|word||.reloc|0x3925
DATA|009cec2c|2|word||.reloc|0x392e
DATA|009cec2e|2|word||.reloc|0x3940
DATA|009cec30|2|word||.reloc|0x394b
DATA|009cec32|2|word||.reloc|0x3951
DATA|009cec34|2|word||.reloc|0x395e
DATA|009cec36|2|word||.reloc|0x396d
DATA|009cec38|2|word||.reloc|0x397c
DATA|009cec3a|2|word||.reloc|0x3995
DATA|009cec3c|2|word||.reloc|0x39a1
DATA|009cec3e|2|word||.reloc|0x39aa
DATA|009cec40|2|word||.reloc|0x39bc
DATA|009cec42|2|word||.reloc|0x39c7
DATA|009cec44|2|word||.reloc|0x39cd
DATA|009cec46|2|word||.reloc|0x39de
DATA|009cec48|2|word||.reloc|0x39ed
DATA|009cec4a|2|word||.reloc|0x39fc
DATA|009cec4c|2|word||.reloc|0x3a15
DATA|009cec4e|2|word||.reloc|0x3a21
DATA|009cec50|2|word||.reloc|0x3a2a
DATA|009cec52|2|word||.reloc|0x3a3c
DATA|009cec54|2|word||.reloc|0x3a47
DATA|009cec56|2|word||.reloc|0x3a4d
DATA|009cec58|2|word||.reloc|0x3a5e
DATA|009cec5a|2|word||.reloc|0x3a6e
DATA|009cec5c|2|word||.reloc|0x3a7d
DATA|009cec5e|2|word||.reloc|0x3a96
DATA|009cec60|2|word||.reloc|0x3aa2
DATA|009cec62|2|word||.reloc|0x3aab
DATA|009cec64|2|word||.reloc|0x3abd
DATA|009cec66|2|word||.reloc|0x3ac6
DATA|009cec68|2|word||.reloc|0x3acc
DATA|009cec6a|2|word||.reloc|0x3ad8
DATA|009cec6c|2|word||.reloc|0x3ade
DATA|009cec6e|2|word||.reloc|0x3ae7
DATA|009cec70|2|word||.reloc|0x3b1f
DATA|009cec72|2|word||.reloc|0x3b32
DATA|009cec74|2|word||.reloc|0x3b38
DATA|009cec76|2|word||.reloc|0x3b5a
DATA|009cec78|2|word||.reloc|0x3b61
DATA|009cec7a|2|word||.reloc|0x3bd8
DATA|009cec7c|2|word||.reloc|0x3bf8
DATA|009cec7e|2|word||.reloc|0x3c16
DATA|009cec80|2|word||.reloc|0x3c38
DATA|009cec82|2|word||.reloc|0x3c56
DATA|009cec84|2|word||.reloc|0x3c64
DATA|009cec86|2|word||.reloc|0x3c70
DATA|009cec88|2|word||.reloc|0x3c78
DATA|009cec8a|2|word||.reloc|0x3c85
DATA|009cec8c|2|word||.reloc|0x3c8b
DATA|009cec8e|2|word||.reloc|0x3c94
DATA|009cec90|2|word||.reloc|0x3c9a
DATA|009cec92|2|word||.reloc|0x3ca3
DATA|009cec94|2|word||.reloc|0x3ca9
DATA|009cec96|2|word||.reloc|0x3cb2
DATA|009cec98|2|word||.reloc|0x3cb8
DATA|009cec9a|2|word||.reloc|0x3cc1
DATA|009cec9c|2|word||.reloc|0x3cc7
DATA|009cec9e|2|word||.reloc|0x3cd0
DATA|009ceca0|2|word||.reloc|0x3cd6
DATA|009ceca2|2|word||.reloc|0x3cdf
DATA|009ceca4|2|word||.reloc|0x3ce5
DATA|009ceca6|2|word||.reloc|0x3cee
DATA|009ceca8|2|word||.reloc|0x3cf4
DATA|009cecaa|2|word||.reloc|0x3cfd
DATA|009cecac|2|word||.reloc|0x3d08
DATA|009cecae|2|word||.reloc|0x3d0f
DATA|009cecb0|2|word||.reloc|0x3d15
DATA|009cecb2|2|word||.reloc|0x3d1b
DATA|009cecb4|2|word||.reloc|0x3d26
DATA|009cecb6|2|word||.reloc|0x3d2f
DATA|009cecb8|2|word||.reloc|0x3d35
DATA|009cecba|2|word||.reloc|0x3d41
DATA|009cecbc|2|word||.reloc|0x3d4a
DATA|009cecbe|2|word||.reloc|0x3d53
DATA|009cecc0|2|word||.reloc|0x3d59
DATA|009cecc2|2|word||.reloc|0x3d62
DATA|009cecc4|2|word||.reloc|0x3d6f
DATA|009cecc6|2|word||.reloc|0x3d7c
DATA|009cecc8|2|word||.reloc|0x3d85
DATA|009cecca|2|word||.reloc|0x3d8b
DATA|009ceccc|2|word||.reloc|0x3d97
DATA|009cecce|2|word||.reloc|0x3da4
DATA|009cecd0|2|word||.reloc|0x3db1
DATA|009cecd2|2|word||.reloc|0x3dba
DATA|009cecd4|2|word||.reloc|0x3dc0
DATA|009cecd6|2|word||.reloc|0x3dcc
DATA|009cecd8|2|word||.reloc|0x3dd5
DATA|009cecda|2|word||.reloc|0x3de2
DATA|009cecdc|2|word||.reloc|0x3deb
DATA|009cecde|2|word||.reloc|0x3df0
DATA|009cece0|2|word||.reloc|0x3e1c
DATA|009cece2|2|word||.reloc|0x3e25
DATA|009cece4|2|word||.reloc|0x3e2c
DATA|009cece6|2|word||.reloc|0x3e34
DATA|009cece8|2|word||.reloc|0x3e3b
DATA|009cecea|2|word||.reloc|0x3e5a
DATA|009cecec|2|word||.reloc|0x3e64
DATA|009cecee|2|word||.reloc|0x3e6c
DATA|009cecf0|2|word||.reloc|0x3e78
DATA|009cecf2|2|word||.reloc|0x3e7e
DATA|009cecf4|2|word||.reloc|0x3eaf
DATA|009cecf6|2|word||.reloc|0x3ec8
DATA|009cecf8|2|word||.reloc|0x3ee7
DATA|009cecfa|2|word||.reloc|0x3f00
DATA|009cecfc|2|word||.reloc|0x3f12
DATA|009cecfe|2|word||.reloc|0x3f24
DATA|009ced00|2|word||.reloc|0x3f35
DATA|009ced02|2|word||.reloc|0x3f46
DATA|009ced04|2|word||.reloc|0x3f4d
DATA|009ced06|2|word||.reloc|0x3f56
DATA|009ced08|2|word||.reloc|0x3f5e
DATA|009ced0a|2|word||.reloc|0x3f66
DATA|009ced0c|2|word||.reloc|0x3f6d
DATA|009ced0e|2|word||.reloc|0x3f79
DATA|009ced10|2|word||.reloc|0x3f7f
DATA|009ced12|2|word||.reloc|0x3fa4
DATA|009ced14|2|word||.reloc|0x3fcd
DATA|009ced16|2|word||.reloc|0x3ffc
DATA|009ced18|8|IMAGE_BASE_RELOCATION||.reloc|
DATA|009ced20|2|word||.reloc|0x3011
DATA|009ced22|2|word||.reloc|0x301d
DATA|009ced24|2|word||.reloc|0x302a
DATA|009ced26|2|word||.reloc|0x3030
DATA|009ced28|2|word||.reloc|0x3043
DATA|009ced2a|2|word||.reloc|0x304a
DATA|009ced2c|2|word||.reloc|0x3055
DATA|009ced2e|2|word||.reloc|0x305b
DATA|009ced30|2|word||.reloc|0x306e
DATA|009ced32|2|word||.reloc|0x3077
DATA|009ced34|2|word||.reloc|0x3084
DATA|009ced36|2|word||.reloc|0x308a
DATA|009ced38|2|word||.reloc|0x309f
DATA|009ced3a|2|word||.reloc|0x30a6
DATA|009ced3c|2|word||.reloc|0x30b1
DATA|009ced3e|2|word||.reloc|0x30b7
DATA|009ced40|2|word||.reloc|0x30ca
DATA|009ced42|2|word||.reloc|0x30d3
DATA|009ced44|2|word||.reloc|0x30e5
DATA|009ced46|2|word||.reloc|0x30ea
DATA|009ced48|2|word||.reloc|0x30f4
DATA|009ced4a|2|word||.reloc|0x3102
DATA|009ced4c|2|word||.reloc|0x3114
DATA|009ced4e|2|word||.reloc|0x314a
DATA|009ced50|2|word||.reloc|0x3167
DATA|009ced52|2|word||.reloc|0x3188
DATA|009ced54|2|word||.reloc|0x31af
DATA|009ced56|2|word||.reloc|0x31be
DATA|009ced58|2|word||.reloc|0x31ca
DATA|009ced5a|2|word||.reloc|0x31d4
DATA|009ced5c|2|word||.reloc|0x31df
DATA|009ced5e|2|word||.reloc|0x31e5
DATA|009ced60|2|word||.reloc|0x31ee
DATA|009ced62|2|word||.reloc|0x31f6
DATA|009ced64|2|word||.reloc|0x31fd
DATA|009ced66|2|word||.reloc|0x3208
DATA|009ced68|2|word||.reloc|0x320e
DATA|009ced6a|2|word||.reloc|0x3217
DATA|009ced6c|2|word||.reloc|0x321d
DATA|009ced6e|2|word||.reloc|0x3226
DATA|009ced70|2|word||.reloc|0x322b
DATA|009ced72|2|word||.reloc|0x3234
DATA|009ced74|2|word||.reloc|0x323a
DATA|009ced76|2|word||.reloc|0x3243
DATA|009ced78|2|word||.reloc|0x3249
DATA|009ced7a|2|word||.reloc|0x3252
DATA|009ced7c|2|word||.reloc|0x3257
DATA|009ced7e|2|word||.reloc|0x3260
DATA|009ced80|2|word||.reloc|0x3266
DATA|009ced82|2|word||.reloc|0x32b2
DATA|009ced84|2|word||.reloc|0x32bc
DATA|009ced86|2|word||.reloc|0x32c8
DATA|009ced88|2|word||.reloc|0x32d0
DATA|009ced8a|2|word||.reloc|0x32f2
DATA|009ced8c|2|word||.reloc|0x3303
DATA|009ced8e|2|word||.reloc|0x3311
DATA|009ced90|2|word||.reloc|0x331e
DATA|009ced92|2|word||.reloc|0x332b
DATA|009ced94|2|word||.reloc|0x333c
DATA|009ced96|2|word||.reloc|0x3345
DATA|009ced98|2|word||.reloc|0x3354
DATA|009ced9a|2|word||.reloc|0x335d
DATA|009ced9c|2|word||.reloc|0x3368
DATA|009ced9e|2|word||.reloc|0x3373
DATA|009ceda0|2|word||.reloc|0x337e
DATA|009ceda2|2|word||.reloc|0x3387
DATA|009ceda4|2|word||.reloc|0x3392
DATA|009ceda6|2|word||.reloc|0x33a0
DATA|009ceda8|2|word||.reloc|0x33ae
DATA|009cedaa|2|word||.reloc|0x33b7
DATA|009cedac|2|word||.reloc|0x33c0
DATA|009cedae|2|word||.reloc|0x33c9
DATA|009cedb0|2|word||.reloc|0x33d2
DATA|009cedb2|2|word||.reloc|0x33db
DATA|009cedb4|2|word||.reloc|0x33e4
DATA|009cedb6|2|word||.reloc|0x33ed
DATA|009cedb8|2|word||.reloc|0x33f6
DATA|009cedba|2|word||.reloc|0x33ff
DATA|009cedbc|2|word||.reloc|0x3408
DATA|009cedbe|2|word||.reloc|0x3411
DATA|009cedc0|2|word||.reloc|0x341a
DATA|009cedc2|2|word||.reloc|0x3423
DATA|009cedc4|2|word||.reloc|0x342c
DATA|009cedc6|2|word||.reloc|0x3436
DATA|009cedc8|2|word||.reloc|0x3441
DATA|009cedca|2|word||.reloc|0x3448
DATA|009cedcc|2|word||.reloc|0x344e
DATA|009cedce|2|word||.reloc|0x3453
DATA|009cedd0|2|word||.reloc|0x345d
DATA|009cedd2|2|word||.reloc|0x3465
DATA|009cedd4|2|word||.reloc|0x346b
DATA|009cedd6|2|word||.reloc|0x3476
DATA|009cedd8|2|word||.reloc|0x347f
DATA|009cedda|2|word||.reloc|0x348c
DATA|009ceddc|2|word||.reloc|0x3491
DATA|009cedde|2|word||.reloc|0x3498
DATA|009cede0|2|word||.reloc|0x34a7
DATA|009cede2|2|word||.reloc|0x34af
DATA|009cede4|2|word||.reloc|0x34ba
DATA|009cede6|2|word||.reloc|0x34bf
DATA|009cede8|2|word||.reloc|0x34cb
DATA|009cedea|2|word||.reloc|0x34d7
DATA|009cedec|2|word||.reloc|0x34e4
DATA|009cedee|2|word||.reloc|0x34ec
DATA|009cedf0|2|word||.reloc|0x34f2
DATA|009cedf2|2|word||.reloc|0x34fd
DATA|009cedf4|2|word||.reloc|0x350a
DATA|009cedf6|2|word||.reloc|0x3512
DATA|009cedf8|2|word||.reloc|0x351b
DATA|009cedfa|2|word||.reloc|0x3521
DATA|009cedfc|2|word||.reloc|0x352d
DATA|009cedfe|2|word||.reloc|0x3536
DATA|009cee00|2|word||.reloc|0x353b
DATA|009cee02|2|word||.reloc|0x3575
DATA|009cee04|2|word||.reloc|0x3598
DATA|009cee06|2|word||.reloc|0x35b6
DATA|009cee08|2|word||.reloc|0x35d8
DATA|009cee0a|2|word||.reloc|0x35e6
DATA|009cee0c|2|word||.reloc|0x35f7
DATA|009cee0e|2|word||.reloc|0x3608
DATA|009cee10|2|word||.reloc|0x3619
DATA|009cee12|2|word||.reloc|0x362b
DATA|009cee14|2|word||.reloc|0x3630
DATA|009cee16|2|word||.reloc|0x363b
DATA|009cee18|2|word||.reloc|0x3643
DATA|009cee1a|2|word||.reloc|0x364c
DATA|009cee1c|2|word||.reloc|0x365a
DATA|009cee1e|2|word||.reloc|0x3661
DATA|009cee20|2|word||.reloc|0x366f
DATA|009cee22|2|word||.reloc|0x3675
DATA|009cee24|2|word||.reloc|0x367e
DATA|009cee26|2|word||.reloc|0x3684
DATA|009cee28|2|word||.reloc|0x368d
DATA|009cee2a|2|word||.reloc|0x3692
DATA|009cee2c|2|word||.reloc|0x369b
DATA|009cee2e|2|word||.reloc|0x36a1
DATA|009cee30|2|word||.reloc|0x36aa
DATA|009cee32|2|word||.reloc|0x36af
DATA|009cee34|2|word||.reloc|0x36b8
DATA|009cee36|2|word||.reloc|0x36be
DATA|009cee38|2|word||.reloc|0x36c7
DATA|009cee3a|2|word||.reloc|0x36cc
DATA|009cee3c|2|word||.reloc|0x36d5
DATA|009cee3e|2|word||.reloc|0x36db
DATA|009cee40|2|word||.reloc|0x36ec
DATA|009cee42|2|word||.reloc|0x36fb
DATA|009cee44|2|word||.reloc|0x370e
DATA|009cee46|2|word||.reloc|0x371b
DATA|009cee48|2|word||.reloc|0x3724
DATA|009cee4a|2|word||.reloc|0x372f
DATA|009cee4c|2|word||.reloc|0x3735
DATA|009cee4e|2|word||.reloc|0x373a
DATA|009cee50|2|word||.reloc|0x3740
DATA|009cee52|2|word||.reloc|0x374b
DATA|009cee54|2|word||.reloc|0x3754
DATA|009cee56|2|word||.reloc|0x3759
DATA|009cee58|2|word||.reloc|0x3760
DATA|009cee5a|2|word||.reloc|0x3769
DATA|009cee5c|2|word||.reloc|0x3772
DATA|009cee5e|2|word||.reloc|0x3777
DATA|009cee60|2|word||.reloc|0x377f
DATA|009cee62|2|word||.reloc|0x3788
DATA|009cee64|2|word||.reloc|0x3790
DATA|009cee66|2|word||.reloc|0x3799
DATA|009cee68|2|word||.reloc|0x379e
DATA|009cee6a|2|word||.reloc|0x37aa
DATA|009cee6c|2|word||.reloc|0x37b2
DATA|009cee6e|2|word||.reloc|0x37bb
DATA|009cee70|2|word||.reloc|0x37c3
DATA|009cee72|2|word||.reloc|0x37c9
DATA|009cee74|2|word||.reloc|0x37d4
DATA|009cee76|2|word||.reloc|0x37dd
DATA|009cee78|2|word||.reloc|0x37e5
DATA|009cee7a|2|word||.reloc|0x37ee
DATA|009cee7c|2|word||.reloc|0x37f4
DATA|009cee7e|2|word||.reloc|0x37ff
DATA|009cee80|2|word||.reloc|0x3805
DATA|009cee82|2|word||.reloc|0x380e
DATA|009cee84|2|word||.reloc|0x3813
DATA|009cee86|2|word||.reloc|0x3819
DATA|009cee88|2|word||.reloc|0x381f
DATA|009cee8a|2|word||.reloc|0x3840
DATA|009cee8c|2|word||.reloc|0x3859
DATA|009cee8e|2|word||.reloc|0x3878
DATA|009cee90|2|word||.reloc|0x3896
DATA|009cee92|2|word||.reloc|0x38a4
DATA|009cee94|2|word||.reloc|0x38aa
DATA|009cee96|2|word||.reloc|0x38bd
DATA|009cee98|2|word||.reloc|0x38c4
DATA|009cee9a|2|word||.reloc|0x38cf
DATA|009cee9c|2|word||.reloc|0x38d5
DATA|009cee9e|2|word||.reloc|0x38ea
DATA|009ceea0|2|word||.reloc|0x38f1
DATA|009ceea2|2|word||.reloc|0x38fc
DATA|009ceea4|2|word||.reloc|0x3902
DATA|009ceea6|2|word||.reloc|0x3917
DATA|009ceea8|2|word||.reloc|0x391e
DATA|009ceeaa|2|word||.reloc|0x3929
DATA|009ceeac|2|word||.reloc|0x392f
DATA|009ceeae|2|word||.reloc|0x3944
DATA|009ceeb0|2|word||.reloc|0x394b
DATA|009ceeb2|2|word||.reloc|0x395c
DATA|009ceeb4|2|word||.reloc|0x3968
DATA|009ceeb6|2|word||.reloc|0x396d
DATA|009ceeb8|2|word||.reloc|0x3983
DATA|009ceeba|2|word||.reloc|0x3989
DATA|009ceebc|2|word||.reloc|0x398e
DATA|009ceebe|2|word||.reloc|0x3997
DATA|009ceec0|2|word||.reloc|0x399c
DATA|009ceec2|2|word||.reloc|0x39a7
DATA|009ceec4|2|word||.reloc|0x39ad
DATA|009ceec6|2|word||.reloc|0x39c3
DATA|009ceec8|2|word||.reloc|0x39c8
DATA|009ceeca|2|word||.reloc|0x39dc
DATA|009ceecc|2|word||.reloc|0x39e7
DATA|009ceece|2|word||.reloc|0x39fc
DATA|009ceed0|2|word||.reloc|0x3a10
DATA|009ceed2|2|word||.reloc|0x3a16
DATA|009ceed4|2|word||.reloc|0x3a2a
DATA|009ceed6|2|word||.reloc|0x3a33
DATA|009ceed8|2|word||.reloc|0x3a3f
DATA|009ceeda|2|word||.reloc|0x3a56
DATA|009ceedc|2|word||.reloc|0x3a65
DATA|009ceede|2|word||.reloc|0x3a76
DATA|009ceee0|2|word||.reloc|0x3a7f
DATA|009ceee2|2|word||.reloc|0x3a94
DATA|009ceee4|2|word||.reloc|0x3aa8
DATA|009ceee6|2|word||.reloc|0x3ab7
DATA|009ceee8|2|word||.reloc|0x3ac8
DATA|009ceeea|2|word||.reloc|0x3ad5
DATA|009ceeec|2|word||.reloc|0x3ada
DATA|009ceeee|2|word||.reloc|0x3ae3
DATA|009ceef0|2|word||.reloc|0x3ae9
DATA|009ceef2|2|word||.reloc|0x3aef
DATA|009ceef4|2|word||.reloc|0x3af8
DATA|009ceef6|2|word||.reloc|0x3afe
DATA|009ceef8|2|word||.reloc|0x3b07
DATA|009ceefa|2|word||.reloc|0x3b0d
DATA|009ceefc|2|word||.reloc|0x3b16
DATA|009ceefe|2|word||.reloc|0x3b1c
DATA|009cef00|2|word||.reloc|0x3b25
DATA|009cef02|2|word||.reloc|0x3b2b
DATA|009cef04|2|word||.reloc|0x3b36
DATA|009cef06|2|word||.reloc|0x3b3c
DATA|009cef08|2|word||.reloc|0x3b4a
DATA|009cef0a|2|word||.reloc|0x3b50
DATA|009cef0c|2|word||.reloc|0x3b59
DATA|009cef0e|2|word||.reloc|0x3b65
DATA|009cef10|2|word||.reloc|0x3b71
DATA|009cef12|2|word||.reloc|0x3b7f
DATA|009cef14|2|word||.reloc|0x3b85
DATA|009cef16|2|word||.reloc|0x3b93
DATA|009cef18|2|word||.reloc|0x3b99
DATA|009cef1a|2|word||.reloc|0x3ba2
DATA|009cef1c|2|word||.reloc|0x3bae
DATA|009cef1e|2|word||.reloc|0x3bba
DATA|009cef20|2|word||.reloc|0x3bc8
DATA|009cef22|2|word||.reloc|0x3bce
DATA|009cef24|2|word||.reloc|0x3bdc
DATA|009cef26|2|word||.reloc|0x3be2
DATA|009cef28|2|word||.reloc|0x3beb
DATA|009cef2a|2|word||.reloc|0x3bf7
DATA|009cef2c|2|word||.reloc|0x3c03
DATA|009cef2e|2|word||.reloc|0x3c0f
DATA|009cef30|2|word||.reloc|0x3c15
DATA|009cef32|2|word||.reloc|0x3c1d
DATA|009cef34|2|word||.reloc|0x3c23
DATA|009cef36|2|word||.reloc|0x3c2f
DATA|009cef38|2|word||.reloc|0x3c35
DATA|009cef3a|2|word||.reloc|0x3c41
DATA|009cef3c|2|word||.reloc|0x3c47
DATA|009cef3e|2|word||.reloc|0x3c63
DATA|009cef40|2|word||.reloc|0x3c69
DATA|009cef42|2|word||.reloc|0x3c6e
DATA|009cef44|2|word||.reloc|0x3c7c
DATA|009cef46|2|word||.reloc|0x3c82
DATA|009cef48|2|word||.reloc|0x3c87
DATA|009cef4a|2|word||.reloc|0x3c91
DATA|009cef4c|2|word||.reloc|0x3c9a
DATA|009cef4e|2|word||.reloc|0x3ca3
DATA|009cef50|2|word||.reloc|0x3ca9
DATA|009cef52|2|word||.reloc|0x3cb3
DATA|009cef54|2|word||.reloc|0x3cbc
DATA|009cef56|2|word||.reloc|0x3cc5
DATA|009cef58|2|word||.reloc|0x3ccb
DATA|009cef5a|2|word||.reloc|0x3cd5
DATA|009cef5c|2|word||.reloc|0x3cdb
DATA|009cef5e|2|word||.reloc|0x3ce5
DATA|009cef60|2|word||.reloc|0x3cee
DATA|009cef62|2|word||.reloc|0x3cf7
DATA|009cef64|2|word||.reloc|0x3cfd
DATA|009cef66|2|word||.reloc|0x3d07
DATA|009cef68|2|word||.reloc|0x3d14
DATA|009cef6a|2|word||.reloc|0x3d1a
DATA|009cef6c|2|word||.reloc|0x3d23
DATA|009cef6e|2|word||.reloc|0x3d29
DATA|009cef70|2|word||.reloc|0x3d30
DATA|009cef72|2|word||.reloc|0x3d3d
DATA|009cef74|2|word||.reloc|0x3d45
DATA|009cef76|2|word||.reloc|0x3d55
DATA|009cef78|2|word||.reloc|0x3d69
DATA|009cef7a|2|word||.reloc|0x3d76
DATA|009cef7c|2|word||.reloc|0x3d8c
DATA|009cef7e|2|word||.reloc|0x3d99
DATA|009cef80|2|word||.reloc|0x3db0
DATA|009cef82|2|word||.reloc|0x3dbc
DATA|009cef84|2|word||.reloc|0x3dc1
DATA|009cef86|2|word||.reloc|0x3dc9
DATA|009cef88|2|word||.reloc|0x3dcf
DATA|009cef8a|2|word||.reloc|0x3dda
DATA|009cef8c|2|word||.reloc|0x3de0
DATA|009cef8e|2|word||.reloc|0x3deb
DATA|009cef90|2|word||.reloc|0x3df1
DATA|009cef92|2|word||.reloc|0x3e13
DATA|009cef94|2|word||.reloc|0x3e19
DATA|009cef96|2|word||.reloc|0x3e1e
DATA|009cef98|2|word||.reloc|0x3e27
DATA|009cef9a|2|word||.reloc|0x3e2c
DATA|009cef9c|2|word||.reloc|0x3e37
DATA|009cef9e|2|word||.reloc|0x3e3d
DATA|009cefa0|2|word||.reloc|0x3e53
DATA|009cefa2|2|word||.reloc|0x3e58
DATA|009cefa4|2|word||.reloc|0x3e6c
DATA|009cefa6|2|word||.reloc|0x3e7a
DATA|009cefa8|2|word||.reloc|0x3e8f
DATA|009cefaa|2|word||.reloc|0x3ea3
DATA|009cefac|2|word||.reloc|0x3ea9
DATA|009cefae|2|word||.reloc|0x3ebd
DATA|009cefb0|2|word||.reloc|0x3ec6
DATA|009cefb2|2|word||.reloc|0x3ed2
DATA|009cefb4|2|word||.reloc|0x3ee9
DATA|009cefb6|2|word||.reloc|0x3ef8
DATA|009cefb8|2|word||.reloc|0x3f09
DATA|009cefba|2|word||.reloc|0x3f12
DATA|009cefbc|2|word||.reloc|0x3f27
DATA|009cefbe|2|word||.reloc|0x3f3b
DATA|009cefc0|2|word||.reloc|0x3f4a
DATA|009cefc2|2|word||.reloc|0x3f5b
DATA|009cefc4|2|word||.reloc|0x3f67
DATA|009cefc6|2|word||.reloc|0x3f6d
DATA|009cefc8|2|word||.reloc|0x3f76
DATA|009cefca|2|word||.reloc|0x3f81
DATA|009cefcc|2|word||.reloc|0x3f8a
DATA|009cefce|2|word||.reloc|0x3f93
DATA|009cefd0|2|word||.reloc|0x3f9c
DATA|009cefd2|2|word||.reloc|0x3fa5
DATA|009cefd4|2|word||.reloc|0x3fae
DATA|009cefd6|2|word||.reloc|0x3fbc
DATA|009cefd8|2|word||.reloc|0x3fc5
DATA|009cefda|2|word||.reloc|0x3fce
DATA|009cefdc|2|word||.reloc|0x3fd7
DATA|009cefde|2|word||.reloc|0x3fe0
DATA|009cefe0|2|word||.reloc|0x3fe9
DATA|009cefe2|2|word||.reloc|0x3ff2
DATA|009cefe4|2|word||.reloc|0x3ffb
DATA|009cefe6|2|word||.reloc|0x0
DATA|009cefe8|8|IMAGE_BASE_RELOCATION||.reloc|
DATA|009ceff0|2|word||.reloc|0x3004
DATA|009ceff2|2|word||.reloc|0x300d
DATA|009ceff4|2|word||.reloc|0x3016
DATA|009ceff6|2|word||.reloc|0x301f
DATA|009ceff8|2|word||.reloc|0x3024
DATA|009ceffa|2|word||.reloc|0x302b
DATA|009ceffc|2|word||.reloc|0x3031
DATA|009ceffe|2|word||.reloc|0x303c
DATA|009cf000|2|word||.reloc|0x3042
DATA|009cf002|2|word||.reloc|0x304d
DATA|009cf004|2|word||.reloc|0x3053
DATA|009cf006|2|word||.reloc|0x3074
DATA|009cf008|2|word||.reloc|0x307a
DATA|009cf00a|2|word||.reloc|0x307f
DATA|009cf00c|2|word||.reloc|0x3088
DATA|009cf00e|2|word||.reloc|0x308d
DATA|009cf010|2|word||.reloc|0x3098
DATA|009cf012|2|word||.reloc|0x309e
DATA|009cf014|2|word||.reloc|0x30b4
DATA|009cf016|2|word||.reloc|0x30b9
DATA|009cf018|2|word||.reloc|0x30cd
DATA|009cf01a|2|word||.reloc|0x30db
DATA|009cf01c|2|word||.reloc|0x30f0
DATA|009cf01e|2|word||.reloc|0x3104
DATA|009cf020|2|word||.reloc|0x310a
DATA|009cf022|2|word||.reloc|0x311e
DATA|009cf024|2|word||.reloc|0x3127
DATA|009cf026|2|word||.reloc|0x3133
DATA|009cf028|2|word||.reloc|0x314a
DATA|009cf02a|2|word||.reloc|0x3159
DATA|009cf02c|2|word||.reloc|0x316a
DATA|009cf02e|2|word||.reloc|0x3173
DATA|009cf030|2|word||.reloc|0x3188
DATA|009cf032|2|word||.reloc|0x319c
DATA|009cf034|2|word||.reloc|0x31b3
DATA|009cf036|2|word||.reloc|0x31bc
DATA|009cf038|2|word||.reloc|0x31c4
DATA|009cf03a|2|word||.reloc|0x31ce
DATA|009cf03c|2|word||.reloc|0x31dc
DATA|009cf03e|2|word||.reloc|0x31e5
DATA|009cf040|2|word||.reloc|0x31eb
DATA|009cf042|2|word||.reloc|0x31f5
DATA|009cf044|2|word||.reloc|0x31fe
DATA|009cf046|2|word||.reloc|0x3207
DATA|009cf048|2|word||.reloc|0x320d
DATA|009cf04a|2|word||.reloc|0x3217
DATA|009cf04c|2|word||.reloc|0x321d
DATA|009cf04e|2|word||.reloc|0x3227
DATA|009cf050|2|word||.reloc|0x3230
DATA|009cf052|2|word||.reloc|0x3239
DATA|009cf054|2|word||.reloc|0x323f
DATA|009cf056|2|word||.reloc|0x3249
DATA|009cf058|2|word||.reloc|0x3255
DATA|009cf05a|2|word||.reloc|0x325b
DATA|009cf05c|2|word||.reloc|0x3263
DATA|009cf05e|2|word||.reloc|0x3268
DATA|009cf060|2|word||.reloc|0x326f
DATA|009cf062|2|word||.reloc|0x327b
DATA|009cf064|2|word||.reloc|0x3287
DATA|009cf066|2|word||.reloc|0x3290
DATA|009cf068|2|word||.reloc|0x329e
DATA|009cf06a|2|word||.reloc|0x32a7
DATA|009cf06c|2|word||.reloc|0x32b0
DATA|009cf06e|2|word||.reloc|0x32b9
DATA|009cf070|2|word||.reloc|0x32c2
DATA|009cf072|2|word||.reloc|0x32cb
DATA|009cf074|2|word||.reloc|0x32d4
DATA|009cf076|2|word||.reloc|0x32dd
DATA|009cf078|2|word||.reloc|0x32e6
DATA|009cf07a|2|word||.reloc|0x32ef
DATA|009cf07c|2|word||.reloc|0x32f8
DATA|009cf07e|2|word||.reloc|0x3301
DATA|009cf080|2|word||.reloc|0x3306
DATA|009cf082|2|word||.reloc|0x330e
DATA|009cf084|2|word||.reloc|0x3317
DATA|009cf086|2|word||.reloc|0x3320
DATA|009cf088|2|word||.reloc|0x3326
DATA|009cf08a|2|word||.reloc|0x3331
DATA|009cf08c|2|word||.reloc|0x3337
DATA|009cf08e|2|word||.reloc|0x3354
DATA|009cf090|2|word||.reloc|0x3359
DATA|009cf092|2|word||.reloc|0x335f
DATA|009cf094|2|word||.reloc|0x336b
DATA|009cf096|2|word||.reloc|0x3370
DATA|009cf098|2|word||.reloc|0x337a
DATA|009cf09a|2|word||.reloc|0x338a
DATA|009cf09c|2|word||.reloc|0x3391
DATA|009cf09e|2|word||.reloc|0x33a2
DATA|009cf0a0|2|word||.reloc|0x33aa
DATA|009cf0a2|2|word||.reloc|0x33b2
DATA|009cf0a4|2|word||.reloc|0x33cd
DATA|009cf0a6|2|word||.reloc|0x33d5
DATA|009cf0a8|2|word||.reloc|0x33e6
DATA|009cf0aa|2|word||.reloc|0x33ee
DATA|009cf0ac|2|word||.reloc|0x33f6
DATA|009cf0ae|2|word||.reloc|0x3411
DATA|009cf0b0|2|word||.reloc|0x3419
DATA|009cf0b2|2|word||.reloc|0x3434
DATA|009cf0b4|2|word||.reloc|0x343c
DATA|009cf0b6|2|word||.reloc|0x3444
DATA|009cf0b8|2|word||.reloc|0x3455
DATA|009cf0ba|2|word||.reloc|0x345d
DATA|009cf0bc|2|word||.reloc|0x3478
DATA|009cf0be|2|word||.reloc|0x3480
DATA|009cf0c0|2|word||.reloc|0x3488
DATA|009cf0c2|2|word||.reloc|0x3493
DATA|009cf0c4|2|word||.reloc|0x3499
DATA|009cf0c6|2|word||.reloc|0x34a9
DATA|009cf0c8|2|word||.reloc|0x34af
DATA|009cf0ca|2|word||.reloc|0x34bd
DATA|009cf0cc|2|word||.reloc|0x34ca
DATA|009cf0ce|2|word||.reloc|0x34d7
DATA|009cf0d0|2|word||.reloc|0x34e4
DATA|009cf0d2|2|word||.reloc|0x34ea
DATA|009cf0d4|2|word||.reloc|0x34fa
DATA|009cf0d6|2|word||.reloc|0x3500
DATA|009cf0d8|2|word||.reloc|0x3513
DATA|009cf0da|2|word||.reloc|0x3518
DATA|009cf0dc|2|word||.reloc|0x3521
DATA|009cf0de|2|word||.reloc|0x3527
DATA|009cf0e0|2|word||.reloc|0x352f
DATA|009cf0e2|2|word||.reloc|0x3538
DATA|009cf0e4|2|word||.reloc|0x3545
DATA|009cf0e6|2|word||.reloc|0x3554
DATA|009cf0e8|2|word||.reloc|0x3563
DATA|009cf0ea|2|word||.reloc|0x3576
DATA|009cf0ec|2|word||.reloc|0x3589
DATA|009cf0ee|2|word||.reloc|0x3594
DATA|009cf0f0|2|word||.reloc|0x359a
DATA|009cf0f2|2|word||.reloc|0x35a3
DATA|009cf0f4|2|word||.reloc|0x35a9
DATA|009cf0f6|2|word||.reloc|0x35b5
DATA|009cf0f8|2|word||.reloc|0x35bb
DATA|009cf0fa|2|word||.reloc|0x35c7
DATA|009cf0fc|2|word||.reloc|0x35cd
DATA|009cf0fe|2|word||.reloc|0x35e4
DATA|009cf100|2|word||.reloc|0x35e9
DATA|009cf102|2|word||.reloc|0x35ef
DATA|009cf104|2|word||.reloc|0x35f8
DATA|009cf106|2|word||.reloc|0x3602
DATA|009cf108|2|word||.reloc|0x3608
DATA|009cf10a|2|word||.reloc|0x3622
DATA|009cf10c|2|word||.reloc|0x3635
DATA|009cf10e|2|word||.reloc|0x364e
DATA|009cf110|2|word||.reloc|0x3663
DATA|009cf112|2|word||.reloc|0x3670
DATA|009cf114|2|word||.reloc|0x3681
DATA|009cf116|2|word||.reloc|0x36a2
DATA|009cf118|2|word||.reloc|0x36af
DATA|009cf11a|2|word||.reloc|0x36c8
DATA|009cf11c|2|word||.reloc|0x36e7
DATA|009cf11e|2|word||.reloc|0x36f4
DATA|009cf120|2|word||.reloc|0x3701
DATA|009cf122|2|word||.reloc|0x3707
DATA|009cf124|2|word||.reloc|0x3710
DATA|009cf126|2|word||.reloc|0x3716
DATA|009cf128|2|word||.reloc|0x372f
DATA|009cf12a|2|word||.reloc|0x3739
DATA|009cf12c|2|word||.reloc|0x3742
DATA|009cf12e|2|word||.reloc|0x374b
DATA|009cf130|2|word||.reloc|0x375d
DATA|009cf132|2|word||.reloc|0x376a
DATA|009cf134|2|word||.reloc|0x3776
DATA|009cf136|2|word||.reloc|0x3782
DATA|009cf138|2|word||.reloc|0x3797
DATA|009cf13a|2|word||.reloc|0x37a4
DATA|009cf13c|2|word||.reloc|0x37b0
DATA|009cf13e|2|word||.reloc|0x37bc
DATA|009cf140|2|word||.reloc|0x37cc
DATA|009cf142|2|word||.reloc|0x37dd
DATA|009cf144|2|word||.reloc|0x37e8
DATA|009cf146|2|word||.reloc|0x37f3
DATA|009cf148|2|word||.reloc|0x37ff
DATA|009cf14a|2|word||.reloc|0x3804
DATA|009cf14c|2|word||.reloc|0x380b
DATA|009cf14e|2|word||.reloc|0x3811
DATA|009cf150|2|word||.reloc|0x381c
DATA|009cf152|2|word||.reloc|0x3822
DATA|009cf154|2|word||.reloc|0x382d
DATA|009cf156|2|word||.reloc|0x3833
DATA|009cf158|2|word||.reloc|0x3865
DATA|009cf15a|2|word||.reloc|0x3875
DATA|009cf15c|2|word||.reloc|0x3889
DATA|009cf15e|2|word||.reloc|0x3896
DATA|009cf160|2|word||.reloc|0x38a0
DATA|009cf162|2|word||.reloc|0x38bd
DATA|009cf164|2|word||.reloc|0x38cd
DATA|009cf166|2|word||.reloc|0x38e1
DATA|009cf168|2|word||.reloc|0x38f1
DATA|009cf16a|2|word||.reloc|0x38fb
DATA|009cf16c|2|word||.reloc|0x3906
DATA|009cf16e|2|word||.reloc|0x390f
DATA|009cf170|2|word||.reloc|0x392b
DATA|009cf172|2|word||.reloc|0x3943
DATA|009cf174|2|word||.reloc|0x3955
DATA|009cf176|2|word||.reloc|0x3966
DATA|009cf178|2|word||.reloc|0x396f
DATA|009cf17a|2|word||.reloc|0x397f
DATA|009cf17c|2|word||.reloc|0x3988
DATA|009cf17e|2|word||.reloc|0x399a
DATA|009cf180|2|word||.reloc|0x39a3
DATA|009cf182|2|word||.reloc|0x39ac
DATA|009cf184|2|word||.reloc|0x39bc
DATA|009cf186|2|word||.reloc|0x39c5
DATA|009cf188|2|word||.reloc|0x39d7
DATA|009cf18a|2|word||.reloc|0x39e0
DATA|009cf18c|2|word||.reloc|0x39e9
DATA|009cf18e|2|word||.reloc|0x39f9
DATA|009cf190|2|word||.reloc|0x3a02
DATA|009cf192|2|word||.reloc|0x3a13
DATA|009cf194|2|word||.reloc|0x3a1c
DATA|009cf196|2|word||.reloc|0x3a25
DATA|009cf198|2|word||.reloc|0x3a2e
DATA|009cf19a|2|word||.reloc|0x3a3d
DATA|009cf19c|2|word||.reloc|0x3a4c
DATA|009cf19e|2|word||.reloc|0x3a5d
DATA|009cf1a0|2|word||.reloc|0x3a66
DATA|009cf1a2|2|word||.reloc|0x3a78
DATA|009cf1a4|2|word||.reloc|0x3a87
DATA|009cf1a6|2|word||.reloc|0x3a99
DATA|009cf1a8|2|word||.reloc|0x3aa2
DATA|009cf1aa|2|word||.reloc|0x3aab
DATA|009cf1ac|2|word||.reloc|0x3abb
DATA|009cf1ae|2|word||.reloc|0x3ac4
DATA|009cf1b0|2|word||.reloc|0x3ad6
DATA|009cf1b2|2|word||.reloc|0x3adf
DATA|009cf1b4|2|word||.reloc|0x3ae8
DATA|009cf1b6|2|word||.reloc|0x3af7
DATA|009cf1b8|2|word||.reloc|0x3b00
DATA|009cf1ba|2|word||.reloc|0x3b0f
DATA|009cf1bc|2|word||.reloc|0x3b1b
DATA|009cf1be|2|word||.reloc|0x3b23
DATA|009cf1c0|2|word||.reloc|0x3b2e
DATA|009cf1c2|2|word||.reloc|0x3b34
DATA|009cf1c4|2|word||.reloc|0x3b43
DATA|009cf1c6|2|word||.reloc|0x3b5f
DATA|009cf1c8|2|word||.reloc|0x3b68
DATA|009cf1ca|2|word||.reloc|0x3b71
DATA|009cf1cc|2|word||.reloc|0x3b90
DATA|009cf1ce|2|word||.reloc|0x3b96
DATA|009cf1d0|2|word||.reloc|0x3bc0
DATA|009cf1d2|2|word||.reloc|0x3bda
DATA|009cf1d4|2|word||.reloc|0x3be3
DATA|009cf1d6|2|word||.reloc|0x3bf5
DATA|009cf1d8|2|word||.reloc|0x3bfa
DATA|009cf1da|2|word||.reloc|0x3c04
DATA|009cf1dc|2|word||.reloc|0x3c09
DATA|009cf1de|2|word||.reloc|0x3c11
DATA|009cf1e0|2|word||.reloc|0x3c6d
DATA|009cf1e2|2|word||.reloc|0x3c81
DATA|009cf1e4|2|word||.reloc|0x3c99
DATA|009cf1e6|2|word||.reloc|0x3ccb
DATA|009cf1e8|2|word||.reloc|0x3cd5
DATA|009cf1ea|2|word||.reloc|0x3cdd
DATA|009cf1ec|2|word||.reloc|0x3ce5
DATA|009cf1ee|2|word||.reloc|0x3cf5
DATA|009cf1f0|2|word||.reloc|0x3cfb
DATA|009cf1f2|2|word||.reloc|0x3d03
DATA|009cf1f4|2|word||.reloc|0x3d09
DATA|009cf1f6|2|word||.reloc|0x3d0f
DATA|009cf1f8|2|word||.reloc|0x3d2c
DATA|009cf1fa|2|word||.reloc|0x3d33
DATA|009cf1fc|2|word||.reloc|0x3d42
DATA|009cf1fe|2|word||.reloc|0x3d4e
DATA|009cf200|2|word||.reloc|0x3ed6
DATA|009cf202|2|word||.reloc|0x3eef
DATA|009cf204|2|word||.reloc|0x3efd
DATA|009cf206|2|word||.reloc|0x3f05
DATA|009cf208|2|word||.reloc|0x3f1c
DATA|009cf20a|2|word||.reloc|0x3f23
DATA|009cf20c|2|word||.reloc|0x3f2a
DATA|009cf20e|2|word||.reloc|0x3f31
DATA|009cf210|2|word||.reloc|0x3f38
DATA|009cf212|2|word||.reloc|0x3f3f
DATA|009cf214|2|word||.reloc|0x3f46
DATA|009cf216|2|word||.reloc|0x3f4d
DATA|009cf218|2|word||.reloc|0x3f54
DATA|009cf21a|2|word||.reloc|0x3f5a
DATA|009cf21c|2|word||.reloc|0x3f60
DATA|009cf21e|2|word||.reloc|0x3f66
DATA|009cf220|2|word||.reloc|0x3fc9
DATA|009cf222|2|word||.reloc|0x0
DATA|009cf224|8|IMAGE_BASE_RELOCATION||.reloc|
DATA|009cf22c|2|word||.reloc|0x3009
DATA|009cf22e|2|word||.reloc|0x301b
DATA|009cf230|2|word||.reloc|0x3032
DATA|009cf232|2|word||.reloc|0x3037
DATA|009cf234|2|word||.reloc|0x303d
DATA|009cf236|2|word||.reloc|0x3042
DATA|009cf238|2|word||.reloc|0x305b
DATA|009cf23a|2|word||.reloc|0x3062
DATA|009cf23c|2|word||.reloc|0x306b
DATA|009cf23e|2|word||.reloc|0x3072
DATA|009cf240|2|word||.reloc|0x3077
DATA|009cf242|2|word||.reloc|0x308c
DATA|009cf244|2|word||.reloc|0x3093
DATA|009cf246|2|word||.reloc|0x309a
DATA|009cf248|2|word||.reloc|0x30a1
DATA|009cf24a|2|word||.reloc|0x30a8
DATA|009cf24c|2|word||.reloc|0x30af
DATA|009cf24e|2|word||.reloc|0x30b6
DATA|009cf250|2|word||.reloc|0x30bd
DATA|009cf252|2|word||.reloc|0x30c4
DATA|009cf254|2|word||.reloc|0x30ca
DATA|009cf256|2|word||.reloc|0x30d0
DATA|009cf258|2|word||.reloc|0x30d6
DATA|009cf25a|2|word||.reloc|0x3140
DATA|009cf25c|2|word||.reloc|0x316a
DATA|009cf25e|2|word||.reloc|0x317c
DATA|009cf260|2|word||.reloc|0x31f2
DATA|009cf262|2|word||.reloc|0x31f9
DATA|009cf264|2|word||.reloc|0x3200
DATA|009cf266|2|word||.reloc|0x3207
DATA|009cf268|2|word||.reloc|0x3226
DATA|009cf26a|2|word||.reloc|0x322c
DATA|009cf26c|2|word||.reloc|0x3232
DATA|009cf26e|2|word||.reloc|0x3238
DATA|009cf270|2|word||.reloc|0x3245
DATA|009cf272|2|word||.reloc|0x324f
DATA|009cf274|2|word||.reloc|0x325b
DATA|009cf276|2|word||.reloc|0x3261
DATA|009cf278|2|word||.reloc|0x326e
DATA|009cf27a|2|word||.reloc|0x3278
DATA|009cf27c|2|word||.reloc|0x3284
DATA|009cf27e|2|word||.reloc|0x328a
DATA|009cf280|2|word||.reloc|0x3297
DATA|009cf282|2|word||.reloc|0x32a1
DATA|009cf284|2|word||.reloc|0x32ad
DATA|009cf286|2|word||.reloc|0x32b7
DATA|009cf288|2|word||.reloc|0x32c3
DATA|009cf28a|2|word||.reloc|0x32d2
DATA|009cf28c|2|word||.reloc|0x32d9
DATA|009cf28e|2|word||.reloc|0x32df
DATA|009cf290|2|word||.reloc|0x32e9
DATA|009cf292|2|word||.reloc|0x32f3
DATA|009cf294|2|word||.reloc|0x3304
DATA|009cf296|2|word||.reloc|0x330a
DATA|009cf298|2|word||.reloc|0x3315
DATA|009cf29a|2|word||.reloc|0x331f
DATA|009cf29c|2|word||.reloc|0x3329
DATA|009cf29e|2|word||.reloc|0x334a
DATA|009cf2a0|2|word||.reloc|0x3367
DATA|009cf2a2|2|word||.reloc|0x337d
DATA|009cf2a4|2|word||.reloc|0x3383
DATA|009cf2a6|2|word||.reloc|0x3394
DATA|009cf2a8|2|word||.reloc|0x339e
DATA|009cf2aa|2|word||.reloc|0x33a4
DATA|009cf2ac|2|word||.reloc|0x33a9
DATA|009cf2ae|2|word||.reloc|0x33af
DATA|009cf2b0|2|word||.reloc|0x33b9
DATA|009cf2b2|2|word||.reloc|0x33bf
DATA|009cf2b4|2|word||.reloc|0x33c9
DATA|009cf2b6|2|word||.reloc|0x33d3
DATA|009cf2b8|2|word||.reloc|0x33e6
DATA|009cf2ba|2|word||.reloc|0x33f7
DATA|009cf2bc|2|word||.reloc|0x33fd
DATA|009cf2be|2|word||.reloc|0x3403
DATA|009cf2c0|2|word||.reloc|0x3414
DATA|009cf2c2|2|word||.reloc|0x3425
DATA|009cf2c4|2|word||.reloc|0x3432
DATA|009cf2c6|2|word||.reloc|0x343a
DATA|009cf2c8|2|word||.reloc|0x3443
DATA|009cf2ca|2|word||.reloc|0x3450
DATA|009cf2cc|2|word||.reloc|0x345d
DATA|009cf2ce|2|word||.reloc|0x347b
DATA|009cf2d0|2|word||.reloc|0x3486
DATA|009cf2d2|2|word||.reloc|0x349b
DATA|009cf2d4|2|word||.reloc|0x34ca
DATA|009cf2d6|2|word||.reloc|0x34cf
DATA|009cf2d8|2|word||.reloc|0x34d6
DATA|009cf2da|2|word||.reloc|0x34db
DATA|009cf2dc|2|word||.reloc|0x34fa
DATA|009cf2de|2|word||.reloc|0x3524
DATA|009cf2e0|2|word||.reloc|0x3536
DATA|009cf2e2|2|word||.reloc|0x353f
DATA|009cf2e4|2|word||.reloc|0x354d
DATA|009cf2e6|2|word||.reloc|0x3557
DATA|009cf2e8|2|word||.reloc|0x3565
DATA|009cf2ea|2|word||.reloc|0x356f
DATA|009cf2ec|2|word||.reloc|0x357d
DATA|009cf2ee|2|word||.reloc|0x3587
DATA|009cf2f0|2|word||.reloc|0x3595
DATA|009cf2f2|2|word||.reloc|0x359f
DATA|009cf2f4|2|word||.reloc|0x35ad
DATA|009cf2f6|2|word||.reloc|0x35b7
DATA|009cf2f8|2|word||.reloc|0x35c5
DATA|009cf2fa|2|word||.reloc|0x35cf
DATA|009cf2fc|2|word||.reloc|0x35dd
DATA|009cf2fe|2|word||.reloc|0x35e7
DATA|009cf300|2|word||.reloc|0x35f5
DATA|009cf302|2|word||.reloc|0x35ff
DATA|009cf304|2|word||.reloc|0x3611
DATA|009cf306|2|word||.reloc|0x361a
DATA|009cf308|2|word||.reloc|0x3628
DATA|009cf30a|2|word||.reloc|0x3632
DATA|009cf30c|2|word||.reloc|0x3640
DATA|009cf30e|2|word||.reloc|0x364a
DATA|009cf310|2|word||.reloc|0x3658
DATA|009cf312|2|word||.reloc|0x3662
DATA|009cf314|2|word||.reloc|0x3670
DATA|009cf316|2|word||.reloc|0x367a
DATA|009cf318|2|word||.reloc|0x3688
DATA|009cf31a|2|word||.reloc|0x3692
DATA|009cf31c|2|word||.reloc|0x36a0
DATA|009cf31e|2|word||.reloc|0x36aa
DATA|009cf320|2|word||.reloc|0x36b8
DATA|009cf322|2|word||.reloc|0x36c2
DATA|009cf324|2|word||.reloc|0x36d0
DATA|009cf326|2|word||.reloc|0x36fa
DATA|009cf328|2|word||.reloc|0x3719
DATA|009cf32a|2|word||.reloc|0x371e
DATA|009cf32c|2|word||.reloc|0x374e
DATA|009cf32e|2|word||.reloc|0x3760
DATA|009cf330|2|word||.reloc|0x377d
DATA|009cf332|2|word||.reloc|0x3783
DATA|009cf334|2|word||.reloc|0x3789
DATA|009cf336|2|word||.reloc|0x378f
DATA|009cf338|2|word||.reloc|0x37a9
DATA|009cf33a|2|word||.reloc|0x37ae
DATA|009cf33c|2|word||.reloc|0x37b6
DATA|009cf33e|2|word||.reloc|0x37c1
DATA|009cf340|2|word||.reloc|0x37d9
DATA|009cf342|2|word||.reloc|0x37ef
DATA|009cf344|2|word||.reloc|0x3806
DATA|009cf346|2|word||.reloc|0x381a
DATA|009cf348|2|word||.reloc|0x381f
DATA|009cf34a|2|word||.reloc|0x382f
DATA|009cf34c|2|word||.reloc|0x3841
DATA|009cf34e|2|word||.reloc|0x3867
DATA|009cf350|2|word||.reloc|0x3884
DATA|009cf352|2|word||.reloc|0x3889
DATA|009cf354|2|word||.reloc|0x389e
DATA|009cf356|2|word||.reloc|0x38c6
DATA|009cf358|2|word||.reloc|0x38ee
DATA|009cf35a|2|word||.reloc|0x3922
DATA|009cf35c|2|word||.reloc|0x3931
DATA|009cf35e|2|word||.reloc|0x3939
DATA|009cf360|2|word||.reloc|0x394d
DATA|009cf362|2|word||.reloc|0x3958
DATA|009cf364|2|word||.reloc|0x3964
DATA|009cf366|2|word||.reloc|0x3978
DATA|009cf368|2|word||.reloc|0x3987
DATA|009cf36a|2|word||.reloc|0x399f
DATA|009cf36c|2|word||.reloc|0x39cc
DATA|009cf36e|2|word||.reloc|0x39d9
DATA|009cf370|2|word||.reloc|0x39ea
DATA|009cf372|2|word||.reloc|0x39f8
DATA|009cf374|2|word||.reloc|0x3a02
DATA|009cf376|2|word||.reloc|0x3a23
DATA|009cf378|2|word||.reloc|0x3a2d
DATA|009cf37a|2|word||.reloc|0x3a7b
DATA|009cf37c|2|word||.reloc|0x3a88
DATA|009cf37e|2|word||.reloc|0x3a8e
DATA|009cf380|2|word||.reloc|0x3a94
DATA|009cf382|2|word||.reloc|0x3ad9
DATA|009cf384|2|word||.reloc|0x3afa
DATA|009cf386|2|word||.reloc|0x3b0b
DATA|009cf388|2|word||.reloc|0x3b16
DATA|009cf38a|2|word||.reloc|0x3b24
DATA|009cf38c|2|word||.reloc|0x3b34
DATA|009cf38e|2|word||.reloc|0x3b3f
DATA|009cf390|2|word||.reloc|0x3b4f
DATA|009cf392|2|word||.reloc|0x3b5c
DATA|009cf394|2|word||.reloc|0x3b6c
DATA|009cf396|2|word||.reloc|0x3b7c
DATA|009cf398|2|word||.reloc|0x3b87
DATA|009cf39a|2|word||.reloc|0x3b92
DATA|009cf39c|2|word||.reloc|0x3b9d
DATA|009cf39e|2|word||.reloc|0x3ba8
DATA|009cf3a0|2|word||.reloc|0x3bb3
DATA|009cf3a2|2|word||.reloc|0x3bbe
DATA|009cf3a4|2|word||.reloc|0x3bc9
DATA|009cf3a6|2|word||.reloc|0x3bd4
DATA|009cf3a8|2|word||.reloc|0x3bd9
DATA|009cf3aa|2|word||.reloc|0x3bdf
DATA|009cf3ac|2|word||.reloc|0x3beb
DATA|009cf3ae|2|word||.reloc|0x3bf6
DATA|009cf3b0|2|word||.reloc|0x3bfc
DATA|009cf3b2|2|word||.reloc|0x3c02
DATA|009cf3b4|2|word||.reloc|0x3c08
DATA|009cf3b6|2|word||.reloc|0x3c25
DATA|009cf3b8|2|word||.reloc|0x3c38
DATA|009cf3ba|2|word||.reloc|0x3c46
DATA|009cf3bc|2|word||.reloc|0x3c54
DATA|009cf3be|2|word||.reloc|0x3c5d
DATA|009cf3c0|2|word||.reloc|0x3c68
DATA|009cf3c2|2|word||.reloc|0x3c73
DATA|009cf3c4|2|word||.reloc|0x3c81
DATA|009cf3c6|2|word||.reloc|0x3c97
DATA|009cf3c8|2|word||.reloc|0x3ca1
DATA|009cf3ca|2|word||.reloc|0x3cac
DATA|009cf3cc|2|word||.reloc|0x3cb9
DATA|009cf3ce|2|word||.reloc|0x3cbf
DATA|009cf3d0|2|word||.reloc|0x3cc6
DATA|009cf3d2|2|word||.reloc|0x3ccb
DATA|009cf3d4|2|word||.reloc|0x3cd1
DATA|009cf3d6|2|word||.reloc|0x3ce1
DATA|009cf3d8|2|word||.reloc|0x3cf2
DATA|009cf3da|2|word||.reloc|0x3cf7
DATA|009cf3dc|2|word||.reloc|0x3cfd
DATA|009cf3de|2|word||.reloc|0x3d11
DATA|009cf3e0|2|word||.reloc|0x3d17
DATA|009cf3e2|2|word||.reloc|0x3d23
DATA|009cf3e4|2|word||.reloc|0x3d30
DATA|009cf3e6|2|word||.reloc|0x3d41
DATA|009cf3e8|2|word||.reloc|0x3d4c
DATA|009cf3ea|2|word||.reloc|0x3d62
DATA|009cf3ec|2|word||.reloc|0x3d72
DATA|009cf3ee|2|word||.reloc|0x3d78
DATA|009cf3f0|2|word||.reloc|0x3d7e
DATA|009cf3f2|2|word||.reloc|0x3d87
DATA|009cf3f4|2|word||.reloc|0x3d94
DATA|009cf3f6|2|word||.reloc|0x3d9a
DATA|009cf3f8|2|word||.reloc|0x3da1
DATA|009cf3fa|2|word||.reloc|0x3da6
DATA|009cf3fc|2|word||.reloc|0x3dac
DATA|009cf3fe|2|word||.reloc|0x3dbc
DATA|009cf400|2|word||.reloc|0x3dcd
DATA|009cf402|2|word||.reloc|0x3dd2
DATA|009cf404|2|word||.reloc|0x3dd8
DATA|009cf406|2|word||.reloc|0x3dec
DATA|009cf408|2|word||.reloc|0x3df2
DATA|009cf40a|2|word||.reloc|0x3df8
DATA|009cf40c|2|word||.reloc|0x3e01
DATA|009cf40e|2|word||.reloc|0x3e06
DATA|009cf410|2|word||.reloc|0x3e13
DATA|009cf412|2|word||.reloc|0x3e18
DATA|009cf414|2|word||.reloc|0x3e2a
DATA|009cf416|2|word||.reloc|0x3e32
DATA|009cf418|2|word||.reloc|0x3e3a
DATA|009cf41a|2|word||.reloc|0x3e43
DATA|009cf41c|2|word||.reloc|0x3e50
DATA|009cf41e|2|word||.reloc|0x3e5a
DATA|009cf420|2|word||.reloc|0x3e63
DATA|009cf422|2|word||.reloc|0x3e68
DATA|009cf424|2|word||.reloc|0x3e7c
DATA|009cf426|2|word||.reloc|0x3e89
DATA|009cf428|2|word||.reloc|0x3e93
DATA|009cf42a|2|word||.reloc|0x3e9e
DATA|009cf42c|2|word||.reloc|0x3eb6
DATA|009cf42e|2|word||.reloc|0x3ebc
DATA|009cf430|2|word||.reloc|0x3ee5
DATA|009cf432|2|word||.reloc|0x3ef0
DATA|009cf434|2|word||.reloc|0x3f0c
DATA|009cf436|2|word||.reloc|0x3f33
DATA|009cf438|2|word||.reloc|0x3f62
DATA|009cf43a|2|word||.reloc|0x3fbc
DATA|009cf43c|2|word||.reloc|0x3fc3
DATA|009cf43e|2|word||.reloc|0x3fcb
DATA|009cf440|2|word||.reloc|0x3fd7
DATA|009cf442|2|word||.reloc|0x0
DATA|009cf444|8|IMAGE_BASE_RELOCATION||.reloc|
DATA|009cf44c|2|word||.reloc|0x3014
DATA|009cf44e|2|word||.reloc|0x3021
DATA|009cf450|2|word||.reloc|0x302b
DATA|009cf452|2|word||.reloc|0x3051
DATA|009cf454|2|word||.reloc|0x305e
DATA|009cf456|2|word||.reloc|0x306b
DATA|009cf458|2|word||.reloc|0x3071
DATA|009cf45a|2|word||.reloc|0x307a
DATA|009cf45c|2|word||.reloc|0x3080
DATA|009cf45e|2|word||.reloc|0x3087
DATA|009cf460|2|word||.reloc|0x308f
DATA|009cf462|2|word||.reloc|0x3097
DATA|009cf464|2|word||.reloc|0x309c
DATA|009cf466|2|word||.reloc|0x30a3
DATA|009cf468|2|word||.reloc|0x30b5
DATA|009cf46a|2|word||.reloc|0x30d4
DATA|009cf46c|2|word||.reloc|0x3106
DATA|009cf46e|2|word||.reloc|0x3144
DATA|009cf470|2|word||.reloc|0x3151
DATA|009cf472|2|word||.reloc|0x315d
DATA|009cf474|2|word||.reloc|0x3197
DATA|009cf476|2|word||.reloc|0x31b1
DATA|009cf478|2|word||.reloc|0x31bc
DATA|009cf47a|2|word||.reloc|0x31c2
DATA|009cf47c|2|word||.reloc|0x31d1
DATA|009cf47e|2|word||.reloc|0x31e2
DATA|009cf480|2|word||.reloc|0x31eb
DATA|009cf482|2|word||.reloc|0x31f9
DATA|009cf484|2|word||.reloc|0x3206
DATA|009cf486|2|word||.reloc|0x320c
DATA|009cf488|2|word||.reloc|0x3212
DATA|009cf48a|2|word||.reloc|0x321c
DATA|009cf48c|2|word||.reloc|0x3226
DATA|009cf48e|2|word||.reloc|0x3232
DATA|009cf490|2|word||.reloc|0x323f
DATA|009cf492|2|word||.reloc|0x3245
DATA|009cf494|2|word||.reloc|0x324b
DATA|009cf496|2|word||.reloc|0x3255
DATA|009cf498|2|word||.reloc|0x325f
DATA|009cf49a|2|word||.reloc|0x32c8
DATA|009cf49c|2|word||.reloc|0x32d4
DATA|009cf49e|2|word||.reloc|0x32e1
DATA|009cf4a0|2|word||.reloc|0x32ed
DATA|009cf4a2|2|word||.reloc|0x3308
DATA|009cf4a4|2|word||.reloc|0x3312
DATA|009cf4a6|2|word||.reloc|0x3319
DATA|009cf4a8|2|word||.reloc|0x3324
DATA|009cf4aa|2|word||.reloc|0x332f
DATA|009cf4ac|2|word||.reloc|0x3344
DATA|009cf4ae|2|word||.reloc|0x334f
DATA|009cf4b0|2|word||.reloc|0x3358
DATA|009cf4b2|2|word||.reloc|0x336b
DATA|009cf4b4|2|word||.reloc|0x3371
DATA|009cf4b6|2|word||.reloc|0x3393
DATA|009cf4b8|2|word||.reloc|0x339f
DATA|009cf4ba|2|word||.reloc|0x33a8
DATA|009cf4bc|2|word||.reloc|0x33b6
DATA|009cf4be|2|word||.reloc|0x33c3
DATA|009cf4c0|2|word||.reloc|0x33c9
DATA|009cf4c2|2|word||.reloc|0x33cf
DATA|009cf4c4|2|word||.reloc|0x33d9
DATA|009cf4c6|2|word||.reloc|0x33e5
DATA|009cf4c8|2|word||.reloc|0x33f2
DATA|009cf4ca|2|word||.reloc|0x33f8
DATA|009cf4cc|2|word||.reloc|0x33fe
DATA|009cf4ce|2|word||.reloc|0x3408
DATA|009cf4d0|2|word||.reloc|0x3412
DATA|009cf4d2|2|word||.reloc|0x341c
DATA|009cf4d4|2|word||.reloc|0x3424
DATA|009cf4d6|2|word||.reloc|0x3435
DATA|009cf4d8|2|word||.reloc|0x343a
DATA|009cf4da|2|word||.reloc|0x3466
DATA|009cf4dc|2|word||.reloc|0x346d
DATA|009cf4de|2|word||.reloc|0x3485
DATA|009cf4e0|2|word||.reloc|0x349d
DATA|009cf4e2|2|word||.reloc|0x34a4
DATA|009cf4e4|2|word||.reloc|0x34a9
DATA|009cf4e6|2|word||.reloc|0x34b9
DATA|009cf4e8|2|word||.reloc|0x34c5
DATA|009cf4ea|2|word||.reloc|0x34d6
DATA|009cf4ec|2|word||.reloc|0x34dd
DATA|009cf4ee|2|word||.reloc|0x34e9
DATA|009cf4f0|2|word||.reloc|0x34f5
DATA|009cf4f2|2|word||.reloc|0x3508
DATA|009cf4f4|2|word||.reloc|0x350f
DATA|009cf4f6|2|word||.reloc|0x3519
DATA|009cf4f8|2|word||.reloc|0x3529
DATA|009cf4fa|2|word||.reloc|0x3535
DATA|009cf4fc|2|word||.reloc|0x353d
DATA|009cf4fe|2|word||.reloc|0x3549
DATA|009cf500|2|word||.reloc|0x3557
DATA|009cf502|2|word||.reloc|0x3562
DATA|009cf504|2|word||.reloc|0x3568
DATA|009cf506|2|word||.reloc|0x3577
DATA|009cf508|2|word||.reloc|0x357e
DATA|009cf50a|2|word||.reloc|0x3586
DATA|009cf50c|2|word||.reloc|0x3599
DATA|009cf50e|2|word||.reloc|0x35a4
DATA|009cf510|2|word||.reloc|0x35aa
DATA|009cf512|2|word||.reloc|0x35b9
DATA|009cf514|2|word||.reloc|0x35c0
DATA|009cf516|2|word||.reloc|0x35c8
DATA|009cf518|2|word||.reloc|0x35dc
DATA|009cf51a|2|word||.reloc|0x363e
DATA|009cf51c|2|word||.reloc|0x364a
DATA|009cf51e|2|word||.reloc|0x3657
DATA|009cf520|2|word||.reloc|0x3663
DATA|009cf522|2|word||.reloc|0x3674
DATA|009cf524|2|word||.reloc|0x367a
DATA|009cf526|2|word||.reloc|0x3680
DATA|009cf528|2|word||.reloc|0x368a
DATA|009cf52a|2|word||.reloc|0x36a8
DATA|009cf52c|2|word||.reloc|0x36b4
DATA|009cf52e|2|word||.reloc|0x36bd
DATA|009cf530|2|word||.reloc|0x36c5
DATA|009cf532|2|word||.reloc|0x36d2
DATA|009cf534|2|word||.reloc|0x36d8
DATA|009cf536|2|word||.reloc|0x36de
DATA|009cf538|2|word||.reloc|0x36e8
DATA|009cf53a|2|word||.reloc|0x36f2
DATA|009cf53c|2|word||.reloc|0x370c
DATA|009cf53e|2|word||.reloc|0x371c
DATA|009cf540|2|word||.reloc|0x3720
DATA|009cf542|2|word||.reloc|0x3724
DATA|009cf544|2|word||.reloc|0x3728
DATA|009cf546|2|word||.reloc|0x372c
DATA|009cf548|2|word||.reloc|0x3730
DATA|009cf54a|2|word||.reloc|0x3792
DATA|009cf54c|2|word||.reloc|0x37ae
DATA|009cf54e|2|word||.reloc|0x37b6
DATA|009cf550|2|word||.reloc|0x37bc
DATA|009cf552|2|word||.reloc|0x37c2
DATA|009cf554|2|word||.reloc|0x37ce
DATA|009cf556|2|word||.reloc|0x37d4
DATA|009cf558|2|word||.reloc|0x37ed
DATA|009cf55a|2|word||.reloc|0x37ff
DATA|009cf55c|2|word||.reloc|0x380d
DATA|009cf55e|2|word||.reloc|0x3814
DATA|009cf560|2|word||.reloc|0x381a
DATA|009cf562|2|word||.reloc|0x382f
DATA|009cf564|2|word||.reloc|0x3834
DATA|009cf566|2|word||.reloc|0x383b
DATA|009cf568|2|word||.reloc|0x3840
DATA|009cf56a|2|word||.reloc|0x3846
DATA|009cf56c|2|word||.reloc|0x3856
DATA|009cf56e|2|word||.reloc|0x3867
DATA|009cf570|2|word||.reloc|0x386c
DATA|009cf572|2|word||.reloc|0x3872
DATA|009cf574|2|word||.reloc|0x3886
DATA|009cf576|2|word||.reloc|0x388c
DATA|009cf578|2|word||.reloc|0x3892
DATA|009cf57a|2|word||.reloc|0x3899
DATA|009cf57c|2|word||.reloc|0x389e
DATA|009cf57e|2|word||.reloc|0x38a4
DATA|009cf580|2|word||.reloc|0x38aa
DATA|009cf582|2|word||.reloc|0x38b5
DATA|009cf584|2|word||.reloc|0x38ba
DATA|009cf586|2|word||.reloc|0x38c0
DATA|009cf588|2|word||.reloc|0x38d3
DATA|009cf58a|2|word||.reloc|0x38da
DATA|009cf58c|2|word||.reloc|0x38e9
DATA|009cf58e|2|word||.reloc|0x38f9
DATA|009cf590|2|word||.reloc|0x3905
DATA|009cf592|2|word||.reloc|0x3919
DATA|009cf594|2|word||.reloc|0x391e
DATA|009cf596|2|word||.reloc|0x3942
DATA|009cf598|2|word||.reloc|0x394a
DATA|009cf59a|2|word||.reloc|0x394f
DATA|009cf59c|2|word||.reloc|0x3966
DATA|009cf59e|2|word||.reloc|0x397b
DATA|009cf5a0|2|word||.reloc|0x3998
DATA|009cf5a2|2|word||.reloc|0x399e
DATA|009cf5a4|2|word||.reloc|0x39a3
DATA|009cf5a6|2|word||.reloc|0x39a9
DATA|009cf5a8|2|word||.reloc|0x39c8
DATA|009cf5aa|2|word||.reloc|0x39d0
DATA|009cf5ac|2|word||.reloc|0x39dd
DATA|009cf5ae|2|word||.reloc|0x39ed
DATA|009cf5b0|2|word||.reloc|0x3a06
DATA|009cf5b2|2|word||.reloc|0x3a0c
DATA|009cf5b4|2|word||.reloc|0x3a12
DATA|009cf5b6|2|word||.reloc|0x3a18
DATA|009cf5b8|2|word||.reloc|0x3a37
DATA|009cf5ba|2|word||.reloc|0x3a42
DATA|009cf5bc|2|word||.reloc|0x3a50
DATA|009cf5be|2|word||.reloc|0x3a56
DATA|009cf5c0|2|word||.reloc|0x3a5c
DATA|009cf5c2|2|word||.reloc|0x3a87
DATA|009cf5c4|2|word||.reloc|0x3a8e
DATA|009cf5c6|2|word||.reloc|0x3a99
DATA|009cf5c8|2|word||.reloc|0x3aa7
DATA|009cf5ca|2|word||.reloc|0x3aae
DATA|009cf5cc|2|word||.reloc|0x3ab7
DATA|009cf5ce|2|word||.reloc|0x3abd
DATA|009cf5d0|2|word||.reloc|0x3ac7
DATA|009cf5d2|2|word||.reloc|0x3ace
DATA|009cf5d4|2|word||.reloc|0x3ae6
DATA|009cf5d6|2|word||.reloc|0x3aec
DATA|009cf5d8|2|word||.reloc|0x3afa
DATA|009cf5da|2|word||.reloc|0x3b05
DATA|009cf5dc|2|word||.reloc|0x3b0b
DATA|009cf5de|2|word||.reloc|0x3b10
DATA|009cf5e0|2|word||.reloc|0x3b16
DATA|009cf5e2|2|word||.reloc|0x3b1d
DATA|009cf5e4|2|word||.reloc|0x3b25
DATA|009cf5e6|2|word||.reloc|0x3b2f
DATA|009cf5e8|2|word||.reloc|0x3b34
DATA|009cf5ea|2|word||.reloc|0x3b3b
DATA|009cf5ec|2|word||.reloc|0x3b4d
DATA|009cf5ee|2|word||.reloc|0x3b57
DATA|009cf5f0|2|word||.reloc|0x3b66
DATA|009cf5f2|2|word||.reloc|0x3b6b
DATA|009cf5f4|2|word||.reloc|0x3b7e
DATA|009cf5f6|2|word||.reloc|0x3b85
DATA|009cf5f8|2|word||.reloc|0x3b8c
DATA|009cf5fa|2|word||.reloc|0x3b98
DATA|009cf5fc|2|word||.reloc|0x3ba0
DATA|009cf5fe|2|word||.reloc|0x3bb8
DATA|009cf600|2|word||.reloc|0x3bbc
DATA|009cf602|2|word||.reloc|0x3bc2
DATA|009cf604|2|word||.reloc|0x3bc6
DATA|009cf606|2|word||.reloc|0x3bcc
DATA|009cf608|2|word||.reloc|0x3bd0
DATA|009cf60a|2|word||.reloc|0x3bd6
DATA|009cf60c|2|word||.reloc|0x3bda
DATA|009cf60e|2|word||.reloc|0x3be0
DATA|009cf610|2|word||.reloc|0x3be4
DATA|009cf612|2|word||.reloc|0x3bea
DATA|009cf614|2|word||.reloc|0x3bee
DATA|009cf616|2|word||.reloc|0x3bf4
DATA|009cf618|2|word||.reloc|0x3bf8
DATA|009cf61a|2|word||.reloc|0x3bfe
DATA|009cf61c|2|word||.reloc|0x3c02
DATA|009cf61e|2|word||.reloc|0x3c08
DATA|009cf620|2|word||.reloc|0x3c0c
DATA|009cf622|2|word||.reloc|0x3c12
DATA|009cf624|2|word||.reloc|0x3c16
DATA|009cf626|2|word||.reloc|0x3c1c
DATA|009cf628|2|word||.reloc|0x3c20
DATA|009cf62a|2|word||.reloc|0x3c26
DATA|009cf62c|2|word||.reloc|0x3c2a
DATA|009cf62e|2|word||.reloc|0x3c30
DATA|009cf630|2|word||.reloc|0x3c34
DATA|009cf632|2|word||.reloc|0x3c3a
DATA|009cf634|2|word||.reloc|0x3c3e
DATA|009cf636|2|word||.reloc|0x3c44
DATA|009cf638|2|word||.reloc|0x3c48
DATA|009cf63a|2|word||.reloc|0x3c4e
DATA|009cf63c|2|word||.reloc|0x3c52
DATA|009cf63e|2|word||.reloc|0x3c58
DATA|009cf640|2|word||.reloc|0x3c5c
DATA|009cf642|2|word||.reloc|0x3c62
DATA|009cf644|2|word||.reloc|0x3c66
DATA|009cf646|2|word||.reloc|0x3c6c
DATA|009cf648|2|word||.reloc|0x3c70
DATA|009cf64a|2|word||.reloc|0x3c76
DATA|009cf64c|2|word||.reloc|0x3c7a
DATA|009cf64e|2|word||.reloc|0x3c80
DATA|009cf650|2|word||.reloc|0x3c84
DATA|009cf652|2|word||.reloc|0x3c8a
DATA|009cf654|2|word||.reloc|0x3c8e
DATA|009cf656|2|word||.reloc|0x3c9e
DATA|009cf658|2|word||.reloc|0x3ca4
DATA|009cf65a|2|word||.reloc|0x3caa
DATA|009cf65c|2|word||.reloc|0x3cb0
DATA|009cf65e|2|word||.reloc|0x3cc3
DATA|009cf660|2|word||.reloc|0x3cd5
DATA|009cf662|2|word||.reloc|0x3ce5
DATA|009cf664|2|word||.reloc|0x3cf3
DATA|009cf666|2|word||.reloc|0x3d01
DATA|009cf668|2|word||.reloc|0x3d0a
DATA|009cf66a|2|word||.reloc|0x3d15
DATA|009cf66c|2|word||.reloc|0x3d2d
DATA|009cf66e|2|word||.reloc|0x3d38
DATA|009cf670|2|word||.reloc|0x3d3d
DATA|009cf672|2|word||.reloc|0x3d43
DATA|009cf674|2|word||.reloc|0x3d49
DATA|009cf676|2|word||.reloc|0x3d55
DATA|009cf678|2|word||.reloc|0x3d5b
DATA|009cf67a|2|word||.reloc|0x3d72
DATA|009cf67c|2|word||.reloc|0x3d77
DATA|009cf67e|2|word||.reloc|0x3d91
DATA|009cf680|2|word||.reloc|0x3d98
DATA|009cf682|2|word||.reloc|0x3d9e
DATA|009cf684|2|word||.reloc|0x3da3
DATA|009cf686|2|word||.reloc|0x3db5
DATA|009cf688|2|word||.reloc|0x3dc0
DATA|009cf68a|2|word||.reloc|0x3dc6
DATA|009cf68c|2|word||.reloc|0x3dcb
DATA|009cf68e|2|word||.reloc|0x3dd8
DATA|009cf690|2|word||.reloc|0x3de8
DATA|009cf692|2|word||.reloc|0x3df8
DATA|009cf694|2|word||.reloc|0x3e01
DATA|009cf696|2|word||.reloc|0x3e0e
DATA|009cf698|2|word||.reloc|0x3e14
DATA|009cf69a|2|word||.reloc|0x3e1b
DATA|009cf69c|2|word||.reloc|0x3e20
DATA|009cf69e|2|word||.reloc|0x3e26
DATA|009cf6a0|2|word||.reloc|0x3e36
DATA|009cf6a2|2|word||.reloc|0x3e47
DATA|009cf6a4|2|word||.reloc|0x3e4c
DATA|009cf6a6|2|word||.reloc|0x3e52
DATA|009cf6a8|2|word||.reloc|0x3e62
DATA|009cf6aa|2|word||.reloc|0x3e69
DATA|009cf6ac|2|word||.reloc|0x3e6f
DATA|009cf6ae|2|word||.reloc|0x3e74
DATA|009cf6b0|2|word||.reloc|0x3e7f
DATA|009cf6b2|2|word||.reloc|0x3e85
DATA|009cf6b4|2|word||.reloc|0x3e97
DATA|009cf6b6|2|word||.reloc|0x3e9d
DATA|009cf6b8|2|word||.reloc|0x3ea1
DATA|009cf6ba|2|word||.reloc|0x3eaa
DATA|009cf6bc|2|word||.reloc|0x3eae
DATA|009cf6be|2|word||.reloc|0x3eb4
DATA|009cf6c0|2|word||.reloc|0x3eb8
DATA|009cf6c2|2|word||.reloc|0x3ebe
DATA|009cf6c4|2|word||.reloc|0x3ec2
DATA|009cf6c6|2|word||.reloc|0x3ec8
DATA|009cf6c8|2|word||.reloc|0x3ecc
DATA|009cf6ca|2|word||.reloc|0x3ed2
DATA|009cf6cc|2|word||.reloc|0x3ed6
DATA|009cf6ce|2|word||.reloc|0x3edc
DATA|009cf6d0|2|word||.reloc|0x3ee0
DATA|009cf6d2|2|word||.reloc|0x3ee6
DATA|009cf6d4|2|word||.reloc|0x3eea
DATA|009cf6d6|2|word||.reloc|0x3ef0
DATA|009cf6d8|2|word||.reloc|0x3ef4
DATA|009cf6da|2|word||.reloc|0x3efa
DATA|009cf6dc|2|word||.reloc|0x3efe
DATA|009cf6de|2|word||.reloc|0x3f04
DATA|009cf6e0|2|word||.reloc|0x3f08
DATA|009cf6e2|2|word||.reloc|0x3f0e
DATA|009cf6e4|2|word||.reloc|0x3f12
DATA|009cf6e6|2|word||.reloc|0x3f18
DATA|009cf6e8|2|word||.reloc|0x3f1c
DATA|009cf6ea|2|word||.reloc|0x3f24
DATA|009cf6ec|2|word||.reloc|0x3f28
DATA|009cf6ee|2|word||.reloc|0x3f2e
DATA|009cf6f0|2|word||.reloc|0x3f32
DATA|009cf6f2|2|word||.reloc|0x3f38
DATA|009cf6f4|2|word||.reloc|0x3f3c
DATA|009cf6f6|2|word||.reloc|0x3f42
DATA|009cf6f8|2|word||.reloc|0x3f46
DATA|009cf6fa|2|word||.reloc|0x3f4c
DATA|009cf6fc|2|word||.reloc|0x3f50
DATA|009cf6fe|2|word||.reloc|0x3f56
DATA|009cf700|2|word||.reloc|0x3f5a
DATA|009cf702|2|word||.reloc|0x3f60
DATA|009cf704|2|word||.reloc|0x3f64
DATA|009cf706|2|word||.reloc|0x3f6a
DATA|009cf708|2|word||.reloc|0x3f6e
DATA|009cf70a|2|word||.reloc|0x3f74
DATA|009cf70c|2|word||.reloc|0x3f78
DATA|009cf70e|2|word||.reloc|0x3f83
DATA|009cf710|2|word||.reloc|0x3f89
DATA|009cf712|2|word||.reloc|0x3f98
DATA|009cf714|2|word||.reloc|0x3fb7
DATA|009cf716|2|word||.reloc|0x3fbc
DATA|009cf718|2|word||.reloc|0x3fc6
DATA|009cf71a|2|word||.reloc|0x3fdf
DATA|009cf71c|2|word||.reloc|0x3fe5
DATA|009cf71e|2|word||.reloc|0x3feb
DATA|009cf720|2|word||.reloc|0x3ff7
DATA|009cf722|2|word||.reloc|0x0
DATA|009cf724|8|IMAGE_BASE_RELOCATION||.reloc|
DATA|009cf72c|2|word||.reloc|0x300e
DATA|009cf72e|2|word||.reloc|0x3014
DATA|009cf730|2|word||.reloc|0x3026
DATA|009cf732|2|word||.reloc|0x3030
DATA|009cf734|2|word||.reloc|0x3036
DATA|009cf736|2|word||.reloc|0x303c
DATA|009cf738|2|word||.reloc|0x3042
DATA|009cf73a|2|word||.reloc|0x3062
DATA|009cf73c|2|word||.reloc|0x306c
DATA|009cf73e|2|word||.reloc|0x3074
DATA|009cf740|2|word||.reloc|0x3084
DATA|009cf742|2|word||.reloc|0x3098
DATA|009cf744|2|word||.reloc|0x30a0
DATA|009cf746|2|word||.reloc|0x30ba
DATA|009cf748|2|word||.reloc|0x30c8
DATA|009cf74a|2|word||.reloc|0x30ce
DATA|009cf74c|2|word||.reloc|0x30ee
DATA|009cf74e|2|word||.reloc|0x30fd
DATA|009cf750|2|word||.reloc|0x310d
DATA|009cf752|2|word||.reloc|0x311d
DATA|009cf754|2|word||.reloc|0x315a
DATA|009cf756|2|word||.reloc|0x315f
DATA|009cf758|2|word||.reloc|0x3169
DATA|009cf75a|2|word||.reloc|0x317a
DATA|009cf75c|2|word||.reloc|0x317f
DATA|009cf75e|2|word||.reloc|0x3187
DATA|009cf760|2|word||.reloc|0x3197
DATA|009cf762|2|word||.reloc|0x319d
DATA|009cf764|2|word||.reloc|0x31a3
DATA|009cf766|2|word||.reloc|0x31a9
DATA|009cf768|2|word||.reloc|0x31af
DATA|009cf76a|2|word||.reloc|0x31ba
DATA|009cf76c|2|word||.reloc|0x31cd
DATA|009cf76e|2|word||.reloc|0x31d6
DATA|009cf770|2|word||.reloc|0x31e3
DATA|009cf772|2|word||.reloc|0x31eb
DATA|009cf774|2|word||.reloc|0x31f4
DATA|009cf776|2|word||.reloc|0x31fd
DATA|009cf778|2|word||.reloc|0x320a
DATA|009cf77a|2|word||.reloc|0x3212
DATA|009cf77c|2|word||.reloc|0x3218
DATA|009cf77e|2|word||.reloc|0x3221
DATA|009cf780|2|word||.reloc|0x322e
DATA|009cf782|2|word||.reloc|0x3236
DATA|009cf784|2|word||.reloc|0x323c
DATA|009cf786|2|word||.reloc|0x3245
DATA|009cf788|2|word||.reloc|0x3258
DATA|009cf78a|2|word||.reloc|0x3275
DATA|009cf78c|2|word||.reloc|0x329b
DATA|009cf78e|2|word||.reloc|0x32d2
DATA|009cf790|2|word||.reloc|0x32e1
DATA|009cf792|2|word||.reloc|0x32f1
DATA|009cf794|2|word||.reloc|0x3301
DATA|009cf796|2|word||.reloc|0x3362
DATA|009cf798|2|word||.reloc|0x3382
DATA|009cf79a|2|word||.reloc|0x338b
DATA|009cf79c|2|word||.reloc|0x3398
DATA|009cf79e|2|word||.reloc|0x33a1
DATA|009cf7a0|2|word||.reloc|0x33ab
DATA|009cf7a2|2|word||.reloc|0x33b6
DATA|009cf7a4|2|word||.reloc|0x33c1
DATA|009cf7a6|2|word||.reloc|0x33c9
DATA|009cf7a8|2|word||.reloc|0x33d9
DATA|009cf7aa|2|word||.reloc|0x33e4
DATA|009cf7ac|2|word||.reloc|0x33ec
DATA|009cf7ae|2|word||.reloc|0x33fc
DATA|009cf7b0|2|word||.reloc|0x3408
DATA|009cf7b2|2|word||.reloc|0x3411
DATA|009cf7b4|2|word||.reloc|0x3417
DATA|009cf7b6|2|word||.reloc|0x3420
DATA|009cf7b8|2|word||.reloc|0x3433
DATA|009cf7ba|2|word||.reloc|0x3450
DATA|009cf7bc|2|word||.reloc|0x3476
DATA|009cf7be|2|word||.reloc|0x34a8
DATA|009cf7c0|2|word||.reloc|0x34b7
DATA|009cf7c2|2|word||.reloc|0x34c7
DATA|009cf7c4|2|word||.reloc|0x34d7
DATA|009cf7c6|2|word||.reloc|0x353d
DATA|009cf7c8|2|word||.reloc|0x355c
DATA|009cf7ca|2|word||.reloc|0x3564
DATA|009cf7cc|2|word||.reloc|0x356d
DATA|009cf7ce|2|word||.reloc|0x3579
DATA|009cf7d0|2|word||.reloc|0x3588
DATA|009cf7d2|2|word||.reloc|0x358e
DATA|009cf7d4|2|word||.reloc|0x3599
DATA|009cf7d6|2|word||.reloc|0x35a1
DATA|009cf7d8|2|word||.reloc|0x35ac
DATA|009cf7da|2|word||.reloc|0x35c0
DATA|009cf7dc|2|word||.reloc|0x35f9
DATA|009cf7de|2|word||.reloc|0x3605
DATA|009cf7e0|2|word||.reloc|0x3611
DATA|009cf7e2|2|word||.reloc|0x361b
DATA|009cf7e4|2|word||.reloc|0x3639
DATA|009cf7e6|2|word||.reloc|0x364b
DATA|009cf7e8|2|word||.reloc|0x3651
DATA|009cf7ea|2|word||.reloc|0x367b
DATA|009cf7ec|2|word||.reloc|0x368c
DATA|009cf7ee|2|word||.reloc|0x369d
DATA|009cf7f0|2|word||.reloc|0x36ae
DATA|009cf7f2|2|word||.reloc|0x36e7
DATA|009cf7f4|2|word||.reloc|0x3723
DATA|009cf7f6|2|word||.reloc|0x3744
DATA|009cf7f8|2|word||.reloc|0x3753
DATA|009cf7fa|2|word||.reloc|0x3766
DATA|009cf7fc|2|word||.reloc|0x37da
DATA|009cf7fe|2|word||.reloc|0x37e0
DATA|009cf800|2|word||.reloc|0x37f4
DATA|009cf802|2|word||.reloc|0x380f
DATA|009cf804|2|word||.reloc|0x3832
DATA|009cf806|2|word||.reloc|0x3864
DATA|009cf808|2|word||.reloc|0x3873
DATA|009cf80a|2|word||.reloc|0x3883
DATA|009cf80c|2|word||.reloc|0x3893
DATA|009cf80e|2|word||.reloc|0x38f7
DATA|009cf810|2|word||.reloc|0x392d
DATA|009cf812|2|word||.reloc|0x394d
DATA|009cf814|2|word||.reloc|0x3967
DATA|009cf816|2|word||.reloc|0x39db
DATA|009cf818|2|word||.reloc|0x39e1
DATA|009cf81a|2|word||.reloc|0x39f5
DATA|009cf81c|2|word||.reloc|0x3a13
DATA|009cf81e|2|word||.reloc|0x3a22
DATA|009cf820|2|word||.reloc|0x3a32
DATA|009cf822|2|word||.reloc|0x3a42
DATA|009cf824|2|word||.reloc|0x3a98
DATA|009cf826|2|word||.reloc|0x3aa3
DATA|009cf828|2|word||.reloc|0x3aa9
DATA|009cf82a|2|word||.reloc|0x3aae
DATA|009cf82c|2|word||.reloc|0x3abc
DATA|009cf82e|2|word||.reloc|0x3ac7
DATA|009cf830|2|word||.reloc|0x3ae5
DATA|009cf832|2|word||.reloc|0x3b59
DATA|009cf834|2|word||.reloc|0x3b5f
DATA|009cf836|2|word||.reloc|0x3b73
DATA|009cf838|2|word||.reloc|0x3b91
DATA|009cf83a|2|word||.reloc|0x3ba0
DATA|009cf83c|2|word||.reloc|0x3bb0
DATA|009cf83e|2|word||.reloc|0x3bc0
DATA|009cf840|2|word||.reloc|0x3c09
DATA|009cf842|2|word||.reloc|0x3c14
DATA|009cf844|2|word||.reloc|0x3c1a
DATA|009cf846|2|word||.reloc|0x3c23
DATA|009cf848|2|word||.reloc|0x3c2e
DATA|009cf84a|2|word||.reloc|0x3c38
DATA|009cf84c|2|word||.reloc|0x3c54
DATA|009cf84e|2|word||.reloc|0x3cc8
DATA|009cf850|2|word||.reloc|0x3cce
DATA|009cf852|2|word||.reloc|0x3ce2
DATA|009cf854|2|word||.reloc|0x3cfd
DATA|009cf856|2|word||.reloc|0x3d20
DATA|009cf858|2|word||.reloc|0x3d52
DATA|009cf85a|2|word||.reloc|0x3d61
DATA|009cf85c|2|word||.reloc|0x3d71
DATA|009cf85e|2|word||.reloc|0x3d81
DATA|009cf860|2|word||.reloc|0x3dc7
DATA|009cf862|2|word||.reloc|0x3e04
DATA|009cf864|2|word||.reloc|0x3e5a
DATA|009cf866|2|word||.reloc|0x3e9a
DATA|009cf868|2|word||.reloc|0x3eb4
DATA|009cf86a|2|word||.reloc|0x3ecc
DATA|009cf86c|2|word||.reloc|0x3ed2
DATA|009cf86e|2|word||.reloc|0x3ed8
DATA|009cf870|2|word||.reloc|0x3edd
DATA|009cf872|2|word||.reloc|0x3ee3
DATA|009cf874|2|word||.reloc|0x3eea
DATA|009cf876|2|word||.reloc|0x3ef2
DATA|009cf878|2|word||.reloc|0x3ef8
DATA|009cf87a|2|word||.reloc|0x3efd
DATA|009cf87c|2|word||.reloc|0x3f04
DATA|009cf87e|2|word||.reloc|0x3f0a
DATA|009cf880|2|word||.reloc|0x3f11
DATA|009cf882|2|word||.reloc|0x3f17
DATA|009cf884|2|word||.reloc|0x3f32
DATA|009cf886|2|word||.reloc|0x3f39
DATA|009cf888|2|word||.reloc|0x3f40
DATA|009cf88a|2|word||.reloc|0x3f47
DATA|009cf88c|2|word||.reloc|0x3f5a
DATA|009cf88e|2|word||.reloc|0x3f92
DATA|009cf890|2|word||.reloc|0x3f9a
DATA|009cf892|2|word||.reloc|0x3fa2
DATA|009cf894|2|word||.reloc|0x3faa
DATA|009cf896|2|word||.reloc|0x3fb2
DATA|009cf898|2|word||.reloc|0x3fba
DATA|009cf89a|2|word||.reloc|0x3fc2
DATA|009cf89c|2|word||.reloc|0x3fca
DATA|009cf89e|2|word||.reloc|0x3fd2
DATA|009cf8a0|2|word||.reloc|0x3fd9
DATA|009cf8a2|2|word||.reloc|0x3feb
DATA|009cf8a4|2|word||.reloc|0x3ff3
DATA|009cf8a6|2|word||.reloc|0x3ffb
DATA|009cf8a8|8|IMAGE_BASE_RELOCATION||.reloc|
DATA|009cf8b0|2|word||.reloc|0x3003
DATA|009cf8b2|2|word||.reloc|0x3009
DATA|009cf8b4|2|word||.reloc|0x3017
DATA|009cf8b6|2|word||.reloc|0x301f
DATA|009cf8b8|2|word||.reloc|0x302e
DATA|009cf8ba|2|word||.reloc|0x3034
DATA|009cf8bc|2|word||.reloc|0x303a
DATA|009cf8be|2|word||.reloc|0x3044
DATA|009cf8c0|2|word||.reloc|0x304b
DATA|009cf8c2|2|word||.reloc|0x3057
DATA|009cf8c4|2|word||.reloc|0x305c
DATA|009cf8c6|2|word||.reloc|0x306a
DATA|009cf8c8|2|word||.reloc|0x3072
DATA|009cf8ca|2|word||.reloc|0x307c
DATA|009cf8cc|2|word||.reloc|0x3085
DATA|009cf8ce|2|word||.reloc|0x308b
DATA|009cf8d0|2|word||.reloc|0x3090
DATA|009cf8d2|2|word||.reloc|0x309d
DATA|009cf8d4|2|word||.reloc|0x30a6
DATA|009cf8d6|2|word||.reloc|0x30b4
DATA|009cf8d8|2|word||.reloc|0x30bc
DATA|009cf8da|2|word||.reloc|0x30c6
DATA|009cf8dc|2|word||.reloc|0x30d0
DATA|009cf8de|2|word||.reloc|0x30d5
DATA|009cf8e0|2|word||.reloc|0x30fc
DATA|009cf8e2|2|word||.reloc|0x3101
DATA|009cf8e4|2|word||.reloc|0x3107
DATA|009cf8e6|2|word||.reloc|0x313b
DATA|009cf8e8|2|word||.reloc|0x3142
DATA|009cf8ea|2|word||.reloc|0x314f
DATA|009cf8ec|2|word||.reloc|0x3153
DATA|009cf8ee|2|word||.reloc|0x315a
DATA|009cf8f0|2|word||.reloc|0x315f
DATA|009cf8f2|2|word||.reloc|0x3164
DATA|009cf8f4|2|word||.reloc|0x317b
DATA|009cf8f6|2|word||.reloc|0x31aa
DATA|009cf8f8|2|word||.reloc|0x31b2
DATA|009cf8fa|2|word||.reloc|0x31b8
DATA|009cf8fc|2|word||.reloc|0x31be
DATA|009cf8fe|2|word||.reloc|0x31c4
DATA|009cf900|2|word||.reloc|0x31d1
DATA|009cf902|2|word||.reloc|0x31e0
DATA|009cf904|2|word||.reloc|0x31e5
DATA|009cf906|2|word||.reloc|0x31ea
DATA|009cf908|2|word||.reloc|0x31ef
DATA|009cf90a|2|word||.reloc|0x3206
DATA|009cf90c|2|word||.reloc|0x320f
DATA|009cf90e|2|word||.reloc|0x3215
DATA|009cf910|2|word||.reloc|0x3219
DATA|009cf912|2|word||.reloc|0x321e
DATA|009cf914|2|word||.reloc|0x3231
DATA|009cf916|2|word||.reloc|0x3260
DATA|009cf918|2|word||.reloc|0x3268
DATA|009cf91a|2|word||.reloc|0x326e
DATA|009cf91c|2|word||.reloc|0x3274
DATA|009cf91e|2|word||.reloc|0x327a
DATA|009cf920|2|word||.reloc|0x3287
DATA|009cf922|2|word||.reloc|0x3295
DATA|009cf924|2|word||.reloc|0x329a
DATA|009cf926|2|word||.reloc|0x329f
DATA|009cf928|2|word||.reloc|0x32a4
DATA|009cf92a|2|word||.reloc|0x32b9
DATA|009cf92c|2|word||.reloc|0x32e4
DATA|009cf92e|2|word||.reloc|0x32ed
DATA|009cf930|2|word||.reloc|0x32f3
DATA|009cf932|2|word||.reloc|0x32f7
DATA|009cf934|2|word||.reloc|0x32fc
DATA|009cf936|2|word||.reloc|0x330f
DATA|009cf938|2|word||.reloc|0x333e
DATA|009cf93a|2|word||.reloc|0x3346
DATA|009cf93c|2|word||.reloc|0x334c
DATA|009cf93e|2|word||.reloc|0x3352
DATA|009cf940|2|word||.reloc|0x3358
DATA|009cf942|2|word||.reloc|0x3365
DATA|009cf944|2|word||.reloc|0x3382
DATA|009cf946|2|word||.reloc|0x3387
DATA|009cf948|2|word||.reloc|0x338d
DATA|009cf94a|2|word||.reloc|0x3394
DATA|009cf94c|2|word||.reloc|0x33c3
DATA|009cf94e|2|word||.reloc|0x33cc
DATA|009cf950|2|word||.reloc|0x33d2
DATA|009cf952|2|word||.reloc|0x33d6
DATA|009cf954|2|word||.reloc|0x33db
DATA|009cf956|2|word||.reloc|0x33ee
DATA|009cf958|2|word||.reloc|0x341d
DATA|009cf95a|2|word||.reloc|0x3425
DATA|009cf95c|2|word||.reloc|0x342b
DATA|009cf95e|2|word||.reloc|0x3431
DATA|009cf960|2|word||.reloc|0x3437
DATA|009cf962|2|word||.reloc|0x3444
DATA|009cf964|2|word||.reloc|0x3461
DATA|009cf966|2|word||.reloc|0x3466
DATA|009cf968|2|word||.reloc|0x346b
DATA|009cf96a|2|word||.reloc|0x3470
DATA|009cf96c|2|word||.reloc|0x3477
DATA|009cf96e|2|word||.reloc|0x34a1
DATA|009cf970|2|word||.reloc|0x34aa
DATA|009cf972|2|word||.reloc|0x34b0
DATA|009cf974|2|word||.reloc|0x34b4
DATA|009cf976|2|word||.reloc|0x34b9
DATA|009cf978|2|word||.reloc|0x34cc
DATA|009cf97a|2|word||.reloc|0x34fb
DATA|009cf97c|2|word||.reloc|0x3503
DATA|009cf97e|2|word||.reloc|0x3509
DATA|009cf980|2|word||.reloc|0x350f
DATA|009cf982|2|word||.reloc|0x3515
DATA|009cf984|2|word||.reloc|0x3522
DATA|009cf986|2|word||.reloc|0x3531
DATA|009cf988|2|word||.reloc|0x3536
DATA|009cf98a|2|word||.reloc|0x353b
DATA|009cf98c|2|word||.reloc|0x3540
DATA|009cf98e|2|word||.reloc|0x3557
DATA|009cf990|2|word||.reloc|0x3560
DATA|009cf992|2|word||.reloc|0x3566
DATA|009cf994|2|word||.reloc|0x356a
DATA|009cf996|2|word||.reloc|0x356f
DATA|009cf998|2|word||.reloc|0x3582
DATA|009cf99a|2|word||.reloc|0x35b1
DATA|009cf99c|2|word||.reloc|0x35b9
DATA|009cf99e|2|word||.reloc|0x35bf
DATA|009cf9a0|2|word||.reloc|0x35c5
DATA|009cf9a2|2|word||.reloc|0x35cb
DATA|009cf9a4|2|word||.reloc|0x35d8
DATA|009cf9a6|2|word||.reloc|0x35e6
DATA|009cf9a8|2|word||.reloc|0x35eb
DATA|009cf9aa|2|word||.reloc|0x35f0
DATA|009cf9ac|2|word||.reloc|0x35f5
DATA|009cf9ae|2|word||.reloc|0x360a
DATA|009cf9b0|2|word||.reloc|0x3636
DATA|009cf9b2|2|word||.reloc|0x363a
DATA|009cf9b4|2|word||.reloc|0x3641
DATA|009cf9b6|2|word||.reloc|0x364c
DATA|009cf9b8|2|word||.reloc|0x3651
DATA|009cf9ba|2|word||.reloc|0x3664
DATA|009cf9bc|2|word||.reloc|0x3693
DATA|009cf9be|2|word||.reloc|0x369b
DATA|009cf9c0|2|word||.reloc|0x36a1
DATA|009cf9c2|2|word||.reloc|0x36a7
DATA|009cf9c4|2|word||.reloc|0x36ad
DATA|009cf9c6|2|word||.reloc|0x36ba
DATA|009cf9c8|2|word||.reloc|0x36d7
DATA|009cf9ca|2|word||.reloc|0x36dc
DATA|009cf9cc|2|word||.reloc|0x36e2
DATA|009cf9ce|2|word||.reloc|0x36e9
DATA|009cf9d0|2|word||.reloc|0x370f
DATA|009cf9d2|2|word||.reloc|0x371c
DATA|009cf9d4|2|word||.reloc|0x3722
DATA|009cf9d6|2|word||.reloc|0x3726
DATA|009cf9d8|2|word||.reloc|0x372b
DATA|009cf9da|2|word||.reloc|0x373e
DATA|009cf9dc|2|word||.reloc|0x376d
DATA|009cf9de|2|word||.reloc|0x3775
DATA|009cf9e0|2|word||.reloc|0x377b
DATA|009cf9e2|2|word||.reloc|0x3781
DATA|009cf9e4|2|word||.reloc|0x3787
DATA|009cf9e6|2|word||.reloc|0x3794
DATA|009cf9e8|2|word||.reloc|0x37b1
DATA|009cf9ea|2|word||.reloc|0x37b6
DATA|009cf9ec|2|word||.reloc|0x37bb
DATA|009cf9ee|2|word||.reloc|0x37c0
DATA|009cf9f0|2|word||.reloc|0x37c7
DATA|009cf9f2|2|word||.reloc|0x3817
DATA|009cf9f4|2|word||.reloc|0x381f
DATA|009cf9f6|2|word||.reloc|0x3829
DATA|009cf9f8|2|word||.reloc|0x3877
DATA|009cf9fa|2|word||.reloc|0x38bc
DATA|009cf9fc|2|word||.reloc|0x3911
DATA|009cf9fe|2|word||.reloc|0x3965
DATA|009cfa00|2|word||.reloc|0x39ae
DATA|009cfa02|2|word||.reloc|0x3a09
DATA|009cfa04|2|word||.reloc|0x3a78
DATA|009cfa06|2|word||.reloc|0x3a9a
DATA|009cfa08|2|word||.reloc|0x3aa6
DATA|009cfa0a|2|word||.reloc|0x3adc
DATA|009cfa0c|2|word||.reloc|0x3aed
DATA|009cfa0e|2|word||.reloc|0x3afe
DATA|009cfa10|2|word||.reloc|0x3b0f
DATA|009cfa12|2|word||.reloc|0x3b64
DATA|009cfa14|2|word||.reloc|0x3bc0
DATA|009cfa16|2|word||.reloc|0x3c17
DATA|009cfa18|2|word||.reloc|0x3ea7
DATA|009cfa1a|2|word||.reloc|0x3ebb
DATA|009cfa1c|2|word||.reloc|0x3ecc
DATA|009cfa1e|2|word||.reloc|0x3ed9
DATA|009cfa20|2|word||.reloc|0x3eed
DATA|009cfa22|2|word||.reloc|0x3f00
DATA|009cfa24|2|word||.reloc|0x3f27
DATA|009cfa26|2|word||.reloc|0x3f2f
DATA|009cfa28|2|word||.reloc|0x3f39
DATA|009cfa2a|2|word||.reloc|0x3f41
DATA|009cfa2c|2|word||.reloc|0x3f4b
DATA|009cfa2e|2|word||.reloc|0x3f53
DATA|009cfa30|2|word||.reloc|0x3f59
DATA|009cfa32|2|word||.reloc|0x3f61
DATA|009cfa34|2|word||.reloc|0x3f7e
DATA|009cfa36|2|word||.reloc|0x3f8a
DATA|009cfa38|2|word||.reloc|0x3f91
DATA|009cfa3a|2|word||.reloc|0x3fa2
DATA|009cfa3c|2|word||.reloc|0x3fba
DATA|009cfa3e|2|word||.reloc|0x3fcf
DATA|009cfa40|2|word||.reloc|0x3fd6
DATA|009cfa42|2|word||.reloc|0x3fe0
DATA|009cfa44|2|word||.reloc|0x3fea
DATA|009cfa46|2|word||.reloc|0x3ff7
DATA|009cfa48|8|IMAGE_BASE_RELOCATION||.reloc|
DATA|009cfa50|2|word||.reloc|0x3005
DATA|009cfa52|2|word||.reloc|0x303b
DATA|009cfa54|2|word||.reloc|0x3043
DATA|009cfa56|2|word||.reloc|0x3050
DATA|009cfa58|2|word||.reloc|0x3056
DATA|009cfa5a|2|word||.reloc|0x307b
DATA|009cfa5c|2|word||.reloc|0x30a1
DATA|009cfa5e|2|word||.reloc|0x30f0
DATA|009cfa60|2|word||.reloc|0x3135
DATA|009cfa62|2|word||.reloc|0x317a
DATA|009cfa64|2|word||.reloc|0x31bb
DATA|009cfa66|2|word||.reloc|0x322c
DATA|009cfa68|2|word||.reloc|0x3284
DATA|009cfa6a|2|word||.reloc|0x3288
DATA|009cfa6c|2|word||.reloc|0x328c
DATA|009cfa6e|2|word||.reloc|0x3290
DATA|009cfa70|2|word||.reloc|0x3294
DATA|009cfa72|2|word||.reloc|0x3298
DATA|009cfa74|2|word||.reloc|0x329c
DATA|009cfa76|2|word||.reloc|0x32a0
DATA|009cfa78|2|word||.reloc|0x32a4
DATA|009cfa7a|2|word||.reloc|0x32a8
DATA|009cfa7c|2|word||.reloc|0x32ac
DATA|009cfa7e|2|word||.reloc|0x32b0
DATA|009cfa80|2|word||.reloc|0x32b4
DATA|009cfa82|2|word||.reloc|0x32b8
DATA|009cfa84|2|word||.reloc|0x32bc
DATA|009cfa86|2|word||.reloc|0x32c0
DATA|009cfa88|2|word||.reloc|0x3331
DATA|009cfa8a|2|word||.reloc|0x3339
DATA|009cfa8c|2|word||.reloc|0x333e
DATA|009cfa8e|2|word||.reloc|0x3355
DATA|009cfa90|2|word||.reloc|0x335b
DATA|009cfa92|2|word||.reloc|0x3361
DATA|009cfa94|2|word||.reloc|0x3368
DATA|009cfa96|2|word||.reloc|0x3370
DATA|009cfa98|2|word||.reloc|0x3377
DATA|009cfa9a|2|word||.reloc|0x337d
DATA|009cfa9c|2|word||.reloc|0x3384
DATA|009cfa9e|2|word||.reloc|0x338a
DATA|009cfaa0|2|word||.reloc|0x33a1
DATA|009cfaa2|2|word||.reloc|0x33ac
DATA|009cfaa4|2|word||.reloc|0x33c1
DATA|009cfaa6|2|word||.reloc|0x33cd
DATA|009cfaa8|2|word||.reloc|0x33dd
DATA|009cfaaa|2|word||.reloc|0x3409
DATA|009cfaac|2|word||.reloc|0x3411
DATA|009cfaae|2|word||.reloc|0x3419
DATA|009cfab0|2|word||.reloc|0x3421
DATA|009cfab2|2|word||.reloc|0x3429
DATA|009cfab4|2|word||.reloc|0x3431
DATA|009cfab6|2|word||.reloc|0x3439
DATA|009cfab8|2|word||.reloc|0x3441
DATA|009cfaba|2|word||.reloc|0x3449
DATA|009cfabc|2|word||.reloc|0x3450
DATA|009cfabe|2|word||.reloc|0x3462
DATA|009cfac0|2|word||.reloc|0x346a
DATA|009cfac2|2|word||.reloc|0x3472
DATA|009cfac4|2|word||.reloc|0x347a
DATA|009cfac6|2|word||.reloc|0x3480
DATA|009cfac8|2|word||.reloc|0x3488
DATA|009cfaca|2|word||.reloc|0x3494
DATA|009cfacc|2|word||.reloc|0x349a
DATA|009cface|2|word||.reloc|0x34a0
DATA|009cfad0|2|word||.reloc|0x34b6
DATA|009cfad2|2|word||.reloc|0x34c1
DATA|009cfad4|2|word||.reloc|0x34c7
DATA|009cfad6|2|word||.reloc|0x34d9
DATA|009cfad8|2|word||.reloc|0x34e3
DATA|009cfada|2|word||.reloc|0x34e9
DATA|009cfadc|2|word||.reloc|0x34ef
DATA|009cfade|2|word||.reloc|0x34f5
DATA|009cfae0|2|word||.reloc|0x351e
DATA|009cfae2|2|word||.reloc|0x3528
DATA|009cfae4|2|word||.reloc|0x3530
DATA|009cfae6|2|word||.reloc|0x3543
DATA|009cfae8|2|word||.reloc|0x3553
DATA|009cfaea|2|word||.reloc|0x355b
DATA|009cfaec|2|word||.reloc|0x357a
DATA|009cfaee|2|word||.reloc|0x3588
DATA|009cfaf0|2|word||.reloc|0x358e
DATA|009cfaf2|2|word||.reloc|0x35a8
DATA|009cfaf4|2|word||.reloc|0x35ad
DATA|009cfaf6|2|word||.reloc|0x35ba
DATA|009cfaf8|2|word||.reloc|0x35c2
DATA|009cfafa|2|word||.reloc|0x35cb
DATA|009cfafc|2|word||.reloc|0x35d8
DATA|009cfafe|2|word||.reloc|0x35de
DATA|009cfb00|2|word||.reloc|0x35e9
DATA|009cfb02|2|word||.reloc|0x35ef
DATA|009cfb04|2|word||.reloc|0x35fd
DATA|009cfb06|2|word||.reloc|0x3602
DATA|009cfb08|2|word||.reloc|0x360d
DATA|009cfb0a|2|word||.reloc|0x3613
DATA|009cfb0c|2|word||.reloc|0x362d
DATA|009cfb0e|2|word||.reloc|0x3635
DATA|009cfb10|2|word||.reloc|0x363b
DATA|009cfb12|2|word||.reloc|0x3644
DATA|009cfb14|2|word||.reloc|0x364c
DATA|009cfb16|2|word||.reloc|0x3654
DATA|009cfb18|2|word||.reloc|0x365e
DATA|009cfb1a|2|word||.reloc|0x3667
DATA|009cfb1c|2|word||.reloc|0x3671
DATA|009cfb1e|2|word||.reloc|0x367a
DATA|009cfb20|2|word||.reloc|0x368a
DATA|009cfb22|2|word||.reloc|0x369b
DATA|009cfb24|2|word||.reloc|0x36ac
DATA|009cfb26|2|word||.reloc|0x36c6
DATA|009cfb28|2|word||.reloc|0x36f1
DATA|009cfb2a|2|word||.reloc|0x36fa
DATA|009cfb2c|2|word||.reloc|0x3700
DATA|009cfb2e|2|word||.reloc|0x3706
DATA|009cfb30|2|word||.reloc|0x370c
DATA|009cfb32|2|word||.reloc|0x3729
DATA|009cfb34|2|word||.reloc|0x3730
DATA|009cfb36|2|word||.reloc|0x373e
DATA|009cfb38|2|word||.reloc|0x3744
DATA|009cfb3a|2|word||.reloc|0x3750
DATA|009cfb3c|2|word||.reloc|0x3756
DATA|009cfb3e|2|word||.reloc|0x3763
DATA|009cfb40|2|word||.reloc|0x3769
DATA|009cfb42|2|word||.reloc|0x3770
DATA|009cfb44|2|word||.reloc|0x3776
DATA|009cfb46|2|word||.reloc|0x3783
DATA|009cfb48|2|word||.reloc|0x3789
DATA|009cfb4a|2|word||.reloc|0x378f
DATA|009cfb4c|2|word||.reloc|0x379c
DATA|009cfb4e|2|word||.reloc|0x37a2
DATA|009cfb50|2|word||.reloc|0x37a8
DATA|009cfb52|2|word||.reloc|0x37b5
DATA|009cfb54|2|word||.reloc|0x37bb
DATA|009cfb56|2|word||.reloc|0x37c1
DATA|009cfb58|2|word||.reloc|0x37d0
DATA|009cfb5a|2|word||.reloc|0x37d6
DATA|009cfb5c|2|word||.reloc|0x37e2
DATA|009cfb5e|2|word||.reloc|0x37e8
DATA|009cfb60|2|word||.reloc|0x37f4
DATA|009cfb62|2|word||.reloc|0x37fa
DATA|009cfb64|2|word||.reloc|0x3803
DATA|009cfb66|2|word||.reloc|0x3809
DATA|009cfb68|2|word||.reloc|0x380f
DATA|009cfb6a|2|word||.reloc|0x3815
DATA|009cfb6c|2|word||.reloc|0x381b
DATA|009cfb6e|2|word||.reloc|0x3821
DATA|009cfb70|2|word||.reloc|0x3827
DATA|009cfb72|2|word||.reloc|0x382d
DATA|009cfb74|2|word||.reloc|0x3847
DATA|009cfb76|2|word||.reloc|0x3853
DATA|009cfb78|2|word||.reloc|0x385c
DATA|009cfb7a|2|word||.reloc|0x386c
DATA|009cfb7c|2|word||.reloc|0x387d
DATA|009cfb7e|2|word||.reloc|0x3883
DATA|009cfb80|2|word||.reloc|0x388c
DATA|009cfb82|2|word||.reloc|0x3899
DATA|009cfb84|2|word||.reloc|0x38a1
DATA|009cfb86|2|word||.reloc|0x38aa
DATA|009cfb88|2|word||.reloc|0x38b3
DATA|009cfb8a|2|word||.reloc|0x38c0
DATA|009cfb8c|2|word||.reloc|0x38c8
DATA|009cfb8e|2|word||.reloc|0x38ce
DATA|009cfb90|2|word||.reloc|0x38d8
DATA|009cfb92|2|word||.reloc|0x38eb
DATA|009cfb94|2|word||.reloc|0x3901
DATA|009cfb96|2|word||.reloc|0x3906
DATA|009cfb98|2|word||.reloc|0x390f
DATA|009cfb9a|2|word||.reloc|0x3917
DATA|009cfb9c|2|word||.reloc|0x3928
DATA|009cfb9e|2|word||.reloc|0x3935
DATA|009cfba0|2|word||.reloc|0x393b
DATA|009cfba2|2|word||.reloc|0x3946
DATA|009cfba4|2|word||.reloc|0x394c
DATA|009cfba6|2|word||.reloc|0x395a
DATA|009cfba8|2|word||.reloc|0x395f
DATA|009cfbaa|2|word||.reloc|0x396d
DATA|009cfbac|2|word||.reloc|0x3973
DATA|009cfbae|2|word||.reloc|0x398c
DATA|009cfbb0|2|word||.reloc|0x3995
DATA|009cfbb2|2|word||.reloc|0x399e
DATA|009cfbb4|2|word||.reloc|0x39a7
DATA|009cfbb6|2|word||.reloc|0x39ad
DATA|009cfbb8|2|word||.reloc|0x39b9
DATA|009cfbba|2|word||.reloc|0x39be
DATA|009cfbbc|2|word||.reloc|0x39c7
DATA|009cfbbe|2|word||.reloc|0x39d4
DATA|009cfbc0|2|word||.reloc|0x39df
DATA|009cfbc2|2|word||.reloc|0x39f7
DATA|009cfbc4|2|word||.reloc|0x39ff
DATA|009cfbc6|2|word||.reloc|0x3a0b
DATA|009cfbc8|2|word||.reloc|0x3a22
DATA|009cfbca|2|word||.reloc|0x3a2b
DATA|009cfbcc|2|word||.reloc|0x3a42
DATA|009cfbce|2|word||.reloc|0x3a4c
DATA|009cfbd0|2|word||.reloc|0x3a55
DATA|009cfbd2|2|word||.reloc|0x3a65
DATA|009cfbd4|2|word||.reloc|0x3a76
DATA|009cfbd6|2|word||.reloc|0x3a87
DATA|009cfbd8|2|word||.reloc|0x3aa1
DATA|009cfbda|2|word||.reloc|0x3af0
DATA|009cfbdc|2|word||.reloc|0x3b16
DATA|009cfbde|2|word||.reloc|0x3b34
DATA|009cfbe0|2|word||.reloc|0x3b4c
DATA|009cfbe2|2|word||.reloc|0x3b52
DATA|009cfbe4|2|word||.reloc|0x3b58
DATA|009cfbe6|2|word||.reloc|0x3b5e
DATA|009cfbe8|2|word||.reloc|0x3b64
DATA|009cfbea|2|word||.reloc|0x3b6b
DATA|009cfbec|2|word||.reloc|0x3b73
DATA|009cfbee|2|word||.reloc|0x3b79
DATA|009cfbf0|2|word||.reloc|0x3b83
DATA|009cfbf2|2|word||.reloc|0x3b8a
DATA|009cfbf4|2|word||.reloc|0x3b90
DATA|009cfbf6|2|word||.reloc|0x3b96
DATA|009cfbf8|2|word||.reloc|0x3ba5
DATA|009cfbfa|2|word||.reloc|0x3bac
DATA|009cfbfc|2|word||.reloc|0x3bbf
DATA|009cfbfe|2|word||.reloc|0x3bda
DATA|009cfc00|2|word||.reloc|0x3be1
DATA|009cfc02|2|word||.reloc|0x3be8
DATA|009cfc04|2|word||.reloc|0x3c1d
DATA|009cfc06|2|word||.reloc|0x3c29
DATA|009cfc08|2|word||.reloc|0x3c31
DATA|009cfc0a|2|word||.reloc|0x3c39
DATA|009cfc0c|2|word||.reloc|0x3c41
DATA|009cfc0e|2|word||.reloc|0x3c49
DATA|009cfc10|2|word||.reloc|0x3c51
DATA|009cfc12|2|word||.reloc|0x3c59
DATA|009cfc14|2|word||.reloc|0x3c61
DATA|009cfc16|2|word||.reloc|0x3c6a
DATA|009cfc18|2|word||.reloc|0x3c80
DATA|009cfc1a|2|word||.reloc|0x3c97
DATA|009cfc1c|2|word||.reloc|0x3ca3
DATA|009cfc1e|2|word||.reloc|0x3caf
DATA|009cfc20|2|word||.reloc|0x3cb7
DATA|009cfc22|2|word||.reloc|0x3cbf
DATA|009cfc24|2|word||.reloc|0x3cc7
DATA|009cfc26|2|word||.reloc|0x3ccf
DATA|009cfc28|2|word||.reloc|0x3cd7
DATA|009cfc2a|2|word||.reloc|0x3cdf
DATA|009cfc2c|2|word||.reloc|0x3ce4
DATA|009cfc2e|2|word||.reloc|0x3cec
DATA|009cfc30|2|word||.reloc|0x3cf2
DATA|009cfc32|2|word||.reloc|0x3cfc
DATA|009cfc34|2|word||.reloc|0x3d04
DATA|009cfc36|2|word||.reloc|0x3d09
DATA|009cfc38|2|word||.reloc|0x3d3f
DATA|009cfc3a|2|word||.reloc|0x3d46
DATA|009cfc3c|2|word||.reloc|0x3d53
DATA|009cfc3e|2|word||.reloc|0x3d57
DATA|009cfc40|2|word||.reloc|0x3d5e
DATA|009cfc42|2|word||.reloc|0x3d63
DATA|009cfc44|2|word||.reloc|0x3d68
DATA|009cfc46|2|word||.reloc|0x3d7f
DATA|009cfc48|2|word||.reloc|0x3db7
DATA|009cfc4a|2|word||.reloc|0x3dbf
DATA|009cfc4c|2|word||.reloc|0x3dc5
DATA|009cfc4e|2|word||.reloc|0x3dcb
DATA|009cfc50|2|word||.reloc|0x3dd1
DATA|009cfc52|2|word||.reloc|0x3dde
DATA|009cfc54|2|word||.reloc|0x3df1
DATA|009cfc56|2|word||.reloc|0x3df6
DATA|009cfc58|2|word||.reloc|0x3dfb
DATA|009cfc5a|2|word||.reloc|0x3e03
DATA|009cfc5c|2|word||.reloc|0x3e0a
DATA|009cfc5e|2|word||.reloc|0x3e26
DATA|009cfc60|2|word||.reloc|0x3e2e
DATA|009cfc62|2|word||.reloc|0x3e38
DATA|009cfc64|2|word||.reloc|0x3e3c
DATA|009cfc66|2|word||.reloc|0x3e41
DATA|009cfc68|2|word||.reloc|0x3e5d
DATA|009cfc6a|2|word||.reloc|0x3e8d
DATA|009cfc6c|2|word||.reloc|0x3e95
DATA|009cfc6e|2|word||.reloc|0x3e9b
DATA|009cfc70|2|word||.reloc|0x3ea1
DATA|009cfc72|2|word||.reloc|0x3ea7
DATA|009cfc74|2|word||.reloc|0x3eb4
DATA|009cfc76|2|word||.reloc|0x3ec6
DATA|009cfc78|2|word||.reloc|0x3ecb
DATA|009cfc7a|2|word||.reloc|0x3ed0
DATA|009cfc7c|2|word||.reloc|0x3ed8
DATA|009cfc7e|2|word||.reloc|0x3edf
DATA|009cfc80|2|word||.reloc|0x3efb
DATA|009cfc82|2|word||.reloc|0x3f05
DATA|009cfc84|2|word||.reloc|0x3f0b
DATA|009cfc86|2|word||.reloc|0x3f0f
DATA|009cfc88|2|word||.reloc|0x3f14
DATA|009cfc8a|2|word||.reloc|0x3f32
DATA|009cfc8c|2|word||.reloc|0x3f62
DATA|009cfc8e|2|word||.reloc|0x3f6a
DATA|009cfc90|2|word||.reloc|0x3f70
DATA|009cfc92|2|word||.reloc|0x3f76
DATA|009cfc94|2|word||.reloc|0x3f7c
DATA|009cfc96|2|word||.reloc|0x3f89
DATA|009cfc98|2|word||.reloc|0x3f9c
DATA|009cfc9a|2|word||.reloc|0x3fa1
DATA|009cfc9c|2|word||.reloc|0x3faa
DATA|009cfc9e|2|word||.reloc|0x3fb1
DATA|009cfca0|2|word||.reloc|0x3fd7
DATA|009cfca2|2|word||.reloc|0x3fdb
DATA|009cfca4|2|word||.reloc|0x3fe2
DATA|009cfca6|2|word||.reloc|0x3fe7
DATA|009cfca8|2|word||.reloc|0x3fec
DATA|009cfcaa|2|word||.reloc|0x0
DATA|009cfcac|8|IMAGE_BASE_RELOCATION||.reloc|
DATA|009cfcb4|2|word||.reloc|0x3008
DATA|009cfcb6|2|word||.reloc|0x3038
DATA|009cfcb8|2|word||.reloc|0x3040
DATA|009cfcba|2|word||.reloc|0x3046
DATA|009cfcbc|2|word||.reloc|0x304c
DATA|009cfcbe|2|word||.reloc|0x3052
DATA|009cfcc0|2|word||.reloc|0x305f
DATA|009cfcc2|2|word||.reloc|0x3072
DATA|009cfcc4|2|word||.reloc|0x3077
DATA|009cfcc6|2|word||.reloc|0x307c
DATA|009cfcc8|2|word||.reloc|0x3084
DATA|009cfcca|2|word||.reloc|0x308b
DATA|009cfccc|2|word||.reloc|0x30a6
DATA|009cfcce|2|word||.reloc|0x30ae
DATA|009cfcd0|2|word||.reloc|0x30b8
DATA|009cfcd2|2|word||.reloc|0x30bc
DATA|009cfcd4|2|word||.reloc|0x30c1
DATA|009cfcd6|2|word||.reloc|0x30d8
DATA|009cfcd8|2|word||.reloc|0x3110
DATA|009cfcda|2|word||.reloc|0x3118
DATA|009cfcdc|2|word||.reloc|0x311e
DATA|009cfcde|2|word||.reloc|0x3124
DATA|009cfce0|2|word||.reloc|0x312a
DATA|009cfce2|2|word||.reloc|0x3137
DATA|009cfce4|2|word||.reloc|0x314a
DATA|009cfce6|2|word||.reloc|0x314f
DATA|009cfce8|2|word||.reloc|0x3154
DATA|009cfcea|2|word||.reloc|0x315c
DATA|009cfcec|2|word||.reloc|0x3163
DATA|009cfcee|2|word||.reloc|0x3183
DATA|009cfcf0|2|word||.reloc|0x318d
DATA|009cfcf2|2|word||.reloc|0x3193
DATA|009cfcf4|2|word||.reloc|0x3197
DATA|009cfcf6|2|word||.reloc|0x319c
DATA|009cfcf8|2|word||.reloc|0x31ba
DATA|009cfcfa|2|word||.reloc|0x31ea
DATA|009cfcfc|2|word||.reloc|0x31f2
DATA|009cfcfe|2|word||.reloc|0x31f8
DATA|009cfd00|2|word||.reloc|0x31fe
DATA|009cfd02|2|word||.reloc|0x3204
DATA|009cfd04|2|word||.reloc|0x3211
DATA|009cfd06|2|word||.reloc|0x3223
DATA|009cfd08|2|word||.reloc|0x3228
DATA|009cfd0a|2|word||.reloc|0x322d
DATA|009cfd0c|2|word||.reloc|0x3235
DATA|009cfd0e|2|word||.reloc|0x323c
DATA|009cfd10|2|word||.reloc|0x3262
DATA|009cfd12|2|word||.reloc|0x3266
DATA|009cfd14|2|word||.reloc|0x326d
DATA|009cfd16|2|word||.reloc|0x3272
DATA|009cfd18|2|word||.reloc|0x3277
DATA|009cfd1a|2|word||.reloc|0x3293
DATA|009cfd1c|2|word||.reloc|0x32c3
DATA|009cfd1e|2|word||.reloc|0x32cb
DATA|009cfd20|2|word||.reloc|0x32d1
DATA|009cfd22|2|word||.reloc|0x32d7
DATA|009cfd24|2|word||.reloc|0x32dd
DATA|009cfd26|2|word||.reloc|0x32ea
DATA|009cfd28|2|word||.reloc|0x32fd
DATA|009cfd2a|2|word||.reloc|0x3302
DATA|009cfd2c|2|word||.reloc|0x330b
DATA|009cfd2e|2|word||.reloc|0x3312
DATA|009cfd30|2|word||.reloc|0x332d
DATA|009cfd32|2|word||.reloc|0x3335
DATA|009cfd34|2|word||.reloc|0x333f
DATA|009cfd36|2|word||.reloc|0x3343
DATA|009cfd38|2|word||.reloc|0x3348
DATA|009cfd3a|2|word||.reloc|0x335f
DATA|009cfd3c|2|word||.reloc|0x3397
DATA|009cfd3e|2|word||.reloc|0x339f
DATA|009cfd40|2|word||.reloc|0x33a5
DATA|009cfd42|2|word||.reloc|0x33ab
DATA|009cfd44|2|word||.reloc|0x33b1
DATA|009cfd46|2|word||.reloc|0x33be
DATA|009cfd48|2|word||.reloc|0x33d1
DATA|009cfd4a|2|word||.reloc|0x33d6
DATA|009cfd4c|2|word||.reloc|0x33db
DATA|009cfd4e|2|word||.reloc|0x33e3
DATA|009cfd50|2|word||.reloc|0x33ea
DATA|009cfd52|2|word||.reloc|0x344c
DATA|009cfd54|2|word||.reloc|0x3450
DATA|009cfd56|2|word||.reloc|0x3454
DATA|009cfd58|2|word||.reloc|0x3458
DATA|009cfd5a|2|word||.reloc|0x345c
DATA|009cfd5c|2|word||.reloc|0x3460
DATA|009cfd5e|2|word||.reloc|0x3464
DATA|009cfd60|2|word||.reloc|0x3468
DATA|009cfd62|2|word||.reloc|0x346c
DATA|009cfd64|2|word||.reloc|0x3470
DATA|009cfd66|2|word||.reloc|0x34bb
DATA|009cfd68|2|word||.reloc|0x34cf
DATA|009cfd6a|2|word||.reloc|0x34e0
DATA|009cfd6c|2|word||.reloc|0x34eb
DATA|009cfd6e|2|word||.reloc|0x34f1
DATA|009cfd70|2|word||.reloc|0x34fc
DATA|009cfd72|2|word||.reloc|0x3507
DATA|009cfd74|2|word||.reloc|0x3512
DATA|009cfd76|2|word||.reloc|0x3517
DATA|009cfd78|2|word||.reloc|0x351e
DATA|009cfd7a|2|word||.reloc|0x352c
DATA|009cfd7c|2|word||.reloc|0x3531
DATA|009cfd7e|2|word||.reloc|0x353e
DATA|009cfd80|2|word||.reloc|0x3544
DATA|009cfd82|2|word||.reloc|0x354f
DATA|009cfd84|2|word||.reloc|0x3555
DATA|009cfd86|2|word||.reloc|0x3560
DATA|009cfd88|2|word||.reloc|0x3566
DATA|009cfd8a|2|word||.reloc|0x3571
DATA|009cfd8c|2|word||.reloc|0x3577
DATA|009cfd8e|2|word||.reloc|0x3582
DATA|009cfd90|2|word||.reloc|0x3588
DATA|009cfd92|2|word||.reloc|0x3593
DATA|009cfd94|2|word||.reloc|0x3599
DATA|009cfd96|2|word||.reloc|0x35a4
DATA|009cfd98|2|word||.reloc|0x35aa
DATA|009cfd9a|2|word||.reloc|0x35b5
DATA|009cfd9c|2|word||.reloc|0x35bb
DATA|009cfd9e|2|word||.reloc|0x35c6
DATA|009cfda0|2|word||.reloc|0x35cc
DATA|009cfda2|2|word||.reloc|0x35d7
DATA|009cfda4|2|word||.reloc|0x35e9
DATA|009cfda6|2|word||.reloc|0x35ef
DATA|009cfda8|2|word||.reloc|0x35f9
DATA|009cfdaa|2|word||.reloc|0x35fe
DATA|009cfdac|2|word||.reloc|0x3610
DATA|009cfdae|2|word||.reloc|0x3616
DATA|009cfdb0|2|word||.reloc|0x3620
DATA|009cfdb2|2|word||.reloc|0x3625
DATA|009cfdb4|2|word||.reloc|0x3637
DATA|009cfdb6|2|word||.reloc|0x363d
DATA|009cfdb8|2|word||.reloc|0x3646
DATA|009cfdba|2|word||.reloc|0x364b
DATA|009cfdbc|2|word||.reloc|0x3654
DATA|009cfdbe|2|word||.reloc|0x365a
DATA|009cfdc0|2|word||.reloc|0x3660
DATA|009cfdc2|2|word||.reloc|0x366b
DATA|009cfdc4|2|word||.reloc|0x3672
DATA|009cfdc6|2|word||.reloc|0x3680
DATA|009cfdc8|2|word||.reloc|0x3685
DATA|009cfdca|2|word||.reloc|0x3692
DATA|009cfdcc|2|word||.reloc|0x3698
DATA|009cfdce|2|word||.reloc|0x36a3
DATA|009cfdd0|2|word||.reloc|0x36a9
DATA|009cfdd2|2|word||.reloc|0x36b4
DATA|009cfdd4|2|word||.reloc|0x36ba
DATA|009cfdd6|2|word||.reloc|0x36c5
DATA|009cfdd8|2|word||.reloc|0x36cb
DATA|009cfdda|2|word||.reloc|0x36d6
DATA|009cfddc|2|word||.reloc|0x36dc
DATA|009cfdde|2|word||.reloc|0x36e7
DATA|009cfde0|2|word||.reloc|0x36ed
DATA|009cfde2|2|word||.reloc|0x36f8
DATA|009cfde4|2|word||.reloc|0x36fe
DATA|009cfde6|2|word||.reloc|0x3709
DATA|009cfde8|2|word||.reloc|0x370f
DATA|009cfdea|2|word||.reloc|0x371a
DATA|009cfdec|2|word||.reloc|0x3720
DATA|009cfdee|2|word||.reloc|0x372b
DATA|009cfdf0|2|word||.reloc|0x3731
DATA|009cfdf2|2|word||.reloc|0x373c
DATA|009cfdf4|2|word||.reloc|0x3742
DATA|009cfdf6|2|word||.reloc|0x374d
DATA|009cfdf8|2|word||.reloc|0x3753
DATA|009cfdfa|2|word||.reloc|0x375e
DATA|009cfdfc|2|word||.reloc|0x3770
DATA|009cfdfe|2|word||.reloc|0x3775
DATA|009cfe00|2|word||.reloc|0x377f
DATA|009cfe02|2|word||.reloc|0x3784
DATA|009cfe04|2|word||.reloc|0x3796
DATA|009cfe06|2|word||.reloc|0x379b
DATA|009cfe08|2|word||.reloc|0x37a5
DATA|009cfe0a|2|word||.reloc|0x37aa
DATA|009cfe0c|2|word||.reloc|0x37bc
DATA|009cfe0e|2|word||.reloc|0x37c1
DATA|009cfe10|2|word||.reloc|0x37cb
DATA|009cfe12|2|word||.reloc|0x37d0
DATA|009cfe14|2|word||.reloc|0x37e2
DATA|009cfe16|2|word||.reloc|0x37e7
DATA|009cfe18|2|word||.reloc|0x37f0
DATA|009cfe1a|2|word||.reloc|0x37f6
DATA|009cfe1c|2|word||.reloc|0x37fe
DATA|009cfe1e|2|word||.reloc|0x3804
DATA|009cfe20|2|word||.reloc|0x380a
DATA|009cfe22|2|word||.reloc|0x382a
DATA|009cfe24|2|word||.reloc|0x384d
DATA|009cfe26|2|word||.reloc|0x3854
DATA|009cfe28|2|word||.reloc|0x385a
DATA|009cfe2a|2|word||.reloc|0x3867
DATA|009cfe2c|2|word||.reloc|0x3891
DATA|009cfe2e|2|word||.reloc|0x38b5
DATA|009cfe30|2|word||.reloc|0x38bf
DATA|009cfe32|2|word||.reloc|0x38e5
DATA|009cfe34|2|word||.reloc|0x38eb
DATA|009cfe36|2|word||.reloc|0x38f2
DATA|009cfe38|2|word||.reloc|0x38fe
DATA|009cfe3a|2|word||.reloc|0x3909
DATA|009cfe3c|2|word||.reloc|0x390f
DATA|009cfe3e|2|word||.reloc|0x391a
DATA|009cfe40|2|word||.reloc|0x3920
DATA|009cfe42|2|word||.reloc|0x392b
DATA|009cfe44|2|word||.reloc|0x3931
DATA|009cfe46|2|word||.reloc|0x393c
DATA|009cfe48|2|word||.reloc|0x3942
DATA|009cfe4a|2|word||.reloc|0x394d
DATA|009cfe4c|2|word||.reloc|0x3953
DATA|009cfe4e|2|word||.reloc|0x395e
DATA|009cfe50|2|word||.reloc|0x3964
DATA|009cfe52|2|word||.reloc|0x396f
DATA|009cfe54|2|word||.reloc|0x3975
DATA|009cfe56|2|word||.reloc|0x3980
DATA|009cfe58|2|word||.reloc|0x3986
DATA|009cfe5a|2|word||.reloc|0x3991
DATA|009cfe5c|2|word||.reloc|0x399b
DATA|009cfe5e|2|word||.reloc|0x39ab
DATA|009cfe60|2|word||.reloc|0x39b7
DATA|009cfe62|2|word||.reloc|0x39c2
DATA|009cfe64|2|word||.reloc|0x39c8
DATA|009cfe66|2|word||.reloc|0x39d3
DATA|009cfe68|2|word||.reloc|0x39d9
DATA|009cfe6a|2|word||.reloc|0x39e4
DATA|009cfe6c|2|word||.reloc|0x39ea
DATA|009cfe6e|2|word||.reloc|0x39f5
DATA|009cfe70|2|word||.reloc|0x39fb
DATA|009cfe72|2|word||.reloc|0x3a06
DATA|009cfe74|2|word||.reloc|0x3a0c
DATA|009cfe76|2|word||.reloc|0x3a17
DATA|009cfe78|2|word||.reloc|0x3a1d
DATA|009cfe7a|2|word||.reloc|0x3a28
DATA|009cfe7c|2|word||.reloc|0x3a2e
DATA|009cfe7e|2|word||.reloc|0x3a39
DATA|009cfe80|2|word||.reloc|0x3a3f
DATA|009cfe82|2|word||.reloc|0x3a4a
DATA|009cfe84|2|word||.reloc|0x3a50
DATA|009cfe86|2|word||.reloc|0x3a5b
DATA|009cfe88|2|word||.reloc|0x3a61
DATA|009cfe8a|2|word||.reloc|0x3a6c
DATA|009cfe8c|2|word||.reloc|0x3a72
DATA|009cfe8e|2|word||.reloc|0x3a7e
DATA|009cfe90|2|word||.reloc|0x3a88
DATA|009cfe92|2|word||.reloc|0x3ac5
DATA|009cfe94|2|word||.reloc|0x3acb
DATA|009cfe96|2|word||.reloc|0x3ad2
DATA|009cfe98|2|word||.reloc|0x3ade
DATA|009cfe9a|2|word||.reloc|0x3ae9
DATA|009cfe9c|2|word||.reloc|0x3aef
DATA|009cfe9e|2|word||.reloc|0x3afa
DATA|009cfea0|2|word||.reloc|0x3b00
DATA|009cfea2|2|word||.reloc|0x3b0b
DATA|009cfea4|2|word||.reloc|0x3b11
DATA|009cfea6|2|word||.reloc|0x3b1c
DATA|009cfea8|2|word||.reloc|0x3b22
DATA|009cfeaa|2|word||.reloc|0x3b2d
DATA|009cfeac|2|word||.reloc|0x3b33
DATA|009cfeae|2|word||.reloc|0x3b3e
DATA|009cfeb0|2|word||.reloc|0x3b44
DATA|009cfeb2|2|word||.reloc|0x3b4f
DATA|009cfeb4|2|word||.reloc|0x3b55
DATA|009cfeb6|2|word||.reloc|0x3b60
DATA|009cfeb8|2|word||.reloc|0x3b66
DATA|009cfeba|2|word||.reloc|0x3b71
DATA|009cfebc|2|word||.reloc|0x3b7b
DATA|009cfebe|2|word||.reloc|0x3b8b
DATA|009cfec0|2|word||.reloc|0x3b97
DATA|009cfec2|2|word||.reloc|0x3ba2
DATA|009cfec4|2|word||.reloc|0x3ba8
DATA|009cfec6|2|word||.reloc|0x3bb3
DATA|009cfec8|2|word||.reloc|0x3bb9
DATA|009cfeca|2|word||.reloc|0x3bc4
DATA|009cfecc|2|word||.reloc|0x3bca
DATA|009cfece|2|word||.reloc|0x3bd5
DATA|009cfed0|2|word||.reloc|0x3bdb
DATA|009cfed2|2|word||.reloc|0x3be6
DATA|009cfed4|2|word||.reloc|0x3bec
DATA|009cfed6|2|word||.reloc|0x3bf7
DATA|009cfed8|2|word||.reloc|0x3bfd
DATA|009cfeda|2|word||.reloc|0x3c08
DATA|009cfedc|2|word||.reloc|0x3c0e
DATA|009cfede|2|word||.reloc|0x3c19
DATA|009cfee0|2|word||.reloc|0x3c1f
DATA|009cfee2|2|word||.reloc|0x3c2a
DATA|009cfee4|2|word||.reloc|0x3c30
DATA|009cfee6|2|word||.reloc|0x3c3b
DATA|009cfee8|2|word||.reloc|0x3c41
DATA|009cfeea|2|word||.reloc|0x3c4c
DATA|009cfeec|2|word||.reloc|0x3c52
DATA|009cfeee|2|word||.reloc|0x3c5e
DATA|009cfef0|2|word||.reloc|0x3c68
DATA|009cfef2|2|word||.reloc|0x3c9f
DATA|009cfef4|2|word||.reloc|0x3caa
DATA|009cfef6|2|word||.reloc|0x3cb5
DATA|009cfef8|2|word||.reloc|0x3cdd
DATA|009cfefa|2|word||.reloc|0x3d00
DATA|009cfefc|2|word||.reloc|0x3d09
DATA|009cfefe|2|word||.reloc|0x3d0f
DATA|009cff00|2|word||.reloc|0x3d16
DATA|009cff02|2|word||.reloc|0x3d24
DATA|009cff04|2|word||.reloc|0x3d29
DATA|009cff06|2|word||.reloc|0x3d39
DATA|009cff08|2|word||.reloc|0x3d3e
DATA|009cff0a|2|word||.reloc|0x3d54
DATA|009cff0c|2|word||.reloc|0x3d59
DATA|009cff0e|2|word||.reloc|0x3d67
DATA|009cff10|2|word||.reloc|0x3d6c
DATA|009cff12|2|word||.reloc|0x3d76
DATA|009cff14|2|word||.reloc|0x3d7b
DATA|009cff16|2|word||.reloc|0x3d91
DATA|009cff18|2|word||.reloc|0x3d96
DATA|009cff1a|2|word||.reloc|0x3da4
DATA|009cff1c|2|word||.reloc|0x3da9
DATA|009cff1e|2|word||.reloc|0x3db3
DATA|009cff20|2|word||.reloc|0x3db8
DATA|009cff22|2|word||.reloc|0x3dce
DATA|009cff24|2|word||.reloc|0x3dd3
DATA|009cff26|2|word||.reloc|0x3de1
DATA|009cff28|2|word||.reloc|0x3de6
DATA|009cff2a|2|word||.reloc|0x3def
DATA|009cff2c|2|word||.reloc|0x3df5
DATA|009cff2e|2|word||.reloc|0x3dfd
DATA|009cff30|2|word||.reloc|0x3e03
DATA|009cff32|2|word||.reloc|0x3e08
DATA|009cff34|2|word||.reloc|0x3e16
DATA|009cff36|2|word||.reloc|0x3e20
DATA|009cff38|2|word||.reloc|0x3e2e
DATA|009cff3a|2|word||.reloc|0x3e33
DATA|009cff3c|2|word||.reloc|0x3e43
DATA|009cff3e|2|word||.reloc|0x3e48
DATA|009cff40|2|word||.reloc|0x3e5e
DATA|009cff42|2|word||.reloc|0x3e63
DATA|009cff44|2|word||.reloc|0x3e71
DATA|009cff46|2|word||.reloc|0x3e76
DATA|009cff48|2|word||.reloc|0x3e80
DATA|009cff4a|2|word||.reloc|0x3e85
DATA|009cff4c|2|word||.reloc|0x3e9b
DATA|009cff4e|2|word||.reloc|0x3ea0
DATA|009cff50|2|word||.reloc|0x3eae
DATA|009cff52|2|word||.reloc|0x3eb3
DATA|009cff54|2|word||.reloc|0x3ebd
DATA|009cff56|2|word||.reloc|0x3ec2
DATA|009cff58|2|word||.reloc|0x3ed8
DATA|009cff5a|2|word||.reloc|0x3edd
DATA|009cff5c|2|word||.reloc|0x3eeb
DATA|009cff5e|2|word||.reloc|0x3ef0
DATA|009cff60|2|word||.reloc|0x3efa
DATA|009cff62|2|word||.reloc|0x3eff
DATA|009cff64|2|word||.reloc|0x3f15
DATA|009cff66|2|word||.reloc|0x3f1a
DATA|009cff68|2|word||.reloc|0x3f28
DATA|009cff6a|2|word||.reloc|0x3f2d
DATA|009cff6c|2|word||.reloc|0x3f36
DATA|009cff6e|2|word||.reloc|0x3f3c
DATA|009cff70|2|word||.reloc|0x3f44
DATA|009cff72|2|word||.reloc|0x3f4a
DATA|009cff74|2|word||.reloc|0x3f4f
DATA|009cff76|2|word||.reloc|0x3f5d
DATA|009cff78|2|word||.reloc|0x3f72
DATA|009cff7a|2|word||.reloc|0x3f7d
DATA|009cff7c|2|word||.reloc|0x3f83
DATA|009cff7e|2|word||.reloc|0x3f89
DATA|009cff80|2|word||.reloc|0x3f91
DATA|009cff82|2|word||.reloc|0x3f9c
DATA|009cff84|2|word||.reloc|0x3fa1
DATA|009cff86|2|word||.reloc|0x3fa8
DATA|009cff88|2|word||.reloc|0x3fae
DATA|009cff8a|2|word||.reloc|0x3fb3
DATA|009cff8c|2|word||.reloc|0x3fc3
DATA|009cff8e|2|word||.reloc|0x3fc8
DATA|009cff90|2|word||.reloc|0x3fde
DATA|009cff92|2|word||.reloc|0x3fe3
DATA|009cff94|2|word||.reloc|0x3ff1
DATA|009cff96|2|word||.reloc|0x3ff6
DATA|009cff98|8|IMAGE_BASE_RELOCATION||.reloc|
DATA|009cffa0|2|word||.reloc|0x3000
DATA|009cffa2|2|word||.reloc|0x3005
DATA|009cffa4|2|word||.reloc|0x301b
DATA|009cffa6|2|word||.reloc|0x3020
DATA|009cffa8|2|word||.reloc|0x302e
DATA|009cffaa|2|word||.reloc|0x3033
DATA|009cffac|2|word||.reloc|0x303d
DATA|009cffae|2|word||.reloc|0x3042
DATA|009cffb0|2|word||.reloc|0x3058
DATA|009cffb2|2|word||.reloc|0x305d
DATA|009cffb4|2|word||.reloc|0x306b
DATA|009cffb6|2|word||.reloc|0x3070
DATA|009cffb8|2|word||.reloc|0x307a
DATA|009cffba|2|word||.reloc|0x307f
DATA|009cffbc|2|word||.reloc|0x3095
DATA|009cffbe|2|word||.reloc|0x309a
DATA|009cffc0|2|word||.reloc|0x30a8
DATA|009cffc2|2|word||.reloc|0x30ad
DATA|009cffc4|2|word||.reloc|0x30b6
DATA|009cffc6|2|word||.reloc|0x30bc
DATA|009cffc8|2|word||.reloc|0x30c4
DATA|009cffca|2|word||.reloc|0x30ca
DATA|009cffcc|2|word||.reloc|0x30cf
DATA|009cffce|2|word||.reloc|0x30dd
DATA|009cffd0|2|word||.reloc|0x30e3
DATA|009cffd2|2|word||.reloc|0x30eb
DATA|009cffd4|2|word||.reloc|0x30f1
DATA|009cffd6|2|word||.reloc|0x30f6
DATA|009cffd8|2|word||.reloc|0x3106
DATA|009cffda|2|word||.reloc|0x310b
DATA|009cffdc|2|word||.reloc|0x3121
DATA|009cffde|2|word||.reloc|0x3126
DATA|009cffe0|2|word||.reloc|0x3134
DATA|009cffe2|2|word||.reloc|0x3139
DATA|009cffe4|2|word||.reloc|0x3142
DATA|009cffe6|2|word||.reloc|0x3147
DATA|009cffe8|2|word||.reloc|0x315d
DATA|009cffea|2|word||.reloc|0x3162
DATA|009cffec|2|word||.reloc|0x3170
DATA|009cffee|2|word||.reloc|0x3175
DATA|009cfff0|2|word||.reloc|0x317f
DATA|009cfff2|2|word||.reloc|0x3184
DATA|009cfff4|2|word||.reloc|0x319a
DATA|009cfff6|2|word||.reloc|0x319f
DATA|009cfff8|2|word||.reloc|0x31ad
DATA|009cfffa|2|word||.reloc|0x31b2
DATA|009cfffc|2|word||.reloc|0x31bc
DATA|009cfffe|2|word||.reloc|0x31c2
DATA|009d0000|2|word||.reloc|0x31ca
DATA|009d0002|2|word||.reloc|0x31d0
DATA|009d0004|2|word||.reloc|0x31d5
DATA|009d0006|2|word||.reloc|0x31e3
DATA|009d0008|2|word||.reloc|0x320b
DATA|009d000a|2|word||.reloc|0x3236
DATA|009d000c|2|word||.reloc|0x323c
DATA|009d000e|2|word||.reloc|0x3244
DATA|009d0010|2|word||.reloc|0x3253
DATA|009d0012|2|word||.reloc|0x325f
DATA|009d0014|2|word||.reloc|0x3269
DATA|009d0016|2|word||.reloc|0x3274
DATA|009d0018|2|word||.reloc|0x3280
DATA|009d001a|2|word||.reloc|0x328f
DATA|009d001c|2|word||.reloc|0x3295
DATA|009d001e|2|word||.reloc|0x329b
DATA|009d0020|2|word||.reloc|0x32a1
DATA|009d0022|2|word||.reloc|0x32a7
DATA|009d0024|2|word||.reloc|0x32b4
DATA|009d0026|2|word||.reloc|0x32c6
DATA|009d0028|2|word||.reloc|0x32d5
DATA|009d002a|2|word||.reloc|0x32e1
DATA|009d002c|2|word||.reloc|0x32e7
DATA|009d002e|2|word||.reloc|0x32f2
DATA|009d0030|2|word||.reloc|0x32fe
DATA|009d0032|2|word||.reloc|0x330a
DATA|009d0034|2|word||.reloc|0x3319
DATA|009d0036|2|word||.reloc|0x331f
DATA|009d0038|2|word||.reloc|0x3325
DATA|009d003a|2|word||.reloc|0x332b
DATA|009d003c|2|word||.reloc|0x3331
DATA|009d003e|2|word||.reloc|0x333e
DATA|009d0040|2|word||.reloc|0x3387
DATA|009d0042|2|word||.reloc|0x338d
DATA|009d0044|2|word||.reloc|0x3395
DATA|009d0046|2|word||.reloc|0x33a4
DATA|009d0048|2|word||.reloc|0x33b0
DATA|009d004a|2|word||.reloc|0x33ba
DATA|009d004c|2|word||.reloc|0x33c5
DATA|009d004e|2|word||.reloc|0x33d1
DATA|009d0050|2|word||.reloc|0x33e0
DATA|009d0052|2|word||.reloc|0x33e6
DATA|009d0054|2|word||.reloc|0x33ec
DATA|009d0056|2|word||.reloc|0x33f2
DATA|009d0058|2|word||.reloc|0x33f8
DATA|009d005a|2|word||.reloc|0x3405
DATA|009d005c|2|word||.reloc|0x3412
DATA|009d005e|2|word||.reloc|0x3421
DATA|009d0060|2|word||.reloc|0x342d
DATA|009d0062|2|word||.reloc|0x3437
DATA|009d0064|2|word||.reloc|0x3442
DATA|009d0066|2|word||.reloc|0x344e
DATA|009d0068|2|word||.reloc|0x345a
DATA|009d006a|2|word||.reloc|0x3469
DATA|009d006c|2|word||.reloc|0x346f
DATA|009d006e|2|word||.reloc|0x3475
DATA|009d0070|2|word||.reloc|0x347b
DATA|009d0072|2|word||.reloc|0x3481
DATA|009d0074|2|word||.reloc|0x348e
DATA|009d0076|2|word||.reloc|0x34bb
DATA|009d0078|2|word||.reloc|0x350c
DATA|009d007a|2|word||.reloc|0x3511
DATA|009d007c|2|word||.reloc|0x3520
DATA|009d007e|2|word||.reloc|0x3528
DATA|009d0080|2|word||.reloc|0x352d
DATA|009d0082|2|word||.reloc|0x353c
DATA|009d0084|2|word||.reloc|0x354d
DATA|009d0086|2|word||.reloc|0x356c
DATA|009d0088|2|word||.reloc|0x3576
DATA|009d008a|2|word||.reloc|0x358c
DATA|009d008c|2|word||.reloc|0x3591
DATA|009d008e|2|word||.reloc|0x359f
DATA|009d0090|2|word||.reloc|0x35a4
DATA|009d0092|2|word||.reloc|0x35ae
DATA|009d0094|2|word||.reloc|0x35b3
DATA|009d0096|2|word||.reloc|0x35c9
DATA|009d0098|2|word||.reloc|0x35ce
DATA|009d009a|2|word||.reloc|0x35dc
DATA|009d009c|2|word||.reloc|0x35e1
DATA|009d009e|2|word||.reloc|0x35eb
DATA|009d00a0|2|word||.reloc|0x35f0
DATA|009d00a2|2|word||.reloc|0x3606
DATA|009d00a4|2|word||.reloc|0x360b
DATA|009d00a6|2|word||.reloc|0x3619
DATA|009d00a8|2|word||.reloc|0x361e
DATA|009d00aa|2|word||.reloc|0x3628
DATA|009d00ac|2|word||.reloc|0x362d
DATA|009d00ae|2|word||.reloc|0x3643
DATA|009d00b0|2|word||.reloc|0x3648
DATA|009d00b2|2|word||.reloc|0x3656
DATA|009d00b4|2|word||.reloc|0x365b
DATA|009d00b6|2|word||.reloc|0x3668
DATA|009d00b8|2|word||.reloc|0x3672
DATA|009d00ba|2|word||.reloc|0x3688
DATA|009d00bc|2|word||.reloc|0x368d
DATA|009d00be|2|word||.reloc|0x369b
DATA|009d00c0|2|word||.reloc|0x36a0
DATA|009d00c2|2|word||.reloc|0x36aa
DATA|009d00c4|2|word||.reloc|0x36af
DATA|009d00c6|2|word||.reloc|0x36c5
DATA|009d00c8|2|word||.reloc|0x36ca
DATA|009d00ca|2|word||.reloc|0x36d8
DATA|009d00cc|2|word||.reloc|0x36dd
DATA|009d00ce|2|word||.reloc|0x36e7
DATA|009d00d0|2|word||.reloc|0x36ec
DATA|009d00d2|2|word||.reloc|0x3702
DATA|009d00d4|2|word||.reloc|0x3707
DATA|009d00d6|2|word||.reloc|0x3715
DATA|009d00d8|2|word||.reloc|0x371a
DATA|009d00da|2|word||.reloc|0x3723
DATA|009d00dc|2|word||.reloc|0x3729
DATA|009d00de|2|word||.reloc|0x372e
DATA|009d00e0|2|word||.reloc|0x3745
DATA|009d00e2|2|word||.reloc|0x377c
DATA|009d00e4|2|word||.reloc|0x3785
DATA|009d00e6|2|word||.reloc|0x378d
DATA|009d00e8|2|word||.reloc|0x379b
DATA|009d00ea|2|word||.reloc|0x37a0
DATA|009d00ec|2|word||.reloc|0x37b0
DATA|009d00ee|2|word||.reloc|0x37b5
DATA|009d00f0|2|word||.reloc|0x37cb
DATA|009d00f2|2|word||.reloc|0x37d0
DATA|009d00f4|2|word||.reloc|0x37de
DATA|009d00f6|2|word||.reloc|0x37e3
DATA|009d00f8|2|word||.reloc|0x37ed
DATA|009d00fa|2|word||.reloc|0x37f2
DATA|009d00fc|2|word||.reloc|0x3808
DATA|009d00fe|2|word||.reloc|0x380d
DATA|009d0100|2|word||.reloc|0x381b
DATA|009d0102|2|word||.reloc|0x3820
DATA|009d0104|2|word||.reloc|0x382a
DATA|009d0106|2|word||.reloc|0x382f
DATA|009d0108|2|word||.reloc|0x3845
DATA|009d010a|2|word||.reloc|0x384a
DATA|009d010c|2|word||.reloc|0x3858
DATA|009d010e|2|word||.reloc|0x385d
DATA|009d0110|2|word||.reloc|0x3867
DATA|009d0112|2|word||.reloc|0x386c
DATA|009d0114|2|word||.reloc|0x3882
DATA|009d0116|2|word||.reloc|0x3887
DATA|009d0118|2|word||.reloc|0x3895
DATA|009d011a|2|word||.reloc|0x389a
DATA|009d011c|2|word||.reloc|0x38a3
DATA|009d011e|2|word||.reloc|0x38a9
DATA|009d0120|2|word||.reloc|0x38b1
DATA|009d0122|2|word||.reloc|0x38b7
DATA|009d0124|2|word||.reloc|0x38bc
DATA|009d0126|2|word||.reloc|0x38ca
DATA|009d0128|2|word||.reloc|0x3904
DATA|009d012a|2|word||.reloc|0x390c
DATA|009d012c|2|word||.reloc|0x3912
DATA|009d012e|2|word||.reloc|0x3918
DATA|009d0130|2|word||.reloc|0x3921
DATA|009d0132|2|word||.reloc|0x3942
DATA|009d0134|2|word||.reloc|0x394a
DATA|009d0136|2|word||.reloc|0x3957
DATA|009d0138|2|word||.reloc|0x3960
DATA|009d013a|2|word||.reloc|0x396b
DATA|009d013c|2|word||.reloc|0x399a
DATA|009d013e|2|word||.reloc|0x39a0
DATA|009d0140|2|word||.reloc|0x39a6
DATA|009d0142|2|word||.reloc|0x39ac
DATA|009d0144|2|word||.reloc|0x39bb
DATA|009d0146|2|word||.reloc|0x39c1
DATA|009d0148|2|word||.reloc|0x39c9
DATA|009d014a|2|word||.reloc|0x39dd
DATA|009d014c|2|word||.reloc|0x39ef
DATA|009d014e|2|word||.reloc|0x3a0b
DATA|009d0150|2|word||.reloc|0x3a16
DATA|009d0152|2|word||.reloc|0x3a22
DATA|009d0154|2|word||.reloc|0x3a2a
DATA|009d0156|2|word||.reloc|0x3a2f
DATA|009d0158|2|word||.reloc|0x3a34
DATA|009d015a|2|word||.reloc|0x3a3e
DATA|009d015c|2|word||.reloc|0x3a43
DATA|009d015e|2|word||.reloc|0x3a48
DATA|009d0160|2|word||.reloc|0x3a4d
DATA|009d0162|2|word||.reloc|0x3a52
DATA|009d0164|2|word||.reloc|0x3a58
DATA|009d0166|2|word||.reloc|0x3a5d
DATA|009d0168|2|word||.reloc|0x3a65
DATA|009d016a|2|word||.reloc|0x3a6d
DATA|009d016c|2|word||.reloc|0x3a72
DATA|009d016e|2|word||.reloc|0x3a77
DATA|009d0170|2|word||.reloc|0x3a7d
DATA|009d0172|2|word||.reloc|0x3a85
DATA|009d0174|2|word||.reloc|0x3a8f
DATA|009d0176|2|word||.reloc|0x3a94
DATA|009d0178|2|word||.reloc|0x3a9a
DATA|009d017a|2|word||.reloc|0x3aa0
DATA|009d017c|2|word||.reloc|0x3aaa
DATA|009d017e|2|word||.reloc|0x3ab4
DATA|009d0180|2|word||.reloc|0x3abe
DATA|009d0182|2|word||.reloc|0x3ac8
DATA|009d0184|2|word||.reloc|0x3ad2
DATA|009d0186|2|word||.reloc|0x3adc
DATA|009d0188|2|word||.reloc|0x3ae6
DATA|009d018a|2|word||.reloc|0x3af0
DATA|009d018c|2|word||.reloc|0x3afa
DATA|009d018e|2|word||.reloc|0x3b04
DATA|009d0190|2|word||.reloc|0x3b0e
DATA|009d0192|2|word||.reloc|0x3b18
DATA|009d0194|2|word||.reloc|0x3b22
DATA|009d0196|2|word||.reloc|0x3b2c
DATA|009d0198|2|word||.reloc|0x3b36
DATA|009d019a|2|word||.reloc|0x3b4d
DATA|009d019c|2|word||.reloc|0x3b57
DATA|009d019e|2|word||.reloc|0x3b61
DATA|009d01a0|2|word||.reloc|0x3b6a
DATA|009d01a2|2|word||.reloc|0x3b74
DATA|009d01a4|2|word||.reloc|0x3b7e
DATA|009d01a6|2|word||.reloc|0x3b87
DATA|009d01a8|2|word||.reloc|0x3b91
DATA|009d01aa|2|word||.reloc|0x3b9b
DATA|009d01ac|2|word||.reloc|0x3ba4
DATA|009d01ae|2|word||.reloc|0x3bae
DATA|009d01b0|2|word||.reloc|0x3bb8
DATA|009d01b2|2|word||.reloc|0x3bc1
DATA|009d01b4|2|word||.reloc|0x3bcb
DATA|009d01b6|2|word||.reloc|0x3bd1
DATA|009d01b8|2|word||.reloc|0x3bd6
DATA|009d01ba|2|word||.reloc|0x3be7
DATA|009d01bc|2|word||.reloc|0x3bf0
DATA|009d01be|2|word||.reloc|0x3c0b
DATA|009d01c0|2|word||.reloc|0x3c11
DATA|009d01c2|2|word||.reloc|0x3c2d
DATA|009d01c4|2|word||.reloc|0x3c33
DATA|009d01c6|2|word||.reloc|0x3c3b
DATA|009d01c8|2|word||.reloc|0x3c41
DATA|009d01ca|2|word||.reloc|0x3c49
DATA|009d01cc|2|word||.reloc|0x3c51
DATA|009d01ce|2|word||.reloc|0x3c63
DATA|009d01d0|2|word||.reloc|0x3c6f
DATA|009d01d2|2|word||.reloc|0x3c78
DATA|009d01d4|2|word||.reloc|0x3cac
DATA|009d01d6|2|word||.reloc|0x3cb2
DATA|009d01d8|2|word||.reloc|0x3cbe
DATA|009d01da|2|word||.reloc|0x3cc6
DATA|009d01dc|2|word||.reloc|0x3ccb
DATA|009d01de|2|word||.reloc|0x3cda
DATA|009d01e0|2|word||.reloc|0x3ce2
DATA|009d01e2|2|word||.reloc|0x3ce7
DATA|009d01e4|2|word||.reloc|0x3cfb
DATA|009d01e6|2|word||.reloc|0x3d01
DATA|009d01e8|2|word||.reloc|0x3d10
DATA|009d01ea|2|word||.reloc|0x3d15
DATA|009d01ec|2|word||.reloc|0x3d1b
DATA|009d01ee|2|word||.reloc|0x3d21
DATA|009d01f0|2|word||.reloc|0x3d27
DATA|009d01f2|2|word||.reloc|0x3d30
DATA|009d01f4|2|word||.reloc|0x3d36
DATA|009d01f6|2|word||.reloc|0x3d3c
DATA|009d01f8|2|word||.reloc|0x3d44
DATA|009d01fa|2|word||.reloc|0x3d49
DATA|009d01fc|2|word||.reloc|0x3d5a
DATA|009d01fe|2|word||.reloc|0x3d60
DATA|009d0200|2|word||.reloc|0x3d66
DATA|009d0202|2|word||.reloc|0x3d6b
DATA|009d0204|2|word||.reloc|0x3d72
DATA|009d0206|2|word||.reloc|0x3d7b
DATA|009d0208|2|word||.reloc|0x3d81
DATA|009d020a|2|word||.reloc|0x3d86
DATA|009d020c|2|word||.reloc|0x3d8e
DATA|009d020e|2|word||.reloc|0x3d94
DATA|009d0210|2|word||.reloc|0x3da1
DATA|009d0212|2|word||.reloc|0x3da7
DATA|009d0214|2|word||.reloc|0x3dac
DATA|009d0216|2|word||.reloc|0x3db2
DATA|009d0218|2|word||.reloc|0x3db9
DATA|009d021a|2|word||.reloc|0x3dc2
DATA|009d021c|2|word||.reloc|0x3dc7
DATA|009d021e|2|word||.reloc|0x3dcd
DATA|009d0220|2|word||.reloc|0x3dd5
DATA|009d0222|2|word||.reloc|0x3ddb
DATA|009d0224|2|word||.reloc|0x3de8
DATA|009d0226|2|word||.reloc|0x3ded
DATA|009d0228|2|word||.reloc|0x3df3
DATA|009d022a|2|word||.reloc|0x3df9
DATA|009d022c|2|word||.reloc|0x3dff
DATA|009d022e|2|word||.reloc|0x3e08
DATA|009d0230|2|word||.reloc|0x3e0e
DATA|009d0232|2|word||.reloc|0x3e14
DATA|009d0234|2|word||.reloc|0x3e1c
DATA|009d0236|2|word||.reloc|0x3e21
DATA|009d0238|2|word||.reloc|0x3e2a
DATA|009d023a|2|word||.reloc|0x3e30
DATA|009d023c|2|word||.reloc|0x3e4c
DATA|009d023e|2|word||.reloc|0x3e93
DATA|009d0240|2|word||.reloc|0x3e99
DATA|009d0242|2|word||.reloc|0x3eae
DATA|009d0244|2|word||.reloc|0x3ec3
DATA|009d0246|2|word||.reloc|0x3ed8
DATA|009d0248|2|word||.reloc|0x3eed
DATA|009d024a|2|word||.reloc|0x3f07
DATA|009d024c|2|word||.reloc|0x3f12
DATA|009d024e|2|word||.reloc|0x3f18
DATA|009d0250|2|word||.reloc|0x3f20
DATA|009d0252|2|word||.reloc|0x3f25
DATA|009d0254|2|word||.reloc|0x3f2a
DATA|009d0256|2|word||.reloc|0x3f2f
DATA|009d0258|2|word||.reloc|0x3f35
DATA|009d025a|2|word||.reloc|0x3f3a
DATA|009d025c|2|word||.reloc|0x3f44
DATA|009d025e|2|word||.reloc|0x3f49
DATA|009d0260|2|word||.reloc|0x3f4e
DATA|009d0262|2|word||.reloc|0x3f54
DATA|009d0264|2|word||.reloc|0x3f5c
DATA|009d0266|2|word||.reloc|0x3f66
DATA|009d0268|2|word||.reloc|0x3f70
DATA|009d026a|2|word||.reloc|0x3f7a
DATA|009d026c|2|word||.reloc|0x3f84
DATA|009d026e|2|word||.reloc|0x3f8e
DATA|009d0270|2|word||.reloc|0x3f98
DATA|009d0272|2|word||.reloc|0x3fa2
DATA|009d0274|2|word||.reloc|0x3fac
DATA|009d0276|2|word||.reloc|0x3fb6
DATA|009d0278|2|word||.reloc|0x3fc0
DATA|009d027a|2|word||.reloc|0x3fca
DATA|009d027c|2|word||.reloc|0x3fd4
DATA|009d027e|2|word||.reloc|0x3fde
DATA|009d0280|2|word||.reloc|0x3fe8
DATA|009d0282|2|word||.reloc|0x3ff2
DATA|009d0284|2|word||.reloc|0x3ffc
DATA|009d0286|2|word||.reloc|0x0
DATA|009d0288|8|IMAGE_BASE_RELOCATION||.reloc|
DATA|009d0290|2|word||.reloc|0x3006
DATA|009d0292|2|word||.reloc|0x300b
DATA|009d0294|2|word||.reloc|0x3011
DATA|009d0296|2|word||.reloc|0x302c
DATA|009d0298|2|word||.reloc|0x3034
DATA|009d029a|2|word||.reloc|0x3043
DATA|009d029c|2|word||.reloc|0x3055
DATA|009d029e|2|word||.reloc|0x305b
DATA|009d02a0|2|word||.reloc|0x3061
DATA|009d02a2|2|word||.reloc|0x3067
DATA|009d02a4|2|word||.reloc|0x3089
DATA|009d02a6|2|word||.reloc|0x3091
DATA|009d02a8|2|word||.reloc|0x3099
DATA|009d02aa|2|word||.reloc|0x30a1
DATA|009d02ac|2|word||.reloc|0x30d5
DATA|009d02ae|2|word||.reloc|0x3102
DATA|009d02b0|2|word||.reloc|0x3113
DATA|009d02b2|2|word||.reloc|0x312a
DATA|009d02b4|2|word||.reloc|0x3141
DATA|009d02b6|2|word||.reloc|0x3150
DATA|009d02b8|2|word||.reloc|0x3161
DATA|009d02ba|2|word||.reloc|0x3172
DATA|009d02bc|2|word||.reloc|0x318d
DATA|009d02be|2|word||.reloc|0x319f
DATA|009d02c0|2|word||.reloc|0x31b1
DATA|009d02c2|2|word||.reloc|0x31c3
DATA|009d02c4|2|word||.reloc|0x31d5
DATA|009d02c6|2|word||.reloc|0x31e7
DATA|009d02c8|2|word||.reloc|0x31f9
DATA|009d02ca|2|word||.reloc|0x320b
DATA|009d02cc|2|word||.reloc|0x321d
DATA|009d02ce|2|word||.reloc|0x3223
DATA|009d02d0|2|word||.reloc|0x322f
DATA|009d02d2|2|word||.reloc|0x3239
DATA|009d02d4|2|word||.reloc|0x3242
DATA|009d02d6|2|word||.reloc|0x325d
DATA|009d02d8|2|word||.reloc|0x3263
DATA|009d02da|2|word||.reloc|0x3268
DATA|009d02dc|2|word||.reloc|0x3296
DATA|009d02de|2|word||.reloc|0x32bc
DATA|009d02e0|2|word||.reloc|0x32c6
DATA|009d02e2|2|word||.reloc|0x32e7
DATA|009d02e4|2|word||.reloc|0x32f4
DATA|009d02e6|2|word||.reloc|0x32fa
DATA|009d02e8|2|word||.reloc|0x331d
DATA|009d02ea|2|word||.reloc|0x332a
DATA|009d02ec|2|word||.reloc|0x3330
DATA|009d02ee|2|word||.reloc|0x335c
DATA|009d02f0|2|word||.reloc|0x3364
DATA|009d02f2|2|word||.reloc|0x3373
DATA|009d02f4|2|word||.reloc|0x3385
DATA|009d02f6|2|word||.reloc|0x338b
DATA|009d02f8|2|word||.reloc|0x3391
DATA|009d02fa|2|word||.reloc|0x3397
DATA|009d02fc|2|word||.reloc|0x33b9
DATA|009d02fe|2|word||.reloc|0x33c1
DATA|009d0300|2|word||.reloc|0x33c9
DATA|009d0302|2|word||.reloc|0x33d1
DATA|009d0304|2|word||.reloc|0x3405
DATA|009d0306|2|word||.reloc|0x3432
DATA|009d0308|2|word||.reloc|0x3443
DATA|009d030a|2|word||.reloc|0x345a
DATA|009d030c|2|word||.reloc|0x3471
DATA|009d030e|2|word||.reloc|0x3477
DATA|009d0310|2|word||.reloc|0x3480
DATA|009d0312|2|word||.reloc|0x348a
DATA|009d0314|2|word||.reloc|0x3493
DATA|009d0316|2|word||.reloc|0x34a0
DATA|009d0318|2|word||.reloc|0x34ad
DATA|009d031a|2|word||.reloc|0x34b9
DATA|009d031c|2|word||.reloc|0x34e7
DATA|009d031e|2|word||.reloc|0x350d
DATA|009d0320|2|word||.reloc|0x3517
DATA|009d0322|2|word||.reloc|0x353c
DATA|009d0324|2|word||.reloc|0x3542
DATA|009d0326|2|word||.reloc|0x3569
DATA|009d0328|2|word||.reloc|0x356f
DATA|009d032a|2|word||.reloc|0x35ac
DATA|009d032c|2|word||.reloc|0x35b0
DATA|009d032e|2|word||.reloc|0x35b8
DATA|009d0330|2|word||.reloc|0x35be
DATA|009d0332|2|word||.reloc|0x35c4
DATA|009d0334|2|word||.reloc|0x35fb
DATA|009d0336|2|word||.reloc|0x3618
DATA|009d0338|2|word||.reloc|0x362a
DATA|009d033a|2|word||.reloc|0x363f
DATA|009d033c|2|word||.reloc|0x3646
DATA|009d033e|2|word||.reloc|0x365b
DATA|009d0340|2|word||.reloc|0x3662
DATA|009d0342|2|word||.reloc|0x366a
DATA|009d0344|2|word||.reloc|0x368e
DATA|009d0346|2|word||.reloc|0x3695
DATA|009d0348|2|word||.reloc|0x36aa
DATA|009d034a|2|word||.reloc|0x36b1
DATA|009d034c|2|word||.reloc|0x36c6
DATA|009d034e|2|word||.reloc|0x36cd
DATA|009d0350|2|word||.reloc|0x36d5
DATA|009d0352|2|word||.reloc|0x36ee
DATA|009d0354|2|word||.reloc|0x36f5
DATA|009d0356|2|word||.reloc|0x370a
DATA|009d0358|2|word||.reloc|0x3711
DATA|009d035a|2|word||.reloc|0x3726
DATA|009d035c|2|word||.reloc|0x372d
DATA|009d035e|2|word||.reloc|0x3735
DATA|009d0360|2|word||.reloc|0x3743
DATA|009d0362|2|word||.reloc|0x374e
DATA|009d0364|2|word||.reloc|0x3759
DATA|009d0366|2|word||.reloc|0x3764
DATA|009d0368|2|word||.reloc|0x376c
DATA|009d036a|2|word||.reloc|0x3777
DATA|009d036c|2|word||.reloc|0x3782
DATA|009d036e|2|word||.reloc|0x378d
DATA|009d0370|2|word||.reloc|0x3798
DATA|009d0372|2|word||.reloc|0x379e
DATA|009d0374|2|word||.reloc|0x37b4
DATA|009d0376|2|word||.reloc|0x37c7
DATA|009d0378|2|word||.reloc|0x37db
DATA|009d037a|2|word||.reloc|0x37e8
DATA|009d037c|2|word||.reloc|0x37f5
DATA|009d037e|2|word||.reloc|0x37fe
DATA|009d0380|2|word||.reloc|0x380b
DATA|009d0382|2|word||.reloc|0x3821
DATA|009d0384|2|word||.reloc|0x3834
DATA|009d0386|2|word||.reloc|0x3848
DATA|009d0388|2|word||.reloc|0x3855
DATA|009d038a|2|word||.reloc|0x3862
DATA|009d038c|2|word||.reloc|0x386b
DATA|009d038e|2|word||.reloc|0x387a
DATA|009d0390|2|word||.reloc|0x3890
DATA|009d0392|2|word||.reloc|0x38a3
DATA|009d0394|2|word||.reloc|0x38b7
DATA|009d0396|2|word||.reloc|0x38c4
DATA|009d0398|2|word||.reloc|0x38d1
DATA|009d039a|2|word||.reloc|0x38da
DATA|009d039c|2|word||.reloc|0x38fa
DATA|009d039e|2|word||.reloc|0x3900
DATA|009d03a0|2|word||.reloc|0x3909
DATA|009d03a2|2|word||.reloc|0x3911
DATA|009d03a4|2|word||.reloc|0x3919
DATA|009d03a6|2|word||.reloc|0x393d
DATA|009d03a8|2|word||.reloc|0x3948
DATA|009d03aa|2|word||.reloc|0x3951
DATA|009d03ac|2|word||.reloc|0x395c
DATA|009d03ae|2|word||.reloc|0x3962
DATA|009d03b0|2|word||.reloc|0x396b
DATA|009d03b2|2|word||.reloc|0x3974
DATA|009d03b4|2|word||.reloc|0x397c
DATA|009d03b6|2|word||.reloc|0x3989
DATA|009d03b8|2|word||.reloc|0x398f
DATA|009d03ba|2|word||.reloc|0x39a0
DATA|009d03bc|2|word||.reloc|0x39c7
DATA|009d03be|2|word||.reloc|0x39cc
DATA|009d03c0|2|word||.reloc|0x39de
DATA|009d03c2|2|word||.reloc|0x39e3
DATA|009d03c4|2|word||.reloc|0x39f5
DATA|009d03c6|2|word||.reloc|0x39fa
DATA|009d03c8|2|word||.reloc|0x3a0c
DATA|009d03ca|2|word||.reloc|0x3a11
DATA|009d03cc|2|word||.reloc|0x3a23
DATA|009d03ce|2|word||.reloc|0x3a28
DATA|009d03d0|2|word||.reloc|0x3a3a
DATA|009d03d2|2|word||.reloc|0x3a3f
DATA|009d03d4|2|word||.reloc|0x3a49
DATA|009d03d6|2|word||.reloc|0x3a4f
DATA|009d03d8|2|word||.reloc|0x3a58
DATA|009d03da|2|word||.reloc|0x3a5e
DATA|009d03dc|2|word||.reloc|0x3a67
DATA|009d03de|2|word||.reloc|0x3a6c
DATA|009d03e0|2|word||.reloc|0x3a75
DATA|009d03e2|2|word||.reloc|0x3a7b
DATA|009d03e4|2|word||.reloc|0x3a84
DATA|009d03e6|2|word||.reloc|0x3a89
DATA|009d03e8|2|word||.reloc|0x3a92
DATA|009d03ea|2|word||.reloc|0x3a98
DATA|009d03ec|2|word||.reloc|0x3aa3
DATA|009d03ee|2|word||.reloc|0x3ab2
DATA|009d03f0|2|word||.reloc|0x3ac8
DATA|009d03f2|2|word||.reloc|0x3ad3
DATA|009d03f4|2|word||.reloc|0x3adf
DATA|009d03f6|2|word||.reloc|0x3aea
DATA|009d03f8|2|word||.reloc|0x3b36
DATA|009d03fa|2|word||.reloc|0x3b5c
DATA|009d03fc|2|word||.reloc|0x3b60
DATA|009d03fe|2|word||.reloc|0x3b68
DATA|009d0400|2|word||.reloc|0x3b6e
DATA|009d0402|2|word||.reloc|0x3b74
DATA|009d0404|2|word||.reloc|0x3bb6
DATA|009d0406|2|word||.reloc|0x3bd1
DATA|009d0408|2|word||.reloc|0x3c23
DATA|009d040a|2|word||.reloc|0x3c3b
DATA|009d040c|2|word||.reloc|0x3c41
DATA|009d040e|2|word||.reloc|0x3c53
DATA|009d0410|2|word||.reloc|0x3c59
DATA|009d0412|2|word||.reloc|0x3c6b
DATA|009d0414|2|word||.reloc|0x3c71
DATA|009d0416|2|word||.reloc|0x3c7a
DATA|009d0418|2|word||.reloc|0x3c88
DATA|009d041a|2|word||.reloc|0x3c91
DATA|009d041c|2|word||.reloc|0x3cb6
DATA|009d041e|2|word||.reloc|0x3cc0
DATA|009d0420|2|word||.reloc|0x3cd0
DATA|009d0422|2|word||.reloc|0x3cda
DATA|009d0424|2|word||.reloc|0x3cea
DATA|009d0426|2|word||.reloc|0x3cf4
DATA|009d0428|2|word||.reloc|0x3d04
DATA|009d042a|2|word||.reloc|0x3d0e
DATA|009d042c|2|word||.reloc|0x3d1e
DATA|009d042e|2|word||.reloc|0x3d28
DATA|009d0430|2|word||.reloc|0x3d38
DATA|009d0432|2|word||.reloc|0x3d42
DATA|009d0434|2|word||.reloc|0x3d52
DATA|009d0436|2|word||.reloc|0x3d64
DATA|009d0438|2|word||.reloc|0x3d76
DATA|009d043a|2|word||.reloc|0x3d80
DATA|009d043c|2|word||.reloc|0x3d8b
DATA|009d043e|2|word||.reloc|0x3d96
DATA|009d0440|2|word||.reloc|0x3da1
DATA|009d0442|2|word||.reloc|0x3dac
DATA|009d0444|2|word||.reloc|0x3db7
DATA|009d0446|2|word||.reloc|0x3dc2
DATA|009d0448|2|word||.reloc|0x3dd3
DATA|009d044a|2|word||.reloc|0x3de4
DATA|009d044c|2|word||.reloc|0x3df8
DATA|009d044e|2|word||.reloc|0x3dfe
DATA|009d0450|2|word||.reloc|0x3e14
DATA|009d0452|2|word||.reloc|0x3e27
DATA|009d0454|2|word||.reloc|0x3e42
DATA|009d0456|2|word||.reloc|0x3e4a
DATA|009d0458|2|word||.reloc|0x3e5f
DATA|009d045a|2|word||.reloc|0x3e75
DATA|009d045c|2|word||.reloc|0x3e88
DATA|009d045e|2|word||.reloc|0x3e94
DATA|009d0460|2|word||.reloc|0x3ea8
DATA|009d0462|2|word||.reloc|0x3eaf
DATA|009d0464|2|word||.reloc|0x3eb5
DATA|009d0466|2|word||.reloc|0x3ecc
DATA|009d0468|2|word||.reloc|0x3ee2
DATA|009d046a|2|word||.reloc|0x3ef5
DATA|009d046c|2|word||.reloc|0x3f01
DATA|009d046e|2|word||.reloc|0x3f15
DATA|009d0470|2|word||.reloc|0x3f1c
DATA|009d0472|2|word||.reloc|0x3f22
DATA|009d0474|2|word||.reloc|0x3f38
DATA|009d0476|2|word||.reloc|0x3f52
DATA|009d0478|2|word||.reloc|0x3f65
DATA|009d047a|2|word||.reloc|0x3f80
DATA|009d047c|2|word||.reloc|0x3f8d
DATA|009d047e|2|word||.reloc|0x3f9d
DATA|009d0480|2|word||.reloc|0x3fb3
DATA|009d0482|2|word||.reloc|0x3fc6
DATA|009d0484|2|word||.reloc|0x3fe1
DATA|009d0486|2|word||.reloc|0x3fee
DATA|009d0488|8|IMAGE_BASE_RELOCATION||.reloc|
DATA|009d0490|2|word||.reloc|0x3000
DATA|009d0492|2|word||.reloc|0x3016
DATA|009d0494|2|word||.reloc|0x3029
DATA|009d0496|2|word||.reloc|0x3044
DATA|009d0498|2|word||.reloc|0x3051
DATA|009d049a|2|word||.reloc|0x307b
DATA|009d049c|2|word||.reloc|0x3084
DATA|009d049e|2|word||.reloc|0x308d
DATA|009d04a0|2|word||.reloc|0x3093
DATA|009d04a2|2|word||.reloc|0x309b
DATA|009d04a4|2|word||.reloc|0x30a4
DATA|009d04a6|2|word||.reloc|0x30ad
DATA|009d04a8|2|word||.reloc|0x30b3
DATA|009d04aa|2|word||.reloc|0x30c1
DATA|009d04ac|2|word||.reloc|0x30ca
DATA|009d04ae|2|word||.reloc|0x30d2
DATA|009d04b0|2|word||.reloc|0x30db
DATA|009d04b2|2|word||.reloc|0x30fa
DATA|009d04b4|2|word||.reloc|0x3102
DATA|009d04b6|2|word||.reloc|0x312b
DATA|009d04b8|2|word||.reloc|0x3136
DATA|009d04ba|2|word||.reloc|0x313e
DATA|009d04bc|2|word||.reloc|0x3147
DATA|009d04be|2|word||.reloc|0x3152
DATA|009d04c0|2|word||.reloc|0x3160
DATA|009d04c2|2|word||.reloc|0x316f
DATA|009d04c4|2|word||.reloc|0x3177
DATA|009d04c6|2|word||.reloc|0x317f
DATA|009d04c8|2|word||.reloc|0x318a
DATA|009d04ca|2|word||.reloc|0x3199
DATA|009d04cc|2|word||.reloc|0x31aa
DATA|009d04ce|2|word||.reloc|0x31d2
DATA|009d04d0|2|word||.reloc|0x31d8
DATA|009d04d2|2|word||.reloc|0x31ea
DATA|009d04d4|2|word||.reloc|0x31f0
DATA|009d04d6|2|word||.reloc|0x3202
DATA|009d04d8|2|word||.reloc|0x320c
DATA|009d04da|2|word||.reloc|0x321c
DATA|009d04dc|2|word||.reloc|0x3226
DATA|009d04de|2|word||.reloc|0x3236
DATA|009d04e0|2|word||.reloc|0x3240
DATA|009d04e2|2|word||.reloc|0x3250
DATA|009d04e4|2|word||.reloc|0x325a
DATA|009d04e6|2|word||.reloc|0x326a
DATA|009d04e8|2|word||.reloc|0x327c
DATA|009d04ea|2|word||.reloc|0x3289
DATA|009d04ec|2|word||.reloc|0x3291
DATA|009d04ee|2|word||.reloc|0x3297
DATA|009d04f0|2|word||.reloc|0x32a0
DATA|009d04f2|2|word||.reloc|0x32a5
DATA|009d04f4|2|word||.reloc|0x32ad
DATA|009d04f6|2|word||.reloc|0x32b5
DATA|009d04f8|2|word||.reloc|0x32bd
DATA|009d04fa|2|word||.reloc|0x32c3
DATA|009d04fc|2|word||.reloc|0x32cb
DATA|009d04fe|2|word||.reloc|0x32d3
DATA|009d0500|2|word||.reloc|0x32d9
DATA|009d0502|2|word||.reloc|0x32e2
DATA|009d0504|2|word||.reloc|0x32e7
DATA|009d0506|2|word||.reloc|0x32ef
DATA|009d0508|2|word||.reloc|0x32f7
DATA|009d050a|2|word||.reloc|0x32ff
DATA|009d050c|2|word||.reloc|0x3305
DATA|009d050e|2|word||.reloc|0x3310
DATA|009d0510|2|word||.reloc|0x331b
DATA|009d0512|2|word||.reloc|0x3330
DATA|009d0514|2|word||.reloc|0x333d
DATA|009d0516|2|word||.reloc|0x334e
DATA|009d0518|2|word||.reloc|0x335c
DATA|009d051a|2|word||.reloc|0x336e
DATA|009d051c|2|word||.reloc|0x3396
DATA|009d051e|2|word||.reloc|0x33a4
DATA|009d0520|2|word||.reloc|0x33b6
DATA|009d0522|2|word||.reloc|0x33bc
DATA|009d0524|2|word||.reloc|0x33ce
DATA|009d0526|2|word||.reloc|0x33d4
DATA|009d0528|2|word||.reloc|0x33dd
DATA|009d052a|2|word||.reloc|0x33eb
DATA|009d052c|2|word||.reloc|0x33f4
DATA|009d052e|2|word||.reloc|0x33fd
DATA|009d0530|2|word||.reloc|0x341b
DATA|009d0532|2|word||.reloc|0x3421
DATA|009d0534|2|word||.reloc|0x3433
DATA|009d0536|2|word||.reloc|0x3439
DATA|009d0538|2|word||.reloc|0x344b
DATA|009d053a|2|word||.reloc|0x3451
DATA|009d053c|2|word||.reloc|0x3463
DATA|009d053e|2|word||.reloc|0x3469
DATA|009d0540|2|word||.reloc|0x347b
DATA|009d0542|2|word||.reloc|0x3481
DATA|009d0544|2|word||.reloc|0x3493
DATA|009d0546|2|word||.reloc|0x3499
DATA|009d0548|2|word||.reloc|0x34ab
DATA|009d054a|2|word||.reloc|0x34b1
DATA|009d054c|2|word||.reloc|0x34c3
DATA|009d054e|2|word||.reloc|0x34c9
DATA|009d0550|2|word||.reloc|0x34db
DATA|009d0552|2|word||.reloc|0x34e1
DATA|009d0554|2|word||.reloc|0x34eb
DATA|009d0556|2|word||.reloc|0x34f6
DATA|009d0558|2|word||.reloc|0x3501
DATA|009d055a|2|word||.reloc|0x350c
DATA|009d055c|2|word||.reloc|0x3517
DATA|009d055e|2|word||.reloc|0x3522
DATA|009d0560|2|word||.reloc|0x352d
DATA|009d0562|2|word||.reloc|0x3538
DATA|009d0564|2|word||.reloc|0x3543
DATA|009d0566|2|word||.reloc|0x3551
DATA|009d0568|2|word||.reloc|0x3557
DATA|009d056a|2|word||.reloc|0x356d
DATA|009d056c|2|word||.reloc|0x3580
DATA|009d056e|2|word||.reloc|0x3594
DATA|009d0570|2|word||.reloc|0x35a1
DATA|009d0572|2|word||.reloc|0x35ae
DATA|009d0574|2|word||.reloc|0x35b7
DATA|009d0576|2|word||.reloc|0x35c4
DATA|009d0578|2|word||.reloc|0x35da
DATA|009d057a|2|word||.reloc|0x35ed
DATA|009d057c|2|word||.reloc|0x3601
DATA|009d057e|2|word||.reloc|0x360e
DATA|009d0580|2|word||.reloc|0x361b
DATA|009d0582|2|word||.reloc|0x3624
DATA|009d0584|2|word||.reloc|0x3633
DATA|009d0586|2|word||.reloc|0x3649
DATA|009d0588|2|word||.reloc|0x365c
DATA|009d058a|2|word||.reloc|0x3670
DATA|009d058c|2|word||.reloc|0x367d
DATA|009d058e|2|word||.reloc|0x368a
DATA|009d0590|2|word||.reloc|0x3693
DATA|009d0592|2|word||.reloc|0x36a2
DATA|009d0594|2|word||.reloc|0x36b8
DATA|009d0596|2|word||.reloc|0x36cb
DATA|009d0598|2|word||.reloc|0x36df
DATA|009d059a|2|word||.reloc|0x36ec
DATA|009d059c|2|word||.reloc|0x36f9
DATA|009d059e|2|word||.reloc|0x3702
DATA|009d05a0|2|word||.reloc|0x3726
DATA|009d05a2|2|word||.reloc|0x372c
DATA|009d05a4|2|word||.reloc|0x3735
DATA|009d05a6|2|word||.reloc|0x373d
DATA|009d05a8|2|word||.reloc|0x3745
DATA|009d05aa|2|word||.reloc|0x376e
DATA|009d05ac|2|word||.reloc|0x3779
DATA|009d05ae|2|word||.reloc|0x3782
DATA|009d05b0|2|word||.reloc|0x378d
DATA|009d05b2|2|word||.reloc|0x3793
DATA|009d05b4|2|word||.reloc|0x379c
DATA|009d05b6|2|word||.reloc|0x37a5
DATA|009d05b8|2|word||.reloc|0x37ad
DATA|009d05ba|2|word||.reloc|0x37ba
DATA|009d05bc|2|word||.reloc|0x37c0
DATA|009d05be|2|word||.reloc|0x37c9
DATA|009d05c0|2|word||.reloc|0x37d3
DATA|009d05c2|2|word||.reloc|0x37fa
DATA|009d05c4|2|word||.reloc|0x380c
DATA|009d05c6|2|word||.reloc|0x3812
DATA|009d05c8|2|word||.reloc|0x3824
DATA|009d05ca|2|word||.reloc|0x382a
DATA|009d05cc|2|word||.reloc|0x383c
DATA|009d05ce|2|word||.reloc|0x3842
DATA|009d05d0|2|word||.reloc|0x3854
DATA|009d05d2|2|word||.reloc|0x385a
DATA|009d05d4|2|word||.reloc|0x386c
DATA|009d05d6|2|word||.reloc|0x3872
DATA|009d05d8|2|word||.reloc|0x3884
DATA|009d05da|2|word||.reloc|0x388a
DATA|009d05dc|2|word||.reloc|0x389c
DATA|009d05de|2|word||.reloc|0x38a2
DATA|009d05e0|2|word||.reloc|0x38ac
DATA|009d05e2|2|word||.reloc|0x38b5
DATA|009d05e4|2|word||.reloc|0x38bb
DATA|009d05e6|2|word||.reloc|0x38c4
DATA|009d05e8|2|word||.reloc|0x38c9
DATA|009d05ea|2|word||.reloc|0x38d2
DATA|009d05ec|2|word||.reloc|0x38d8
DATA|009d05ee|2|word||.reloc|0x38e1
DATA|009d05f0|2|word||.reloc|0x38e6
DATA|009d05f2|2|word||.reloc|0x38ef
DATA|009d05f4|2|word||.reloc|0x38f5
DATA|009d05f6|2|word||.reloc|0x38fe
DATA|009d05f8|2|word||.reloc|0x3903
DATA|009d05fa|2|word||.reloc|0x390c
DATA|009d05fc|2|word||.reloc|0x3912
DATA|009d05fe|2|word||.reloc|0x391b
DATA|009d0600|2|word||.reloc|0x3923
DATA|009d0602|2|word||.reloc|0x393f
DATA|009d0604|2|word||.reloc|0x3949
DATA|009d0606|2|word||.reloc|0x3955
DATA|009d0608|2|word||.reloc|0x3961
DATA|009d060a|2|word||.reloc|0x3978
DATA|009d060c|2|word||.reloc|0x3987
DATA|009d060e|2|word||.reloc|0x39b5
DATA|009d0610|2|word||.reloc|0x39db
DATA|009d0612|2|word||.reloc|0x39df
DATA|009d0614|2|word||.reloc|0x39e6
DATA|009d0616|2|word||.reloc|0x39ec
DATA|009d0618|2|word||.reloc|0x39f2
DATA|009d061a|2|word||.reloc|0x3a23
DATA|009d061c|2|word||.reloc|0x3a3c
DATA|009d061e|2|word||.reloc|0x3a46
DATA|009d0620|2|word||.reloc|0x3a57
DATA|009d0622|2|word||.reloc|0x3aa9
DATA|009d0624|2|word||.reloc|0x3abe
DATA|009d0626|2|word||.reloc|0x3acb
DATA|009d0628|2|word||.reloc|0x3ad2
DATA|009d062a|2|word||.reloc|0x3adf
DATA|009d062c|2|word||.reloc|0x3aeb
DATA|009d062e|2|word||.reloc|0x3b0b
DATA|009d0630|2|word||.reloc|0x3b1e
DATA|009d0632|2|word||.reloc|0x3b27
DATA|009d0634|2|word||.reloc|0x3b35
DATA|009d0636|2|word||.reloc|0x3b53
DATA|009d0638|2|word||.reloc|0x3b7d
DATA|009d063a|2|word||.reloc|0x3b8a
DATA|009d063c|2|word||.reloc|0x3ba2
DATA|009d063e|2|word||.reloc|0x3bb0
DATA|009d0640|2|word||.reloc|0x3bc2
DATA|009d0642|2|word||.reloc|0x3bdd
DATA|009d0644|2|word||.reloc|0x3bee
DATA|009d0646|2|word||.reloc|0x3c0a
DATA|009d0648|2|word||.reloc|0x3c1b
DATA|009d064a|2|word||.reloc|0x3c2c
DATA|009d064c|2|word||.reloc|0x3c3d
DATA|009d064e|2|word||.reloc|0x3c4e
DATA|009d0650|2|word||.reloc|0x3c5f
DATA|009d0652|2|word||.reloc|0x3c70
DATA|009d0654|2|word||.reloc|0x3c81
DATA|009d0656|2|word||.reloc|0x3c8d
DATA|009d0658|2|word||.reloc|0x3c9a
DATA|009d065a|2|word||.reloc|0x3ca5
DATA|009d065c|2|word||.reloc|0x3cb0
DATA|009d065e|2|word||.reloc|0x3cbb
DATA|009d0660|2|word||.reloc|0x3cc6
DATA|009d0662|2|word||.reloc|0x3cd1
DATA|009d0664|2|word||.reloc|0x3cdc
DATA|009d0666|2|word||.reloc|0x3ce7
DATA|009d0668|2|word||.reloc|0x3cf2
DATA|009d066a|2|word||.reloc|0x3cfd
DATA|009d066c|2|word||.reloc|0x3d09
DATA|009d066e|2|word||.reloc|0x3d17
DATA|009d0670|2|word||.reloc|0x3d1d
DATA|009d0672|2|word||.reloc|0x3d5b
DATA|009d0674|2|word||.reloc|0x3d6d
DATA|009d0676|2|word||.reloc|0x3d74
DATA|009d0678|2|word||.reloc|0x3d87
DATA|009d067a|2|word||.reloc|0x3d8e
DATA|009d067c|2|word||.reloc|0x3da2
DATA|009d067e|2|word||.reloc|0x3da9
DATA|009d0680|2|word||.reloc|0x3dbc
DATA|009d0682|2|word||.reloc|0x3dc3
DATA|009d0684|2|word||.reloc|0x3dd3
DATA|009d0686|2|word||.reloc|0x3ddd
DATA|009d0688|2|word||.reloc|0x3dec
DATA|009d068a|2|word||.reloc|0x3df6
DATA|009d068c|2|word||.reloc|0x3e07
DATA|009d068e|2|word||.reloc|0x3e0c
DATA|009d0690|2|word||.reloc|0x3e3c
DATA|009d0692|2|word||.reloc|0x3e96
DATA|009d0694|2|word||.reloc|0x3eb3
DATA|009d0696|2|word||.reloc|0x3eba
DATA|009d0698|2|word||.reloc|0x3ece
DATA|009d069a|2|word||.reloc|0x3ed5
DATA|009d069c|2|word||.reloc|0x3ee9
DATA|009d069e|2|word||.reloc|0x3ef0
DATA|009d06a0|2|word||.reloc|0x3f04
DATA|009d06a2|2|word||.reloc|0x3f0b
DATA|009d06a4|2|word||.reloc|0x3f1f
DATA|009d06a6|2|word||.reloc|0x3f26
DATA|009d06a8|2|word||.reloc|0x3f39
DATA|009d06aa|2|word||.reloc|0x3f43
DATA|009d06ac|2|word||.reloc|0x3f54
DATA|009d06ae|2|word||.reloc|0x3f5e
DATA|009d06b0|2|word||.reloc|0x3f75
DATA|009d06b2|2|word||.reloc|0x3f80
DATA|009d06b4|2|word||.reloc|0x3f91
DATA|009d06b6|2|word||.reloc|0x3f9b
DATA|009d06b8|2|word||.reloc|0x3fb3
DATA|009d06ba|2|word||.reloc|0x3fba
DATA|009d06bc|2|word||.reloc|0x3fce
DATA|009d06be|2|word||.reloc|0x3fd5
DATA|009d06c0|2|word||.reloc|0x3fe9
DATA|009d06c2|2|word||.reloc|0x3ff0
DATA|009d06c4|8|IMAGE_BASE_RELOCATION||.reloc|
DATA|009d06cc|2|word||.reloc|0x3004
DATA|009d06ce|2|word||.reloc|0x300b
DATA|009d06d0|2|word||.reloc|0x301f
DATA|009d06d2|2|word||.reloc|0x3026
DATA|009d06d4|2|word||.reloc|0x3039
DATA|009d06d6|2|word||.reloc|0x3043
DATA|009d06d8|2|word||.reloc|0x3054
DATA|009d06da|2|word||.reloc|0x305e
DATA|009d06dc|2|word||.reloc|0x3075
DATA|009d06de|2|word||.reloc|0x3080
DATA|009d06e0|2|word||.reloc|0x3091
DATA|009d06e2|2|word||.reloc|0x309b
DATA|009d06e4|2|word||.reloc|0x30ac
DATA|009d06e6|2|word||.reloc|0x30b8
DATA|009d06e8|2|word||.reloc|0x30be
DATA|009d06ea|2|word||.reloc|0x30ca
DATA|009d06ec|2|word||.reloc|0x30d0
DATA|009d06ee|2|word||.reloc|0x30dc
DATA|009d06f0|2|word||.reloc|0x30e1
DATA|009d06f2|2|word||.reloc|0x30ed
DATA|009d06f4|2|word||.reloc|0x30f3
DATA|009d06f6|2|word||.reloc|0x30ff
DATA|009d06f8|2|word||.reloc|0x3105
DATA|009d06fa|2|word||.reloc|0x3112
DATA|009d06fc|2|word||.reloc|0x3121
DATA|009d06fe|2|word||.reloc|0x312d
DATA|009d0700|2|word||.reloc|0x3133
DATA|009d0702|2|word||.reloc|0x314a
DATA|009d0704|2|word||.reloc|0x3155
DATA|009d0706|2|word||.reloc|0x319a
DATA|009d0708|2|word||.reloc|0x31cb
DATA|009d070a|2|word||.reloc|0x31cf
DATA|009d070c|2|word||.reloc|0x31d6
DATA|009d070e|2|word||.reloc|0x31dc
DATA|009d0710|2|word||.reloc|0x31e2
DATA|009d0712|2|word||.reloc|0x3213
DATA|009d0714|2|word||.reloc|0x322c
DATA|009d0716|2|word||.reloc|0x3236
DATA|009d0718|2|word||.reloc|0x3247
DATA|009d071a|2|word||.reloc|0x32d9
DATA|009d071c|2|word||.reloc|0x32ee
DATA|009d071e|2|word||.reloc|0x32fb
DATA|009d0720|2|word||.reloc|0x3302
DATA|009d0722|2|word||.reloc|0x330f
DATA|009d0724|2|word||.reloc|0x331b
DATA|009d0726|2|word||.reloc|0x333b
DATA|009d0728|2|word||.reloc|0x334e
DATA|009d072a|2|word||.reloc|0x3357
DATA|009d072c|2|word||.reloc|0x3365
DATA|009d072e|2|word||.reloc|0x3383
DATA|009d0730|2|word||.reloc|0x33bf
DATA|009d0732|2|word||.reloc|0x33cc
DATA|009d0734|2|word||.reloc|0x33e4
DATA|009d0736|2|word||.reloc|0x33f2
DATA|009d0738|2|word||.reloc|0x3404
DATA|009d073a|2|word||.reloc|0x341f
DATA|009d073c|2|word||.reloc|0x3430
DATA|009d073e|2|word||.reloc|0x344c
DATA|009d0740|2|word||.reloc|0x345d
DATA|009d0742|2|word||.reloc|0x346e
DATA|009d0744|2|word||.reloc|0x347f
DATA|009d0746|2|word||.reloc|0x3490
DATA|009d0748|2|word||.reloc|0x34a1
DATA|009d074a|2|word||.reloc|0x34b2
DATA|009d074c|2|word||.reloc|0x34c3
DATA|009d074e|2|word||.reloc|0x34d4
DATA|009d0750|2|word||.reloc|0x34e5
DATA|009d0752|2|word||.reloc|0x34f6
DATA|009d0754|2|word||.reloc|0x3502
DATA|009d0756|2|word||.reloc|0x350f
DATA|009d0758|2|word||.reloc|0x351d
DATA|009d075a|2|word||.reloc|0x3528
DATA|009d075c|2|word||.reloc|0x3533
DATA|009d075e|2|word||.reloc|0x353e
DATA|009d0760|2|word||.reloc|0x3549
DATA|009d0762|2|word||.reloc|0x3554
DATA|009d0764|2|word||.reloc|0x355f
DATA|009d0766|2|word||.reloc|0x356a
DATA|009d0768|2|word||.reloc|0x3575
DATA|009d076a|2|word||.reloc|0x3580
DATA|009d076c|2|word||.reloc|0x358b
DATA|009d076e|2|word||.reloc|0x3596
DATA|009d0770|2|word||.reloc|0x35a2
DATA|009d0772|2|word||.reloc|0x35b0
DATA|009d0774|2|word||.reloc|0x35b6
DATA|009d0776|2|word||.reloc|0x35f4
DATA|009d0778|2|word||.reloc|0x3606
DATA|009d077a|2|word||.reloc|0x360d
DATA|009d077c|2|word||.reloc|0x3620
DATA|009d077e|2|word||.reloc|0x3627
DATA|009d0780|2|word||.reloc|0x363b
DATA|009d0782|2|word||.reloc|0x3642
DATA|009d0784|2|word||.reloc|0x3655
DATA|009d0786|2|word||.reloc|0x365c
DATA|009d0788|2|word||.reloc|0x3670
DATA|009d078a|2|word||.reloc|0x3677
DATA|009d078c|2|word||.reloc|0x368a
DATA|009d078e|2|word||.reloc|0x3691
DATA|009d0790|2|word||.reloc|0x36a1
DATA|009d0792|2|word||.reloc|0x36ab
DATA|009d0794|2|word||.reloc|0x36ba
DATA|009d0796|2|word||.reloc|0x36c8
DATA|009d0798|2|word||.reloc|0x36d3
DATA|009d079a|2|word||.reloc|0x36df
DATA|009d079c|2|word||.reloc|0x36f0
DATA|009d079e|2|word||.reloc|0x36f5
DATA|009d07a0|2|word||.reloc|0x3725
DATA|009d07a2|2|word||.reloc|0x377f
DATA|009d07a4|2|word||.reloc|0x379c
DATA|009d07a6|2|word||.reloc|0x37a3
DATA|009d07a8|2|word||.reloc|0x37b7
DATA|009d07aa|2|word||.reloc|0x37be
DATA|009d07ac|2|word||.reloc|0x37d2
DATA|009d07ae|2|word||.reloc|0x37d9
DATA|009d07b0|2|word||.reloc|0x37ed
DATA|009d07b2|2|word||.reloc|0x37f4
DATA|009d07b4|2|word||.reloc|0x3808
DATA|009d07b6|2|word||.reloc|0x380f
DATA|009d07b8|2|word||.reloc|0x3823
DATA|009d07ba|2|word||.reloc|0x382a
DATA|009d07bc|2|word||.reloc|0x383e
DATA|009d07be|2|word||.reloc|0x3845
DATA|009d07c0|2|word||.reloc|0x3858
DATA|009d07c2|2|word||.reloc|0x3862
DATA|009d07c4|2|word||.reloc|0x3873
DATA|009d07c6|2|word||.reloc|0x387d
DATA|009d07c8|2|word||.reloc|0x388e
DATA|009d07ca|2|word||.reloc|0x389a
DATA|009d07cc|2|word||.reloc|0x38b1
DATA|009d07ce|2|word||.reloc|0x38bc
DATA|009d07d0|2|word||.reloc|0x38cd
DATA|009d07d2|2|word||.reloc|0x38d7
DATA|009d07d4|2|word||.reloc|0x38ef
DATA|009d07d6|2|word||.reloc|0x38f6
DATA|009d07d8|2|word||.reloc|0x390a
DATA|009d07da|2|word||.reloc|0x3911
DATA|009d07dc|2|word||.reloc|0x3925
DATA|009d07de|2|word||.reloc|0x392c
DATA|009d07e0|2|word||.reloc|0x3940
DATA|009d07e2|2|word||.reloc|0x3947
DATA|009d07e4|2|word||.reloc|0x395b
DATA|009d07e6|2|word||.reloc|0x3962
DATA|009d07e8|2|word||.reloc|0x3976
DATA|009d07ea|2|word||.reloc|0x397d
DATA|009d07ec|2|word||.reloc|0x3991
DATA|009d07ee|2|word||.reloc|0x3998
DATA|009d07f0|2|word||.reloc|0x39ab
DATA|009d07f2|2|word||.reloc|0x39b5
DATA|009d07f4|2|word||.reloc|0x39c6
DATA|009d07f6|2|word||.reloc|0x39d0
DATA|009d07f8|2|word||.reloc|0x39e1
DATA|009d07fa|2|word||.reloc|0x39ed
DATA|009d07fc|2|word||.reloc|0x3a04
DATA|009d07fe|2|word||.reloc|0x3a0f
DATA|009d0800|2|word||.reloc|0x3a20
DATA|009d0802|2|word||.reloc|0x3a2a
DATA|009d0804|2|word||.reloc|0x3a3b
DATA|009d0806|2|word||.reloc|0x3a47
DATA|009d0808|2|word||.reloc|0x3a4d
DATA|009d080a|2|word||.reloc|0x3a59
DATA|009d080c|2|word||.reloc|0x3a5f
DATA|009d080e|2|word||.reloc|0x3a6b
DATA|009d0810|2|word||.reloc|0x3a70
DATA|009d0812|2|word||.reloc|0x3a7c
DATA|009d0814|2|word||.reloc|0x3a82
DATA|009d0816|2|word||.reloc|0x3a8e
DATA|009d0818|2|word||.reloc|0x3a94
DATA|009d081a|2|word||.reloc|0x3aa0
DATA|009d081c|2|word||.reloc|0x3aa5
DATA|009d081e|2|word||.reloc|0x3ab1
DATA|009d0820|2|word||.reloc|0x3ab7
DATA|009d0822|2|word||.reloc|0x3ac4
DATA|009d0824|2|word||.reloc|0x3ad3
DATA|009d0826|2|word||.reloc|0x3adf
DATA|009d0828|2|word||.reloc|0x3aeb
DATA|009d082a|2|word||.reloc|0x3afc
DATA|009d082c|2|word||.reloc|0x3b02
DATA|009d082e|2|word||.reloc|0x3b19
DATA|009d0830|2|word||.reloc|0x3b2a
DATA|009d0832|2|word||.reloc|0x3b6b
DATA|009d0834|2|word||.reloc|0x3b85
DATA|009d0836|2|word||.reloc|0x3b8b
DATA|009d0838|2|word||.reloc|0x3b90
DATA|009d083a|2|word||.reloc|0x3b97
DATA|009d083c|2|word||.reloc|0x3bb8
DATA|009d083e|2|word||.reloc|0x3bd5
DATA|009d0840|2|word||.reloc|0x3bf2
DATA|009d0842|2|word||.reloc|0x3c0f
DATA|009d0844|2|word||.reloc|0x3c2c
DATA|009d0846|2|word||.reloc|0x3c40
DATA|009d0848|2|word||.reloc|0x3c5d
DATA|009d084a|2|word||.reloc|0x3c7a
DATA|009d084c|2|word||.reloc|0x3c97
DATA|009d084e|2|word||.reloc|0x3ddc
DATA|009d0850|2|word||.reloc|0x3e05
DATA|009d0852|2|word||.reloc|0x3e0b
DATA|009d0854|2|word||.reloc|0x3e10
DATA|009d0856|2|word||.reloc|0x3e17
DATA|009d0858|2|word||.reloc|0x3e38
DATA|009d085a|2|word||.reloc|0x3e55
DATA|009d085c|2|word||.reloc|0x3e72
DATA|009d085e|2|word||.reloc|0x3e8f
DATA|009d0860|2|word||.reloc|0x3ea3
DATA|009d0862|2|word||.reloc|0x3ec0
DATA|009d0864|2|word||.reloc|0x3edd
DATA|009d0866|2|word||.reloc|0x3fd1
DATA|009d0868|2|word||.reloc|0x3ff2
DATA|009d086a|2|word||.reloc|0x3ffc
DATA|009d086c|8|IMAGE_BASE_RELOCATION||.reloc|
DATA|009d0874|2|word||.reloc|0x3002
DATA|009d0876|2|word||.reloc|0x3022
DATA|009d0878|2|word||.reloc|0x3026
DATA|009d087a|2|word||.reloc|0x302c
DATA|009d087c|2|word||.reloc|0x3030
DATA|009d087e|2|word||.reloc|0x3036
DATA|009d0880|2|word||.reloc|0x303a
DATA|009d0882|2|word||.reloc|0x3040
DATA|009d0884|2|word||.reloc|0x3044
DATA|009d0886|2|word||.reloc|0x304a
DATA|009d0888|2|word||.reloc|0x304e
DATA|009d088a|2|word||.reloc|0x3054
DATA|009d088c|2|word||.reloc|0x3058
DATA|009d088e|2|word||.reloc|0x305e
DATA|009d0890|2|word||.reloc|0x3062
DATA|009d0892|2|word||.reloc|0x3068
DATA|009d0894|2|word||.reloc|0x306c
DATA|009d0896|2|word||.reloc|0x3072
DATA|009d0898|2|word||.reloc|0x3076
DATA|009d089a|2|word||.reloc|0x307c
DATA|009d089c|2|word||.reloc|0x3080
DATA|009d089e|2|word||.reloc|0x3086
DATA|009d08a0|2|word||.reloc|0x308a
DATA|009d08a2|2|word||.reloc|0x309d
DATA|009d08a4|2|word||.reloc|0x30a3
DATA|009d08a6|2|word||.reloc|0x30a9
DATA|009d08a8|2|word||.reloc|0x30bd
DATA|009d08aa|2|word||.reloc|0x30c3
DATA|009d08ac|2|word||.reloc|0x30c9
DATA|009d08ae|2|word||.reloc|0x30d2
DATA|009d08b0|2|word||.reloc|0x30d8
DATA|009d08b2|2|word||.reloc|0x30de
DATA|009d08b4|2|word||.reloc|0x30e2
DATA|009d08b6|2|word||.reloc|0x30e8
DATA|009d08b8|2|word||.reloc|0x30ec
DATA|009d08ba|2|word||.reloc|0x30f2
DATA|009d08bc|2|word||.reloc|0x30f6
DATA|009d08be|2|word||.reloc|0x30fc
DATA|009d08c0|2|word||.reloc|0x3100
DATA|009d08c2|2|word||.reloc|0x3106
DATA|009d08c4|2|word||.reloc|0x310c
DATA|009d08c6|2|word||.reloc|0x3122
DATA|009d08c8|2|word||.reloc|0x3128
DATA|009d08ca|2|word||.reloc|0x312e
DATA|009d08cc|2|word||.reloc|0x3134
DATA|009d08ce|2|word||.reloc|0x3141
DATA|009d08d0|2|word||.reloc|0x315a
DATA|009d08d2|2|word||.reloc|0x315f
DATA|009d08d4|2|word||.reloc|0x3172
DATA|009d08d6|2|word||.reloc|0x3186
DATA|009d08d8|2|word||.reloc|0x31a5
DATA|009d08da|2|word||.reloc|0x31b5
DATA|009d08dc|2|word||.reloc|0x31be
DATA|009d08de|2|word||.reloc|0x31c6
DATA|009d08e0|2|word||.reloc|0x31d2
DATA|009d08e2|2|word||.reloc|0x31dc
DATA|009d08e4|2|word||.reloc|0x31e7
DATA|009d08e6|2|word||.reloc|0x31f0
DATA|009d08e8|2|word||.reloc|0x31f9
DATA|009d08ea|2|word||.reloc|0x3207
DATA|009d08ec|2|word||.reloc|0x3216
DATA|009d08ee|2|word||.reloc|0x3229
DATA|009d08f0|2|word||.reloc|0x3231
DATA|009d08f2|2|word||.reloc|0x3240
DATA|009d08f4|2|word||.reloc|0x3249
DATA|009d08f6|2|word||.reloc|0x325c
DATA|009d08f8|2|word||.reloc|0x3268
DATA|009d08fa|2|word||.reloc|0x3279
DATA|009d08fc|2|word||.reloc|0x327f
DATA|009d08fe|2|word||.reloc|0x3285
DATA|009d0900|2|word||.reloc|0x328b
DATA|009d0902|2|word||.reloc|0x3290
DATA|009d0904|2|word||.reloc|0x3297
DATA|009d0906|2|word||.reloc|0x32a9
DATA|009d0908|2|word||.reloc|0x32c1
DATA|009d090a|2|word||.reloc|0x32d4
DATA|009d090c|2|word||.reloc|0x32dd
DATA|009d090e|2|word||.reloc|0x32f0
DATA|009d0910|2|word||.reloc|0x3303
DATA|009d0912|2|word||.reloc|0x330c
DATA|009d0914|2|word||.reloc|0x3332
DATA|009d0916|2|word||.reloc|0x3439
DATA|009d0918|2|word||.reloc|0x3820
DATA|009d091a|2|word||.reloc|0x393d
DATA|009d091c|2|word||.reloc|0x3bc8
DATA|009d091e|2|word||.reloc|0x3c3e
DATA|009d0920|2|word||.reloc|0x3c60
DATA|009d0922|2|word||.reloc|0x3c80
DATA|009d0924|2|word||.reloc|0x3c98
DATA|009d0926|2|word||.reloc|0x3cbf
DATA|009d0928|2|word||.reloc|0x3cc9
DATA|009d092a|2|word||.reloc|0x3ccf
DATA|009d092c|2|word||.reloc|0x3cdd
DATA|009d092e|2|word||.reloc|0x3ce5
DATA|009d0930|2|word||.reloc|0x3d00
DATA|009d0932|2|word||.reloc|0x3d06
DATA|009d0934|2|word||.reloc|0x3d0e
DATA|009d0936|2|word||.reloc|0x3d15
DATA|009d0938|2|word||.reloc|0x3d1d
DATA|009d093a|2|word||.reloc|0x3d33
DATA|009d093c|2|word||.reloc|0x3d41
DATA|009d093e|2|word||.reloc|0x3d47
DATA|009d0940|2|word||.reloc|0x3d56
DATA|009d0942|2|word||.reloc|0x3d5c
DATA|009d0944|2|word||.reloc|0x3d6c
DATA|009d0946|2|word||.reloc|0x3d72
DATA|009d0948|2|word||.reloc|0x3d78
DATA|009d094a|2|word||.reloc|0x3da4
DATA|009d094c|2|word||.reloc|0x3dac
DATA|009d094e|2|word||.reloc|0x3db5
DATA|009d0950|2|word||.reloc|0x3dbe
DATA|009d0952|2|word||.reloc|0x3dc5
DATA|009d0954|2|word||.reloc|0x3dce
DATA|009d0956|2|word||.reloc|0x3dd7
DATA|009d0958|2|word||.reloc|0x3ddf
DATA|009d095a|2|word||.reloc|0x3de4
DATA|009d095c|2|word||.reloc|0x3de9
DATA|009d095e|2|word||.reloc|0x3df6
DATA|009d0960|2|word||.reloc|0x3e01
DATA|009d0962|2|word||.reloc|0x3e10
DATA|009d0964|2|word||.reloc|0x3e15
DATA|009d0966|2|word||.reloc|0x3e20
DATA|009d0968|2|word||.reloc|0x3e36
DATA|009d096a|2|word||.reloc|0x3e5c
DATA|009d096c|2|word||.reloc|0x3e61
DATA|009d096e|2|word||.reloc|0x3e6f
DATA|009d0970|2|word||.reloc|0x3e74
DATA|009d0972|2|word||.reloc|0x3e87
DATA|009d0974|2|word||.reloc|0x3e95
DATA|009d0976|2|word||.reloc|0x3ea6
DATA|009d0978|2|word||.reloc|0x3ece
DATA|009d097a|2|word||.reloc|0x3ee0
DATA|009d097c|2|word||.reloc|0x3fa3
DATA|009d097e|2|word||.reloc|0x3fbe
DATA|009d0980|2|word||.reloc|0x3fc3
DATA|009d0982|2|word||.reloc|0x3fcd
DATA|009d0984|2|word||.reloc|0x3fd5
DATA|009d0986|2|word||.reloc|0x3fdb
DATA|009d0988|8|IMAGE_BASE_RELOCATION||.reloc|
DATA|009d0990|2|word||.reloc|0x3060
DATA|009d0992|2|word||.reloc|0x31b9
DATA|009d0994|2|word||.reloc|0x31be
DATA|009d0996|2|word||.reloc|0x31c5
DATA|009d0998|2|word||.reloc|0x31ca
DATA|009d099a|2|word||.reloc|0x31cf
DATA|009d099c|2|word||.reloc|0x31d5
DATA|009d099e|2|word||.reloc|0x31db
DATA|009d09a0|2|word||.reloc|0x31e1
DATA|009d09a2|2|word||.reloc|0x31e7
DATA|009d09a4|2|word||.reloc|0x31ed
DATA|009d09a6|2|word||.reloc|0x31f2
DATA|009d09a8|2|word||.reloc|0x31f7
DATA|009d09aa|2|word||.reloc|0x31fc
DATA|009d09ac|2|word||.reloc|0x3202
DATA|009d09ae|2|word||.reloc|0x3208
DATA|009d09b0|2|word||.reloc|0x320e
DATA|009d09b2|2|word||.reloc|0x3215
DATA|009d09b4|2|word||.reloc|0x321b
DATA|009d09b6|2|word||.reloc|0x3221
DATA|009d09b8|2|word||.reloc|0x3227
DATA|009d09ba|2|word||.reloc|0x322e
DATA|009d09bc|2|word||.reloc|0x3232
DATA|009d09be|2|word||.reloc|0x3238
DATA|009d09c0|2|word||.reloc|0x323c
DATA|009d09c2|2|word||.reloc|0x3242
DATA|009d09c4|2|word||.reloc|0x3248
DATA|009d09c6|2|word||.reloc|0x324d
DATA|009d09c8|2|word||.reloc|0x3253
DATA|009d09ca|2|word||.reloc|0x3259
DATA|009d09cc|2|word||.reloc|0x325e
DATA|009d09ce|2|word||.reloc|0x3264
DATA|009d09d0|2|word||.reloc|0x326a
DATA|009d09d2|2|word||.reloc|0x326f
DATA|009d09d4|2|word||.reloc|0x3275
DATA|009d09d6|2|word||.reloc|0x3279
DATA|009d09d8|2|word||.reloc|0x327f
DATA|009d09da|2|word||.reloc|0x3283
DATA|009d09dc|2|word||.reloc|0x3289
DATA|009d09de|2|word||.reloc|0x328d
DATA|009d09e0|2|word||.reloc|0x3293
DATA|009d09e2|2|word||.reloc|0x3297
DATA|009d09e4|2|word||.reloc|0x329d
DATA|009d09e6|2|word||.reloc|0x32a3
DATA|009d09e8|2|word||.reloc|0x32a7
DATA|009d09ea|2|word||.reloc|0x32ad
DATA|009d09ec|2|word||.reloc|0x32b1
DATA|009d09ee|2|word||.reloc|0x32b7
DATA|009d09f0|2|word||.reloc|0x32bb
DATA|009d09f2|2|word||.reloc|0x32c1
DATA|009d09f4|2|word||.reloc|0x32c5
DATA|009d09f6|2|word||.reloc|0x32cb
DATA|009d09f8|2|word||.reloc|0x32cf
DATA|009d09fa|2|word||.reloc|0x32d5
DATA|009d09fc|2|word||.reloc|0x32db
DATA|009d09fe|2|word||.reloc|0x32df
DATA|009d0a00|2|word||.reloc|0x32e4
DATA|009d0a02|2|word||.reloc|0x32f7
DATA|009d0a04|2|word||.reloc|0x32fd
DATA|009d0a06|2|word||.reloc|0x3313
DATA|009d0a08|2|word||.reloc|0x331c
DATA|009d0a0a|2|word||.reloc|0x334e
DATA|009d0a0c|2|word||.reloc|0x3364
DATA|009d0a0e|2|word||.reloc|0x336b
DATA|009d0a10|2|word||.reloc|0x3371
DATA|009d0a12|2|word||.reloc|0x339c
DATA|009d0a14|2|word||.reloc|0x33c5
DATA|009d0a16|2|word||.reloc|0x33cc
DATA|009d0a18|2|word||.reloc|0x33d2
DATA|009d0a1a|2|word||.reloc|0x33d9
DATA|009d0a1c|2|word||.reloc|0x33e7
DATA|009d0a1e|2|word||.reloc|0x33ec
DATA|009d0a20|2|word||.reloc|0x33fc
DATA|009d0a22|2|word||.reloc|0x3405
DATA|009d0a24|2|word||.reloc|0x340b
DATA|009d0a26|2|word||.reloc|0x341c
DATA|009d0a28|2|word||.reloc|0x3424
DATA|009d0a2a|2|word||.reloc|0x3433
DATA|009d0a2c|2|word||.reloc|0x3439
DATA|009d0a2e|2|word||.reloc|0x343e
DATA|009d0a30|2|word||.reloc|0x3449
DATA|009d0a32|2|word||.reloc|0x345e
DATA|009d0a34|2|word||.reloc|0x347c
DATA|009d0a36|2|word||.reloc|0x3482
DATA|009d0a38|2|word||.reloc|0x34a5
DATA|009d0a3a|2|word||.reloc|0x34ae
DATA|009d0a3c|2|word||.reloc|0x34b3
DATA|009d0a3e|2|word||.reloc|0x34c1
DATA|009d0a40|2|word||.reloc|0x34e3
DATA|009d0a42|2|word||.reloc|0x34eb
DATA|009d0a44|2|word||.reloc|0x34f1
DATA|009d0a46|2|word||.reloc|0x34f8
DATA|009d0a48|2|word||.reloc|0x34fe
DATA|009d0a4a|2|word||.reloc|0x3505
DATA|009d0a4c|2|word||.reloc|0x3513
DATA|009d0a4e|2|word||.reloc|0x3518
DATA|009d0a50|2|word||.reloc|0x3529
DATA|009d0a52|2|word||.reloc|0x3539
DATA|009d0a54|2|word||.reloc|0x354f
DATA|009d0a56|2|word||.reloc|0x3563
DATA|009d0a58|2|word||.reloc|0x3587
DATA|009d0a5a|2|word||.reloc|0x358d
DATA|009d0a5c|2|word||.reloc|0x35a5
DATA|009d0a5e|2|word||.reloc|0x35b0
DATA|009d0a60|2|word||.reloc|0x35b7
DATA|009d0a62|2|word||.reloc|0x35bd
DATA|009d0a64|2|word||.reloc|0x35c3
DATA|009d0a66|2|word||.reloc|0x35ca
DATA|009d0a68|2|word||.reloc|0x35d0
DATA|009d0a6a|2|word||.reloc|0x35d7
DATA|009d0a6c|2|word||.reloc|0x35e5
DATA|009d0a6e|2|word||.reloc|0x35ea
DATA|009d0a70|2|word||.reloc|0x35fd
DATA|009d0a72|2|word||.reloc|0x3609
DATA|009d0a74|2|word||.reloc|0x3612
DATA|009d0a76|2|word||.reloc|0x361e
DATA|009d0a78|2|word||.reloc|0x3629
DATA|009d0a7a|2|word||.reloc|0x3632
DATA|009d0a7c|2|word||.reloc|0x363a
DATA|009d0a7e|2|word||.reloc|0x3640
DATA|009d0a80|2|word||.reloc|0x3645
DATA|009d0a82|2|word||.reloc|0x3658
DATA|009d0a84|2|word||.reloc|0x3663
DATA|009d0a86|2|word||.reloc|0x366e
DATA|009d0a88|2|word||.reloc|0x367d
DATA|009d0a8a|2|word||.reloc|0x3687
DATA|009d0a8c|2|word||.reloc|0x3690
DATA|009d0a8e|2|word||.reloc|0x3698
DATA|009d0a90|2|word||.reloc|0x36b8
DATA|009d0a92|2|word||.reloc|0x36c4
DATA|009d0a94|2|word||.reloc|0x36ca
DATA|009d0a96|2|word||.reloc|0x36e4
DATA|009d0a98|2|word||.reloc|0x36ea
DATA|009d0a9a|2|word||.reloc|0x3705
DATA|009d0a9c|2|word||.reloc|0x370a
DATA|009d0a9e|2|word||.reloc|0x3717
DATA|009d0aa0|2|word||.reloc|0x372e
DATA|009d0aa2|2|word||.reloc|0x373e
DATA|009d0aa4|2|word||.reloc|0x3746
DATA|009d0aa6|2|word||.reloc|0x374d
DATA|009d0aa8|2|word||.reloc|0x3754
DATA|009d0aaa|2|word||.reloc|0x375a
DATA|009d0aac|2|word||.reloc|0x3761
DATA|009d0aae|2|word||.reloc|0x376f
DATA|009d0ab0|2|word||.reloc|0x3774
DATA|009d0ab2|2|word||.reloc|0x378d
DATA|009d0ab4|2|word||.reloc|0x379c
DATA|009d0ab6|2|word||.reloc|0x37a4
DATA|009d0ab8|2|word||.reloc|0x37c4
DATA|009d0aba|2|word||.reloc|0x37cd
DATA|009d0abc|2|word||.reloc|0x37e9
DATA|009d0abe|2|word||.reloc|0x37f2
DATA|009d0ac0|2|word||.reloc|0x3815
DATA|009d0ac2|2|word||.reloc|0x381c
DATA|009d0ac4|2|word||.reloc|0x3835
DATA|009d0ac6|2|word||.reloc|0x383e
DATA|009d0ac8|2|word||.reloc|0x3843
DATA|009d0aca|2|word||.reloc|0x384f
DATA|009d0acc|2|word||.reloc|0x3857
DATA|009d0ace|2|word||.reloc|0x3860
DATA|009d0ad0|2|word||.reloc|0x3877
DATA|009d0ad2|2|word||.reloc|0x3887
DATA|009d0ad4|2|word||.reloc|0x388f
DATA|009d0ad6|2|word||.reloc|0x3895
DATA|009d0ad8|2|word||.reloc|0x389c
DATA|009d0ada|2|word||.reloc|0x38a2
DATA|009d0adc|2|word||.reloc|0x38a9
DATA|009d0ade|2|word||.reloc|0x38b7
DATA|009d0ae0|2|word||.reloc|0x38bc
DATA|009d0ae2|2|word||.reloc|0x38cf
DATA|009d0ae4|2|word||.reloc|0x38db
DATA|009d0ae6|2|word||.reloc|0x38e4
DATA|009d0ae8|2|word||.reloc|0x38f0
DATA|009d0aea|2|word||.reloc|0x38fb
DATA|009d0aec|2|word||.reloc|0x3904
DATA|009d0aee|2|word||.reloc|0x390c
DATA|009d0af0|2|word||.reloc|0x3912
DATA|009d0af2|2|word||.reloc|0x3917
DATA|009d0af4|2|word||.reloc|0x392a
DATA|009d0af6|2|word||.reloc|0x3935
DATA|009d0af8|2|word||.reloc|0x393d
DATA|009d0afa|2|word||.reloc|0x3946
DATA|009d0afc|2|word||.reloc|0x3955
DATA|009d0afe|2|word||.reloc|0x3965
DATA|009d0b00|2|word||.reloc|0x396e
DATA|009d0b02|2|word||.reloc|0x3974
DATA|009d0b04|2|word||.reloc|0x397e
DATA|009d0b06|2|word||.reloc|0x399e
DATA|009d0b08|2|word||.reloc|0x39ad
DATA|009d0b0a|2|word||.reloc|0x39ba
DATA|009d0b0c|2|word||.reloc|0x39c7
DATA|009d0b0e|2|word||.reloc|0x39d0
DATA|009d0b10|2|word||.reloc|0x39e7
DATA|009d0b12|2|word||.reloc|0x39ed
DATA|009d0b14|2|word||.reloc|0x3a08
DATA|009d0b16|2|word||.reloc|0x3a0d
DATA|009d0b18|2|word||.reloc|0x3a25
DATA|009d0b1a|2|word||.reloc|0x3a2b
DATA|009d0b1c|2|word||.reloc|0x3a56
DATA|009d0b1e|2|word||.reloc|0x3a6c
DATA|009d0b20|2|word||.reloc|0x3a80
DATA|009d0b22|2|word||.reloc|0x3a8c
DATA|009d0b24|2|word||.reloc|0x3a98
DATA|009d0b26|2|word||.reloc|0x3aa1
DATA|009d0b28|2|word||.reloc|0x3aaa
DATA|009d0b2a|2|word||.reloc|0x3ac0
DATA|009d0b2c|2|word||.reloc|0x3ac8
DATA|009d0b2e|2|word||.reloc|0x3ace
DATA|009d0b30|2|word||.reloc|0x3adf
DATA|009d0b32|2|word||.reloc|0x3af5
DATA|009d0b34|2|word||.reloc|0x3aff
DATA|009d0b36|2|word||.reloc|0x3b05
DATA|009d0b38|2|word||.reloc|0x3b0d
DATA|009d0b3a|2|word||.reloc|0x3b35
DATA|009d0b3c|2|word||.reloc|0x3b3b
DATA|009d0b3e|2|word||.reloc|0x3b44
DATA|009d0b40|2|word||.reloc|0x3b4b
DATA|009d0b42|2|word||.reloc|0x3b50
DATA|009d0b44|2|word||.reloc|0x3b56
DATA|009d0b46|2|word||.reloc|0x3b61
DATA|009d0b48|2|word||.reloc|0x3b85
DATA|009d0b4a|2|word||.reloc|0x3bb8
DATA|009d0b4c|2|word||.reloc|0x3bbd
DATA|009d0b4e|2|word||.reloc|0x3bd5
DATA|009d0b50|2|word||.reloc|0x3bdb
DATA|009d0b52|2|word||.reloc|0x3c06
DATA|009d0b54|2|word||.reloc|0x3c1c
DATA|009d0b56|2|word||.reloc|0x3c30
DATA|009d0b58|2|word||.reloc|0x3c3c
DATA|009d0b5a|2|word||.reloc|0x3c48
DATA|009d0b5c|2|word||.reloc|0x3c51
DATA|009d0b5e|2|word||.reloc|0x3c5a
DATA|009d0b60|2|word||.reloc|0x3c70
DATA|009d0b62|2|word||.reloc|0x3c78
DATA|009d0b64|2|word||.reloc|0x3c7e
DATA|009d0b66|2|word||.reloc|0x3c8f
DATA|009d0b68|2|word||.reloc|0x3ca5
DATA|009d0b6a|2|word||.reloc|0x3caf
DATA|009d0b6c|2|word||.reloc|0x3cb5
DATA|009d0b6e|2|word||.reloc|0x3cbd
DATA|009d0b70|2|word||.reloc|0x3ced
DATA|009d0b72|2|word||.reloc|0x3cf5
DATA|009d0b74|2|word||.reloc|0x3cfe
DATA|009d0b76|2|word||.reloc|0x3d05
DATA|009d0b78|2|word||.reloc|0x3d0a
DATA|009d0b7a|2|word||.reloc|0x3d10
DATA|009d0b7c|2|word||.reloc|0x3d1b
DATA|009d0b7e|2|word||.reloc|0x3d3f
DATA|009d0b80|2|word||.reloc|0x3d78
DATA|009d0b82|2|word||.reloc|0x3d7d
DATA|009d0b84|2|word||.reloc|0x3d95
DATA|009d0b86|2|word||.reloc|0x3d9b
DATA|009d0b88|2|word||.reloc|0x3dc6
DATA|009d0b8a|2|word||.reloc|0x3ddc
DATA|009d0b8c|2|word||.reloc|0x3df0
DATA|009d0b8e|2|word||.reloc|0x3dfc
DATA|009d0b90|2|word||.reloc|0x3e08
DATA|009d0b92|2|word||.reloc|0x3e11
DATA|009d0b94|2|word||.reloc|0x3e1a
DATA|009d0b96|2|word||.reloc|0x3e30
DATA|009d0b98|2|word||.reloc|0x3e38
DATA|009d0b9a|2|word||.reloc|0x3e3e
DATA|009d0b9c|2|word||.reloc|0x3e4f
DATA|009d0b9e|2|word||.reloc|0x3e65
DATA|009d0ba0|2|word||.reloc|0x3e6f
DATA|009d0ba2|2|word||.reloc|0x3e75
DATA|009d0ba4|2|word||.reloc|0x3e7d
DATA|009d0ba6|2|word||.reloc|0x3e84
DATA|009d0ba8|2|word||.reloc|0x3eae
DATA|009d0baa|2|word||.reloc|0x3eb6
DATA|009d0bac|2|word||.reloc|0x3ebf
DATA|009d0bae|2|word||.reloc|0x3ec6
DATA|009d0bb0|2|word||.reloc|0x3ecb
DATA|009d0bb2|2|word||.reloc|0x3ed1
DATA|009d0bb4|2|word||.reloc|0x3edc
DATA|009d0bb6|2|word||.reloc|0x3f00
DATA|009d0bb8|2|word||.reloc|0x3f34
DATA|009d0bba|2|word||.reloc|0x3f3a
DATA|009d0bbc|2|word||.reloc|0x3f42
DATA|009d0bbe|2|word||.reloc|0x3f48
DATA|009d0bc0|2|word||.reloc|0x3f4f
DATA|009d0bc2|2|word||.reloc|0x3f5d
DATA|009d0bc4|2|word||.reloc|0x3f62
DATA|009d0bc6|2|word||.reloc|0x3f76
DATA|009d0bc8|2|word||.reloc|0x3f8c
DATA|009d0bca|2|word||.reloc|0x3f9d
DATA|009d0bcc|2|word||.reloc|0x3fa6
DATA|009d0bce|2|word||.reloc|0x3faf
DATA|009d0bd0|2|word||.reloc|0x3fb5
DATA|009d0bd2|2|word||.reloc|0x3fcb
DATA|009d0bd4|2|word||.reloc|0x3fd1
DATA|009d0bd6|2|word||.reloc|0x3fd9
DATA|009d0bd8|2|word||.reloc|0x3fdf
DATA|009d0bda|2|word||.reloc|0x3fe5
DATA|009d0bdc|2|word||.reloc|0x3ff0
DATA|009d0bde|2|word||.reloc|0x3ff6
DATA|009d0be0|8|IMAGE_BASE_RELOCATION||.reloc|
DATA|009d0be8|2|word||.reloc|0x3007
DATA|009d0bea|2|word||.reloc|0x300e
DATA|009d0bec|2|word||.reloc|0x3017
DATA|009d0bee|2|word||.reloc|0x3020
DATA|009d0bf0|2|word||.reloc|0x3028
DATA|009d0bf2|2|word||.reloc|0x3036
DATA|009d0bf4|2|word||.reloc|0x303e
DATA|009d0bf6|2|word||.reloc|0x3049
DATA|009d0bf8|2|word||.reloc|0x3051
DATA|009d0bfa|2|word||.reloc|0x3059
DATA|009d0bfc|2|word||.reloc|0x3065
DATA|009d0bfe|2|word||.reloc|0x306b
DATA|009d0c00|2|word||.reloc|0x3080
DATA|009d0c02|2|word||.reloc|0x308b
DATA|009d0c04|2|word||.reloc|0x3092
DATA|009d0c06|2|word||.reloc|0x309b
DATA|009d0c08|2|word||.reloc|0x30a6
DATA|009d0c0a|2|word||.reloc|0x30b2
DATA|009d0c0c|2|word||.reloc|0x30ce
DATA|009d0c0e|2|word||.reloc|0x30d3
DATA|009d0c10|2|word||.reloc|0x30dd
DATA|009d0c12|2|word||.reloc|0x30e8
DATA|009d0c14|2|word||.reloc|0x30ee
DATA|009d0c16|2|word||.reloc|0x30f5
DATA|009d0c18|2|word||.reloc|0x30fa
DATA|009d0c1a|2|word||.reloc|0x3103
DATA|009d0c1c|2|word||.reloc|0x310e
DATA|009d0c1e|2|word||.reloc|0x3116
DATA|009d0c20|2|word||.reloc|0x311b
DATA|009d0c22|2|word||.reloc|0x3132
DATA|009d0c24|2|word||.reloc|0x3138
DATA|009d0c26|2|word||.reloc|0x3154
DATA|009d0c28|2|word||.reloc|0x315a
DATA|009d0c2a|2|word||.reloc|0x3162
DATA|009d0c2c|2|word||.reloc|0x3168
DATA|009d0c2e|2|word||.reloc|0x316f
DATA|009d0c30|2|word||.reloc|0x317d
DATA|009d0c32|2|word||.reloc|0x3182
DATA|009d0c34|2|word||.reloc|0x3196
DATA|009d0c36|2|word||.reloc|0x31ac
DATA|009d0c38|2|word||.reloc|0x31bd
DATA|009d0c3a|2|word||.reloc|0x31c6
DATA|009d0c3c|2|word||.reloc|0x31cf
DATA|009d0c3e|2|word||.reloc|0x31d5
DATA|009d0c40|2|word||.reloc|0x31eb
DATA|009d0c42|2|word||.reloc|0x31f1
DATA|009d0c44|2|word||.reloc|0x31f9
DATA|009d0c46|2|word||.reloc|0x31ff
DATA|009d0c48|2|word||.reloc|0x3205
DATA|009d0c4a|2|word||.reloc|0x3210
DATA|009d0c4c|2|word||.reloc|0x3216
DATA|009d0c4e|2|word||.reloc|0x3227
DATA|009d0c50|2|word||.reloc|0x322e
DATA|009d0c52|2|word||.reloc|0x3237
DATA|009d0c54|2|word||.reloc|0x3240
DATA|009d0c56|2|word||.reloc|0x3248
DATA|009d0c58|2|word||.reloc|0x3256
DATA|009d0c5a|2|word||.reloc|0x325e
DATA|009d0c5c|2|word||.reloc|0x3269
DATA|009d0c5e|2|word||.reloc|0x327e
DATA|009d0c60|2|word||.reloc|0x3286
DATA|009d0c62|2|word||.reloc|0x3292
DATA|009d0c64|2|word||.reloc|0x3298
DATA|009d0c66|2|word||.reloc|0x32ad
DATA|009d0c68|2|word||.reloc|0x32b8
DATA|009d0c6a|2|word||.reloc|0x32bf
DATA|009d0c6c|2|word||.reloc|0x32c8
DATA|009d0c6e|2|word||.reloc|0x32d3
DATA|009d0c70|2|word||.reloc|0x32df
DATA|009d0c72|2|word||.reloc|0x32fb
DATA|009d0c74|2|word||.reloc|0x3302
DATA|009d0c76|2|word||.reloc|0x330d
DATA|009d0c78|2|word||.reloc|0x3315
DATA|009d0c7a|2|word||.reloc|0x331b
DATA|009d0c7c|2|word||.reloc|0x3322
DATA|009d0c7e|2|word||.reloc|0x3327
DATA|009d0c80|2|word||.reloc|0x3330
DATA|009d0c82|2|word||.reloc|0x333b
DATA|009d0c84|2|word||.reloc|0x3343
DATA|009d0c86|2|word||.reloc|0x3348
DATA|009d0c88|2|word||.reloc|0x335f
DATA|009d0c8a|2|word||.reloc|0x3365
DATA|009d0c8c|2|word||.reloc|0x3385
DATA|009d0c8e|2|word||.reloc|0x3392
DATA|009d0c90|2|word||.reloc|0x3397
DATA|009d0c92|2|word||.reloc|0x339d
DATA|009d0c94|2|word||.reloc|0x33a4
DATA|009d0c96|2|word||.reloc|0x33aa
DATA|009d0c98|2|word||.reloc|0x33b1
DATA|009d0c9a|2|word||.reloc|0x33bf
DATA|009d0c9c|2|word||.reloc|0x33c4
DATA|009d0c9e|2|word||.reloc|0x33d7
DATA|009d0ca0|2|word||.reloc|0x33ed
DATA|009d0ca2|2|word||.reloc|0x33fe
DATA|009d0ca4|2|word||.reloc|0x3407
DATA|009d0ca6|2|word||.reloc|0x3410
DATA|009d0ca8|2|word||.reloc|0x3416
DATA|009d0caa|2|word||.reloc|0x3426
DATA|009d0cac|2|word||.reloc|0x342d
DATA|009d0cae|2|word||.reloc|0x3436
DATA|009d0cb0|2|word||.reloc|0x343f
DATA|009d0cb2|2|word||.reloc|0x3447
DATA|009d0cb4|2|word||.reloc|0x344d
DATA|009d0cb6|2|word||.reloc|0x345b
DATA|009d0cb8|2|word||.reloc|0x3463
DATA|009d0cba|2|word||.reloc|0x346e
DATA|009d0cbc|2|word||.reloc|0x3476
DATA|009d0cbe|2|word||.reloc|0x349f
DATA|009d0cc0|2|word||.reloc|0x34c8
DATA|009d0cc2|2|word||.reloc|0x34d6
DATA|009d0cc4|2|word||.reloc|0x34df
DATA|009d0cc6|2|word||.reloc|0x34e6
DATA|009d0cc8|2|word||.reloc|0x34ee
DATA|009d0cca|2|word||.reloc|0x34f4
DATA|009d0ccc|2|word||.reloc|0x34ff
DATA|009d0cce|2|word||.reloc|0x3505
DATA|009d0cd0|2|word||.reloc|0x350e
DATA|009d0cd2|2|word||.reloc|0x3525
DATA|009d0cd4|2|word||.reloc|0x352b
DATA|009d0cd6|2|word||.reloc|0x3545
DATA|009d0cd8|2|word||.reloc|0x3552
DATA|009d0cda|2|word||.reloc|0x3557
DATA|009d0cdc|2|word||.reloc|0x355d
DATA|009d0cde|2|word||.reloc|0x3564
DATA|009d0ce0|2|word||.reloc|0x356a
DATA|009d0ce2|2|word||.reloc|0x3571
DATA|009d0ce4|2|word||.reloc|0x357f
DATA|009d0ce6|2|word||.reloc|0x3584
DATA|009d0ce8|2|word||.reloc|0x3597
DATA|009d0cea|2|word||.reloc|0x35ad
DATA|009d0cec|2|word||.reloc|0x35be
DATA|009d0cee|2|word||.reloc|0x35c7
DATA|009d0cf0|2|word||.reloc|0x35d0
DATA|009d0cf2|2|word||.reloc|0x35d6
DATA|009d0cf4|2|word||.reloc|0x35e6
DATA|009d0cf6|2|word||.reloc|0x35ed
DATA|009d0cf8|2|word||.reloc|0x35f6
DATA|009d0cfa|2|word||.reloc|0x35ff
DATA|009d0cfc|2|word||.reloc|0x3607
DATA|009d0cfe|2|word||.reloc|0x360d
DATA|009d0d00|2|word||.reloc|0x361b
DATA|009d0d02|2|word||.reloc|0x3623
DATA|009d0d04|2|word||.reloc|0x362e
DATA|009d0d06|2|word||.reloc|0x3638
DATA|009d0d08|2|word||.reloc|0x3667
DATA|009d0d0a|2|word||.reloc|0x3699
DATA|009d0d0c|2|word||.reloc|0x36a1
DATA|009d0d0e|2|word||.reloc|0x36a7
DATA|009d0d10|2|word||.reloc|0x36ae
DATA|009d0d12|2|word||.reloc|0x36b6
DATA|009d0d14|2|word||.reloc|0x36bc
DATA|009d0d16|2|word||.reloc|0x36c7
DATA|009d0d18|2|word||.reloc|0x36cd
DATA|009d0d1a|2|word||.reloc|0x36d6
DATA|009d0d1c|2|word||.reloc|0x36ed
DATA|009d0d1e|2|word||.reloc|0x36f3
DATA|009d0d20|2|word||.reloc|0x3715
DATA|009d0d22|2|word||.reloc|0x3722
DATA|009d0d24|2|word||.reloc|0x3727
DATA|009d0d26|2|word||.reloc|0x372d
DATA|009d0d28|2|word||.reloc|0x3734
DATA|009d0d2a|2|word||.reloc|0x373a
DATA|009d0d2c|2|word||.reloc|0x3741
DATA|009d0d2e|2|word||.reloc|0x374f
DATA|009d0d30|2|word||.reloc|0x3754
DATA|009d0d32|2|word||.reloc|0x3767
DATA|009d0d34|2|word||.reloc|0x377d
DATA|009d0d36|2|word||.reloc|0x378e
DATA|009d0d38|2|word||.reloc|0x3797
DATA|009d0d3a|2|word||.reloc|0x37a0
DATA|009d0d3c|2|word||.reloc|0x37a6
DATA|009d0d3e|2|word||.reloc|0x37b6
DATA|009d0d40|2|word||.reloc|0x37bd
DATA|009d0d42|2|word||.reloc|0x37c6
DATA|009d0d44|2|word||.reloc|0x37cf
DATA|009d0d46|2|word||.reloc|0x37d7
DATA|009d0d48|2|word||.reloc|0x37dd
DATA|009d0d4a|2|word||.reloc|0x37eb
DATA|009d0d4c|2|word||.reloc|0x37f3
DATA|009d0d4e|2|word||.reloc|0x37fe
DATA|009d0d50|2|word||.reloc|0x3808
DATA|009d0d52|2|word||.reloc|0x3816
DATA|009d0d54|2|word||.reloc|0x383d
DATA|009d0d56|2|word||.reloc|0x386f
DATA|009d0d58|2|word||.reloc|0x3877
DATA|009d0d5a|2|word||.reloc|0x387d
DATA|009d0d5c|2|word||.reloc|0x3884
DATA|009d0d5e|2|word||.reloc|0x388c
DATA|009d0d60|2|word||.reloc|0x3892
DATA|009d0d62|2|word||.reloc|0x389d
DATA|009d0d64|2|word||.reloc|0x38a3
DATA|009d0d66|2|word||.reloc|0x38ac
DATA|009d0d68|2|word||.reloc|0x38c3
DATA|009d0d6a|2|word||.reloc|0x38c9
DATA|009d0d6c|2|word||.reloc|0x38e5
DATA|009d0d6e|2|word||.reloc|0x38f2
DATA|009d0d70|2|word||.reloc|0x38f7
DATA|009d0d72|2|word||.reloc|0x38fd
DATA|009d0d74|2|word||.reloc|0x3904
DATA|009d0d76|2|word||.reloc|0x390a
DATA|009d0d78|2|word||.reloc|0x3911
DATA|009d0d7a|2|word||.reloc|0x391f
DATA|009d0d7c|2|word||.reloc|0x3924
DATA|009d0d7e|2|word||.reloc|0x3937
DATA|009d0d80|2|word||.reloc|0x394d
DATA|009d0d82|2|word||.reloc|0x395e
DATA|009d0d84|2|word||.reloc|0x3967
DATA|009d0d86|2|word||.reloc|0x3970
DATA|009d0d88|2|word||.reloc|0x3976
DATA|009d0d8a|2|word||.reloc|0x398c
DATA|009d0d8c|2|word||.reloc|0x3992
DATA|009d0d8e|2|word||.reloc|0x3998
DATA|009d0d90|2|word||.reloc|0x399e
DATA|009d0d92|2|word||.reloc|0x39a4
DATA|009d0d94|2|word||.reloc|0x39ad
DATA|009d0d96|2|word||.reloc|0x39b3
DATA|009d0d98|2|word||.reloc|0x39c2
DATA|009d0d9a|2|word||.reloc|0x39c9
DATA|009d0d9c|2|word||.reloc|0x39d2
DATA|009d0d9e|2|word||.reloc|0x39db
DATA|009d0da0|2|word||.reloc|0x39e3
DATA|009d0da2|2|word||.reloc|0x39f1
DATA|009d0da4|2|word||.reloc|0x39f9
DATA|009d0da6|2|word||.reloc|0x3a04
DATA|009d0da8|2|word||.reloc|0x3a0c
DATA|009d0daa|2|word||.reloc|0x3a12
DATA|009d0dac|2|word||.reloc|0x3a18
DATA|009d0dae|2|word||.reloc|0x3a24
DATA|009d0db0|2|word||.reloc|0x3a43
DATA|009d0db2|2|word||.reloc|0x3a4a
DATA|009d0db4|2|word||.reloc|0x3a5e
DATA|009d0db6|2|word||.reloc|0x3a68
DATA|009d0db8|2|word||.reloc|0x3a6d
DATA|009d0dba|2|word||.reloc|0x3a82
DATA|009d0dbc|2|word||.reloc|0x3a98
DATA|009d0dbe|2|word||.reloc|0x3aa0
DATA|009d0dc0|2|word||.reloc|0x3aae
DATA|009d0dc2|2|word||.reloc|0x3abf
DATA|009d0dc4|2|word||.reloc|0x3ac9
DATA|009d0dc6|2|word||.reloc|0x3adf
DATA|009d0dc8|2|word||.reloc|0x3aed
DATA|009d0dca|2|word||.reloc|0x3af3
DATA|009d0dcc|2|word||.reloc|0x3af8
DATA|009d0dce|2|word||.reloc|0x3aff
DATA|009d0dd0|2|word||.reloc|0x3b05
DATA|009d0dd2|2|word||.reloc|0x3b10
DATA|009d0dd4|2|word||.reloc|0x3b16
DATA|009d0dd6|2|word||.reloc|0x3b1f
DATA|009d0dd8|2|word||.reloc|0x3b36
DATA|009d0dda|2|word||.reloc|0x3b3c
DATA|009d0ddc|2|word||.reloc|0x3b55
DATA|009d0dde|2|word||.reloc|0x3b62
DATA|009d0de0|2|word||.reloc|0x3b67
DATA|009d0de2|2|word||.reloc|0x3b6d
DATA|009d0de4|2|word||.reloc|0x3b74
DATA|009d0de6|2|word||.reloc|0x3b7a
DATA|009d0de8|2|word||.reloc|0x3b81
DATA|009d0dea|2|word||.reloc|0x3b8f
DATA|009d0dec|2|word||.reloc|0x3b94
DATA|009d0dee|2|word||.reloc|0x3ba7
DATA|009d0df0|2|word||.reloc|0x3bbd
DATA|009d0df2|2|word||.reloc|0x3bce
DATA|009d0df4|2|word||.reloc|0x3bd7
DATA|009d0df6|2|word||.reloc|0x3be0
DATA|009d0df8|2|word||.reloc|0x3be6
DATA|009d0dfa|2|word||.reloc|0x3bfc
DATA|009d0dfc|2|word||.reloc|0x3c02
DATA|009d0dfe|2|word||.reloc|0x3c08
DATA|009d0e00|2|word||.reloc|0x3c0e
DATA|009d0e02|2|word||.reloc|0x3c14
DATA|009d0e04|2|word||.reloc|0x3c1d
DATA|009d0e06|2|word||.reloc|0x3c23
DATA|009d0e08|2|word||.reloc|0x3c32
DATA|009d0e0a|2|word||.reloc|0x3c39
DATA|009d0e0c|2|word||.reloc|0x3c42
DATA|009d0e0e|2|word||.reloc|0x3c4b
DATA|009d0e10|2|word||.reloc|0x3c53
DATA|009d0e12|2|word||.reloc|0x3c61
DATA|009d0e14|2|word||.reloc|0x3c69
DATA|009d0e16|2|word||.reloc|0x3c74
DATA|009d0e18|2|word||.reloc|0x3c89
DATA|009d0e1a|2|word||.reloc|0x3c8f
DATA|009d0e1c|2|word||.reloc|0x3c95
DATA|009d0e1e|2|word||.reloc|0x3ca0
DATA|009d0e20|2|word||.reloc|0x3cbd
DATA|009d0e22|2|word||.reloc|0x3cc4
DATA|009d0e24|2|word||.reloc|0x3cd8
DATA|009d0e26|2|word||.reloc|0x3ce2
DATA|009d0e28|2|word||.reloc|0x3ce7
DATA|009d0e2a|2|word||.reloc|0x3cfc
DATA|009d0e2c|2|word||.reloc|0x3d12
DATA|009d0e2e|2|word||.reloc|0x3d1a
DATA|009d0e30|2|word||.reloc|0x3d28
DATA|009d0e32|2|word||.reloc|0x3d39
DATA|009d0e34|2|word||.reloc|0x3d43
DATA|009d0e36|2|word||.reloc|0x3d59
DATA|009d0e38|2|word||.reloc|0x3d68
DATA|009d0e3a|2|word||.reloc|0x3d70
DATA|009d0e3c|2|word||.reloc|0x3d76
DATA|009d0e3e|2|word||.reloc|0x3d7c
DATA|009d0e40|2|word||.reloc|0x3d81
DATA|009d0e42|2|word||.reloc|0x3d87
DATA|009d0e44|2|word||.reloc|0x3d90
DATA|009d0e46|2|word||.reloc|0x3d96
DATA|009d0e48|2|word||.reloc|0x3d9c
DATA|009d0e4a|2|word||.reloc|0x3da1
DATA|009d0e4c|2|word||.reloc|0x3da8
DATA|009d0e4e|2|word||.reloc|0x3dae
DATA|009d0e50|2|word||.reloc|0x3db9
DATA|009d0e52|2|word||.reloc|0x3dbf
DATA|009d0e54|2|word||.reloc|0x3dc8
DATA|009d0e56|2|word||.reloc|0x3ddf
DATA|009d0e58|2|word||.reloc|0x3de5
DATA|009d0e5a|2|word||.reloc|0x3e05
DATA|009d0e5c|2|word||.reloc|0x3e48
DATA|009d0e5e|2|word||.reloc|0x3e87
DATA|009d0e60|2|word||.reloc|0x3e9b
DATA|009d0e62|2|word||.reloc|0x3ec5
DATA|009d0e64|2|word||.reloc|0x3fe5
DATA|009d0e66|2|word||.reloc|0x3fec
DATA|009d0e68|8|IMAGE_BASE_RELOCATION||.reloc|
DATA|009d0e70|2|word||.reloc|0x304d
DATA|009d0e72|2|word||.reloc|0x30cf
DATA|009d0e74|2|word||.reloc|0x30d9
DATA|009d0e76|2|word||.reloc|0x3146
DATA|009d0e78|2|word||.reloc|0x3188
DATA|009d0e7a|2|word||.reloc|0x31cb
DATA|009d0e7c|2|word||.reloc|0x31df
DATA|009d0e7e|2|word||.reloc|0x3209
DATA|009d0e80|2|word||.reloc|0x3329
DATA|009d0e82|2|word||.reloc|0x332f
DATA|009d0e84|2|word||.reloc|0x3393
DATA|009d0e86|2|word||.reloc|0x341f
DATA|009d0e88|2|word||.reloc|0x342d
DATA|009d0e8a|2|word||.reloc|0x3454
DATA|009d0e8c|2|word||.reloc|0x3472
DATA|009d0e8e|2|word||.reloc|0x3481
DATA|009d0e90|2|word||.reloc|0x349d
DATA|009d0e92|2|word||.reloc|0x34b0
DATA|009d0e94|2|word||.reloc|0x34c8
DATA|009d0e96|2|word||.reloc|0x3519
DATA|009d0e98|2|word||.reloc|0x3531
DATA|009d0e9a|2|word||.reloc|0x3543
DATA|009d0e9c|2|word||.reloc|0x3606
DATA|009d0e9e|2|word||.reloc|0x360a
DATA|009d0ea0|2|word||.reloc|0x3612
DATA|009d0ea2|2|word||.reloc|0x3616
DATA|009d0ea4|2|word||.reloc|0x361c
DATA|009d0ea6|2|word||.reloc|0x3620
DATA|009d0ea8|2|word||.reloc|0x3626
DATA|009d0eaa|2|word||.reloc|0x362a
DATA|009d0eac|2|word||.reloc|0x3630
DATA|009d0eae|2|word||.reloc|0x3634
DATA|009d0eb0|2|word||.reloc|0x363c
DATA|009d0eb2|2|word||.reloc|0x3640
DATA|009d0eb4|2|word||.reloc|0x3646
DATA|009d0eb6|2|word||.reloc|0x364a
DATA|009d0eb8|2|word||.reloc|0x3650
DATA|009d0eba|2|word||.reloc|0x3654
DATA|009d0ebc|2|word||.reloc|0x365a
DATA|009d0ebe|2|word||.reloc|0x365e
DATA|009d0ec0|2|word||.reloc|0x3664
DATA|009d0ec2|2|word||.reloc|0x3668
DATA|009d0ec4|2|word||.reloc|0x366e
DATA|009d0ec6|2|word||.reloc|0x3672
DATA|009d0ec8|2|word||.reloc|0x3678
DATA|009d0eca|2|word||.reloc|0x367c
DATA|009d0ecc|2|word||.reloc|0x3683
DATA|009d0ece|2|word||.reloc|0x3687
DATA|009d0ed0|2|word||.reloc|0x368d
DATA|009d0ed2|2|word||.reloc|0x3691
DATA|009d0ed4|2|word||.reloc|0x3697
DATA|009d0ed6|2|word||.reloc|0x369b
DATA|009d0ed8|2|word||.reloc|0x36a1
DATA|009d0eda|2|word||.reloc|0x36a5
DATA|009d0edc|2|word||.reloc|0x36ab
DATA|009d0ede|2|word||.reloc|0x36af
DATA|009d0ee0|2|word||.reloc|0x36b5
DATA|009d0ee2|2|word||.reloc|0x36b9
DATA|009d0ee4|2|word||.reloc|0x36bf
DATA|009d0ee6|2|word||.reloc|0x36c3
DATA|009d0ee8|2|word||.reloc|0x36f2
DATA|009d0eea|2|word||.reloc|0x36fb
DATA|009d0eec|2|word||.reloc|0x3722
DATA|009d0eee|2|word||.reloc|0x372b
DATA|009d0ef0|2|word||.reloc|0x3731
DATA|009d0ef2|2|word||.reloc|0x3736
DATA|009d0ef4|2|word||.reloc|0x3748
DATA|009d0ef6|2|word||.reloc|0x374d
DATA|009d0ef8|2|word||.reloc|0x3757
DATA|009d0efa|2|word||.reloc|0x375d
DATA|009d0efc|2|word||.reloc|0x3763
DATA|009d0efe|2|word||.reloc|0x3768
DATA|009d0f00|2|word||.reloc|0x376d
DATA|009d0f02|2|word||.reloc|0x3773
DATA|009d0f04|2|word||.reloc|0x3779
DATA|009d0f06|2|word||.reloc|0x377f
DATA|009d0f08|2|word||.reloc|0x3784
DATA|009d0f0a|2|word||.reloc|0x3790
DATA|009d0f0c|2|word||.reloc|0x3796
DATA|009d0f0e|2|word||.reloc|0x379c
DATA|009d0f10|2|word||.reloc|0x37a6
DATA|009d0f12|2|word||.reloc|0x37d4
DATA|009d0f14|2|word||.reloc|0x3800
DATA|009d0f16|2|word||.reloc|0x380f
DATA|009d0f18|2|word||.reloc|0x3814
DATA|009d0f1a|2|word||.reloc|0x381c
DATA|009d0f1c|2|word||.reloc|0x3835
DATA|009d0f1e|2|word||.reloc|0x383a
DATA|009d0f20|2|word||.reloc|0x384c
DATA|009d0f22|2|word||.reloc|0x3851
DATA|009d0f24|2|word||.reloc|0x3865
DATA|009d0f26|2|word||.reloc|0x387c
DATA|009d0f28|2|word||.reloc|0x3887
DATA|009d0f2a|2|word||.reloc|0x388d
DATA|009d0f2c|2|word||.reloc|0x3893
DATA|009d0f2e|2|word||.reloc|0x3898
DATA|009d0f30|2|word||.reloc|0x389d
DATA|009d0f32|2|word||.reloc|0x38a3
DATA|009d0f34|2|word||.reloc|0x38a9
DATA|009d0f36|2|word||.reloc|0x38b2
DATA|009d0f38|2|word||.reloc|0x38b7
DATA|009d0f3a|2|word||.reloc|0x38c0
DATA|009d0f3c|2|word||.reloc|0x38c7
DATA|009d0f3e|2|word||.reloc|0x38cd
DATA|009d0f40|2|word||.reloc|0x38d7
DATA|009d0f42|2|word||.reloc|0x38f9
DATA|009d0f44|2|word||.reloc|0x3905
DATA|009d0f46|2|word||.reloc|0x3913
DATA|009d0f48|2|word||.reloc|0x3919
DATA|009d0f4a|2|word||.reloc|0x3925
DATA|009d0f4c|2|word||.reloc|0x3936
DATA|009d0f4e|2|word||.reloc|0x3946
DATA|009d0f50|2|word||.reloc|0x3952
DATA|009d0f52|2|word||.reloc|0x3966
DATA|009d0f54|2|word||.reloc|0x396b
DATA|009d0f56|2|word||.reloc|0x3985
DATA|009d0f58|2|word||.reloc|0x39b9
DATA|009d0f5a|2|word||.reloc|0x39be
DATA|009d0f5c|2|word||.reloc|0x39c5
DATA|009d0f5e|2|word||.reloc|0x39ce
DATA|009d0f60|2|word||.reloc|0x39ee
DATA|009d0f62|2|word||.reloc|0x3a19
DATA|009d0f64|2|word||.reloc|0x3a27
DATA|009d0f66|2|word||.reloc|0x3a38
DATA|009d0f68|2|word||.reloc|0x3a48
DATA|009d0f6a|2|word||.reloc|0x3a58
DATA|009d0f6c|2|word||.reloc|0x3a5d
DATA|009d0f6e|2|word||.reloc|0x3a6d
DATA|009d0f70|2|word||.reloc|0x3a72
DATA|009d0f72|2|word||.reloc|0x3a82
DATA|009d0f74|2|word||.reloc|0x3a87
DATA|009d0f76|2|word||.reloc|0x3a97
DATA|009d0f78|2|word||.reloc|0x3aa8
DATA|009d0f7a|2|word||.reloc|0x3ac9
DATA|009d0f7c|2|word||.reloc|0x3ae4
DATA|009d0f7e|2|word||.reloc|0x3af2
DATA|009d0f80|2|word||.reloc|0x3afc
DATA|009d0f82|2|word||.reloc|0x3b02
DATA|009d0f84|2|word||.reloc|0x3b0f
DATA|009d0f86|2|word||.reloc|0x3b14
DATA|009d0f88|2|word||.reloc|0x3b1d
DATA|009d0f8a|2|word||.reloc|0x3b32
DATA|009d0f8c|2|word||.reloc|0x3b38
DATA|009d0f8e|2|word||.reloc|0x3b45
DATA|009d0f90|2|word||.reloc|0x3b9f
DATA|009d0f92|2|word||.reloc|0x3bac
DATA|009d0f94|2|word||.reloc|0x3bba
DATA|009d0f96|2|word||.reloc|0x3bc4
DATA|009d0f98|2|word||.reloc|0x3bd0
DATA|009d0f9a|2|word||.reloc|0x3bd6
DATA|009d0f9c|2|word||.reloc|0x3bf1
DATA|009d0f9e|2|word||.reloc|0x3c04
DATA|009d0fa0|2|word||.reloc|0x3c09
DATA|009d0fa2|2|word||.reloc|0x3c19
DATA|009d0fa4|2|word||.reloc|0x3c1e
DATA|009d0fa6|2|word||.reloc|0x3c2e
DATA|009d0fa8|2|word||.reloc|0x3c33
DATA|009d0faa|2|word||.reloc|0x3c43
DATA|009d0fac|2|word||.reloc|0x3c54
DATA|009d0fae|2|word||.reloc|0x3c65
DATA|009d0fb0|2|word||.reloc|0x3c83
DATA|009d0fb2|2|word||.reloc|0x3c88
DATA|009d0fb4|2|word||.reloc|0x3c8e
DATA|009d0fb6|2|word||.reloc|0x3caa
DATA|009d0fb8|2|word||.reloc|0x3cb9
DATA|009d0fba|2|word||.reloc|0x3cca
DATA|009d0fbc|2|word||.reloc|0x3cd0
DATA|009d0fbe|2|word||.reloc|0x3ce1
DATA|009d0fc0|2|word||.reloc|0x3cf8
DATA|009d0fc2|2|word||.reloc|0x3d0f
DATA|009d0fc4|2|word||.reloc|0x3d15
DATA|009d0fc6|2|word||.reloc|0x3d1d
DATA|009d0fc8|2|word||.reloc|0x3d31
DATA|009d0fca|2|word||.reloc|0x3d3c
DATA|009d0fcc|2|word||.reloc|0x3d42
DATA|009d0fce|2|word||.reloc|0x3d49
DATA|009d0fd0|2|word||.reloc|0x3d60
DATA|009d0fd2|2|word||.reloc|0x3d66
DATA|009d0fd4|2|word||.reloc|0x3d70
DATA|009d0fd6|2|word||.reloc|0x3d76
DATA|009d0fd8|2|word||.reloc|0x3dd2
DATA|009d0fda|2|word||.reloc|0x3e01
DATA|009d0fdc|2|word||.reloc|0x3e0f
DATA|009d0fde|2|word||.reloc|0x3e14
DATA|009d0fe0|2|word||.reloc|0x3e19
DATA|009d0fe2|2|word||.reloc|0x3e25
DATA|009d0fe4|2|word||.reloc|0x3e34
DATA|009d0fe6|2|word||.reloc|0x3e49
DATA|009d0fe8|2|word||.reloc|0x3e58
DATA|009d0fea|2|word||.reloc|0x3e67
DATA|009d0fec|2|word||.reloc|0x3e6d
DATA|009d0fee|2|word||.reloc|0x3e76
DATA|009d0ff0|2|word||.reloc|0x3e7f
DATA|009d0ff2|2|word||.reloc|0x3e95
DATA|009d0ff4|2|word||.reloc|0x3ea4
DATA|009d0ff6|2|word||.reloc|0x3ec1
DATA|009d0ff8|2|word||.reloc|0x3eda
DATA|009d0ffa|2|word||.reloc|0x3edf
DATA|009d0ffc|2|word||.reloc|0x3ef2
DATA|009d0ffe|2|word||.reloc|0x3f09
DATA|009d1000|2|word||.reloc|0x3f20
DATA|009d1002|2|word||.reloc|0x3f38
DATA|009d1004|2|word||.reloc|0x3f41
DATA|009d1006|2|word||.reloc|0x3f49
DATA|009d1008|2|word||.reloc|0x3f55
DATA|009d100a|2|word||.reloc|0x3f5f
DATA|009d100c|2|word||.reloc|0x3f67
DATA|009d100e|2|word||.reloc|0x3f70
DATA|009d1010|2|word||.reloc|0x3f79
DATA|009d1012|2|word||.reloc|0x3f81
DATA|009d1014|2|word||.reloc|0x3f8a
DATA|009d1016|2|word||.reloc|0x3f93
DATA|009d1018|2|word||.reloc|0x3f9e
DATA|009d101a|2|word||.reloc|0x3fa4
DATA|009d101c|2|word||.reloc|0x3faa
DATA|009d101e|2|word||.reloc|0x3fb4
DATA|009d1020|2|word||.reloc|0x3fba
DATA|009d1022|2|word||.reloc|0x3fc4
DATA|009d1024|2|word||.reloc|0x3fca
DATA|009d1026|2|word||.reloc|0x3fd3
DATA|009d1028|8|IMAGE_BASE_RELOCATION||.reloc|
DATA|009d1030|2|word||.reloc|0x3006
DATA|009d1032|2|word||.reloc|0x300e
DATA|009d1034|2|word||.reloc|0x301d
DATA|009d1036|2|word||.reloc|0x3026
DATA|009d1038|2|word||.reloc|0x3039
DATA|009d103a|2|word||.reloc|0x304f
DATA|009d103c|2|word||.reloc|0x3059
DATA|009d103e|2|word||.reloc|0x305e
DATA|009d1040|2|word||.reloc|0x3073
DATA|009d1042|2|word||.reloc|0x3079
DATA|009d1044|2|word||.reloc|0x307f
DATA|009d1046|2|word||.reloc|0x3085
DATA|009d1048|2|word||.reloc|0x308a
DATA|009d104a|2|word||.reloc|0x3091
DATA|009d104c|2|word||.reloc|0x30a5
DATA|009d104e|2|word||.reloc|0x30cd
DATA|009d1050|2|word||.reloc|0x30dd
DATA|009d1052|2|word||.reloc|0x30ea
DATA|009d1054|2|word||.reloc|0x30f6
DATA|009d1056|2|word||.reloc|0x3111
DATA|009d1058|2|word||.reloc|0x3124
DATA|009d105a|2|word||.reloc|0x3133
DATA|009d105c|2|word||.reloc|0x3138
DATA|009d105e|2|word||.reloc|0x313d
DATA|009d1060|2|word||.reloc|0x3149
DATA|009d1062|2|word||.reloc|0x3158
DATA|009d1064|2|word||.reloc|0x316d
DATA|009d1066|2|word||.reloc|0x317c
DATA|009d1068|2|word||.reloc|0x318b
DATA|009d106a|2|word||.reloc|0x3191
DATA|009d106c|2|word||.reloc|0x319a
DATA|009d106e|2|word||.reloc|0x31a4
DATA|009d1070|2|word||.reloc|0x3206
DATA|009d1072|2|word||.reloc|0x3213
DATA|009d1074|2|word||.reloc|0x3224
DATA|009d1076|2|word||.reloc|0x3229
DATA|009d1078|2|word||.reloc|0x323c
DATA|009d107a|2|word||.reloc|0x3250
DATA|009d107c|2|word||.reloc|0x325d
DATA|009d107e|2|word||.reloc|0x3274
DATA|009d1080|2|word||.reloc|0x327e
DATA|009d1082|2|word||.reloc|0x32b6
DATA|009d1084|2|word||.reloc|0x32c0
DATA|009d1086|2|word||.reloc|0x32ca
DATA|009d1088|2|word||.reloc|0x32d4
DATA|009d108a|2|word||.reloc|0x32e7
DATA|009d108c|2|word||.reloc|0x32ef
DATA|009d108e|2|word||.reloc|0x32f6
DATA|009d1090|2|word||.reloc|0x32fe
DATA|009d1092|2|word||.reloc|0x3314
DATA|009d1094|2|word||.reloc|0x3322
DATA|009d1096|2|word||.reloc|0x3327
DATA|009d1098|2|word||.reloc|0x3336
DATA|009d109a|2|word||.reloc|0x333b
DATA|009d109c|2|word||.reloc|0x335e
DATA|009d109e|2|word||.reloc|0x3369
DATA|009d10a0|2|word||.reloc|0x3388
DATA|009d10a2|2|word||.reloc|0x338d
DATA|009d10a4|2|word||.reloc|0x33a9
DATA|009d10a6|2|word||.reloc|0x33b1
DATA|009d10a8|2|word||.reloc|0x33ba
DATA|009d10aa|2|word||.reloc|0x33c2
DATA|009d10ac|2|word||.reloc|0x33ca
DATA|009d10ae|2|word||.reloc|0x33cf
DATA|009d10b0|2|word||.reloc|0x33d4
DATA|009d10b2|2|word||.reloc|0x33e1
DATA|009d10b4|2|word||.reloc|0x33ec
DATA|009d10b6|2|word||.reloc|0x33fb
DATA|009d10b8|2|word||.reloc|0x3400
DATA|009d10ba|2|word||.reloc|0x340b
DATA|009d10bc|2|word||.reloc|0x3421
DATA|009d10be|2|word||.reloc|0x3447
DATA|009d10c0|2|word||.reloc|0x344c
DATA|009d10c2|2|word||.reloc|0x345a
DATA|009d10c4|2|word||.reloc|0x345f
DATA|009d10c6|2|word||.reloc|0x3472
DATA|009d10c8|2|word||.reloc|0x3480
DATA|009d10ca|2|word||.reloc|0x3491
DATA|009d10cc|2|word||.reloc|0x34b9
DATA|009d10ce|2|word||.reloc|0x34cb
DATA|009d10d0|2|word||.reloc|0x358e
DATA|009d10d2|2|word||.reloc|0x35a9
DATA|009d10d4|2|word||.reloc|0x35ae
DATA|009d10d6|2|word||.reloc|0x35b8
DATA|009d10d8|2|word||.reloc|0x35c0
DATA|009d10da|2|word||.reloc|0x35c6
DATA|009d10dc|2|word||.reloc|0x364b
DATA|009d10de|2|word||.reloc|0x36d7
DATA|009d10e0|2|word||.reloc|0x36dc
DATA|009d10e2|2|word||.reloc|0x36e3
DATA|009d10e4|2|word||.reloc|0x36e8
DATA|009d10e6|2|word||.reloc|0x36ee
DATA|009d10e8|2|word||.reloc|0x36f4
DATA|009d10ea|2|word||.reloc|0x36f9
DATA|009d10ec|2|word||.reloc|0x36fe
DATA|009d10ee|2|word||.reloc|0x3703
DATA|009d10f0|2|word||.reloc|0x3709
DATA|009d10f2|2|word||.reloc|0x370f
DATA|009d10f4|2|word||.reloc|0x3715
DATA|009d10f6|2|word||.reloc|0x3719
DATA|009d10f8|2|word||.reloc|0x371f
DATA|009d10fa|2|word||.reloc|0x3723
DATA|009d10fc|2|word||.reloc|0x3729
DATA|009d10fe|2|word||.reloc|0x372e
DATA|009d1100|2|word||.reloc|0x3734
DATA|009d1102|2|word||.reloc|0x3738
DATA|009d1104|2|word||.reloc|0x373e
DATA|009d1106|2|word||.reloc|0x3742
DATA|009d1108|2|word||.reloc|0x3748
DATA|009d110a|2|word||.reloc|0x374c
DATA|009d110c|2|word||.reloc|0x3752
DATA|009d110e|2|word||.reloc|0x3758
DATA|009d1110|2|word||.reloc|0x375d
DATA|009d1112|2|word||.reloc|0x3763
DATA|009d1114|2|word||.reloc|0x3767
DATA|009d1116|2|word||.reloc|0x376d
DATA|009d1118|2|word||.reloc|0x3771
DATA|009d111a|2|word||.reloc|0x3777
DATA|009d111c|2|word||.reloc|0x377b
DATA|009d111e|2|word||.reloc|0x3781
DATA|009d1120|2|word||.reloc|0x3787
DATA|009d1122|2|word||.reloc|0x378c
DATA|009d1124|2|word||.reloc|0x37a4
DATA|009d1126|2|word||.reloc|0x37ac
DATA|009d1128|2|word||.reloc|0x37ba
DATA|009d112a|2|word||.reloc|0x37bf
DATA|009d112c|2|word||.reloc|0x37c5
DATA|009d112e|2|word||.reloc|0x37cf
DATA|009d1130|2|word||.reloc|0x3809
DATA|009d1132|2|word||.reloc|0x3825
DATA|009d1134|2|word||.reloc|0x382a
DATA|009d1136|2|word||.reloc|0x3830
DATA|009d1138|2|word||.reloc|0x3837
DATA|009d113a|2|word||.reloc|0x384f
DATA|009d113c|2|word||.reloc|0x3859
DATA|009d113e|2|word||.reloc|0x3867
DATA|009d1140|2|word||.reloc|0x38a3
DATA|009d1142|2|word||.reloc|0x38d6
DATA|009d1144|2|word||.reloc|0x38db
DATA|009d1146|2|word||.reloc|0x38e3
DATA|009d1148|2|word||.reloc|0x38f3
DATA|009d114a|2|word||.reloc|0x38f9
DATA|009d114c|2|word||.reloc|0x3906
DATA|009d114e|2|word||.reloc|0x390b
DATA|009d1150|2|word||.reloc|0x392b
DATA|009d1152|2|word||.reloc|0x393e
DATA|009d1154|2|word||.reloc|0x3950
DATA|009d1156|2|word||.reloc|0x395f
DATA|009d1158|2|word||.reloc|0x396c
DATA|009d115a|2|word||.reloc|0x3974
DATA|009d115c|2|word||.reloc|0x3981
DATA|009d115e|2|word||.reloc|0x398c
DATA|009d1160|2|word||.reloc|0x399b
DATA|009d1162|2|word||.reloc|0x39a8
DATA|009d1164|2|word||.reloc|0x39ae
DATA|009d1166|2|word||.reloc|0x39b7
DATA|009d1168|2|word||.reloc|0x39c6
DATA|009d116a|2|word||.reloc|0x39cc
DATA|009d116c|2|word||.reloc|0x39db
DATA|009d116e|2|word||.reloc|0x39f0
DATA|009d1170|2|word||.reloc|0x39f9
DATA|009d1172|2|word||.reloc|0x3a17
DATA|009d1174|2|word||.reloc|0x3a1d
DATA|009d1176|2|word||.reloc|0x3a35
DATA|009d1178|2|word||.reloc|0x3a3b
DATA|009d117a|2|word||.reloc|0x3a4c
DATA|009d117c|2|word||.reloc|0x3a5d
DATA|009d117e|2|word||.reloc|0x3a78
DATA|009d1180|2|word||.reloc|0x3a8b
DATA|009d1182|2|word||.reloc|0x3a9d
DATA|009d1184|2|word||.reloc|0x3aac
DATA|009d1186|2|word||.reloc|0x3ab9
DATA|009d1188|2|word||.reloc|0x3ac1
DATA|009d118a|2|word||.reloc|0x3ace
DATA|009d118c|2|word||.reloc|0x3ad9
DATA|009d118e|2|word||.reloc|0x3ae8
DATA|009d1190|2|word||.reloc|0x3af5
DATA|009d1192|2|word||.reloc|0x3afb
DATA|009d1194|2|word||.reloc|0x3b04
DATA|009d1196|2|word||.reloc|0x3b13
DATA|009d1198|2|word||.reloc|0x3b19
DATA|009d119a|2|word||.reloc|0x3b45
DATA|009d119c|2|word||.reloc|0x3b77
DATA|009d119e|2|word||.reloc|0x3b7d
DATA|009d11a0|2|word||.reloc|0x3b95
DATA|009d11a2|2|word||.reloc|0x3b9b
DATA|009d11a4|2|word||.reloc|0x3bac
DATA|009d11a6|2|word||.reloc|0x3bbd
DATA|009d11a8|2|word||.reloc|0x3bd8
DATA|009d11aa|2|word||.reloc|0x3beb
DATA|009d11ac|2|word||.reloc|0x3bfd
DATA|009d11ae|2|word||.reloc|0x3c0c
DATA|009d11b0|2|word||.reloc|0x3c19
DATA|009d11b2|2|word||.reloc|0x3c21
DATA|009d11b4|2|word||.reloc|0x3c2e
DATA|009d11b6|2|word||.reloc|0x3c39
DATA|009d11b8|2|word||.reloc|0x3c48
DATA|009d11ba|2|word||.reloc|0x3c55
DATA|009d11bc|2|word||.reloc|0x3c5b
DATA|009d11be|2|word||.reloc|0x3c64
DATA|009d11c0|2|word||.reloc|0x3c73
DATA|009d11c2|2|word||.reloc|0x3c79
DATA|009d11c4|2|word||.reloc|0x3c83
DATA|009d11c6|2|word||.reloc|0x3cab
DATA|009d11c8|2|word||.reloc|0x3cd7
DATA|009d11ca|2|word||.reloc|0x3cdd
DATA|009d11cc|2|word||.reloc|0x3cf5
DATA|009d11ce|2|word||.reloc|0x3cfb
DATA|009d11d0|2|word||.reloc|0x3d0c
DATA|009d11d2|2|word||.reloc|0x3d1d
DATA|009d11d4|2|word||.reloc|0x3d37
DATA|009d11d6|2|word||.reloc|0x3d4a
DATA|009d11d8|2|word||.reloc|0x3d5c
DATA|009d11da|2|word||.reloc|0x3d6b
DATA|009d11dc|2|word||.reloc|0x3d78
DATA|009d11de|2|word||.reloc|0x3d80
DATA|009d11e0|2|word||.reloc|0x3d8d
DATA|009d11e2|2|word||.reloc|0x3d98
DATA|009d11e4|2|word||.reloc|0x3da7
DATA|009d11e6|2|word||.reloc|0x3db4
DATA|009d11e8|2|word||.reloc|0x3dbf
DATA|009d11ea|2|word||.reloc|0x3dc9
DATA|009d11ec|2|word||.reloc|0x3dd2
DATA|009d11ee|2|word||.reloc|0x3ddc
DATA|009d11f0|2|word||.reloc|0x3de2
DATA|009d11f2|2|word||.reloc|0x3e0e
DATA|009d11f4|2|word||.reloc|0x3e47
DATA|009d11f6|2|word||.reloc|0x3e4d
DATA|009d11f8|2|word||.reloc|0x3e65
DATA|009d11fa|2|word||.reloc|0x3e6b
DATA|009d11fc|2|word||.reloc|0x3e7c
DATA|009d11fe|2|word||.reloc|0x3e8d
DATA|009d1200|2|word||.reloc|0x3ea7
DATA|009d1202|2|word||.reloc|0x3eba
DATA|009d1204|2|word||.reloc|0x3ecc
DATA|009d1206|2|word||.reloc|0x3edb
DATA|009d1208|2|word||.reloc|0x3ee8
DATA|009d120a|2|word||.reloc|0x3ef0
DATA|009d120c|2|word||.reloc|0x3efd
DATA|009d120e|2|word||.reloc|0x3f08
DATA|009d1210|2|word||.reloc|0x3f17
DATA|009d1212|2|word||.reloc|0x3f24
DATA|009d1214|2|word||.reloc|0x3f2f
DATA|009d1216|2|word||.reloc|0x3f39
DATA|009d1218|2|word||.reloc|0x3f42
DATA|009d121a|2|word||.reloc|0x3f48
DATA|009d121c|2|word||.reloc|0x3f58
DATA|009d121e|2|word||.reloc|0x3f82
DATA|009d1220|2|word||.reloc|0x3fb7
DATA|009d1222|2|word||.reloc|0x3fbd
DATA|009d1224|2|word||.reloc|0x3fd5
DATA|009d1226|2|word||.reloc|0x3fdb
DATA|009d1228|2|word||.reloc|0x3fec
DATA|009d122a|2|word||.reloc|0x3ffd
DATA|009d122c|8|IMAGE_BASE_RELOCATION||.reloc|
DATA|009d1234|2|word||.reloc|0x3017
DATA|009d1236|2|word||.reloc|0x302a
DATA|009d1238|2|word||.reloc|0x303c
DATA|009d123a|2|word||.reloc|0x304b
DATA|009d123c|2|word||.reloc|0x3058
DATA|009d123e|2|word||.reloc|0x3060
DATA|009d1240|2|word||.reloc|0x306d
DATA|009d1242|2|word||.reloc|0x3078
DATA|009d1244|2|word||.reloc|0x3087
DATA|009d1246|2|word||.reloc|0x3094
DATA|009d1248|2|word||.reloc|0x309f
DATA|009d124a|2|word||.reloc|0x30a9
DATA|009d124c|2|word||.reloc|0x30b2
DATA|009d124e|2|word||.reloc|0x30b8
DATA|009d1250|2|word||.reloc|0x30c7
DATA|009d1252|2|word||.reloc|0x30ce
DATA|009d1254|2|word||.reloc|0x30f8
DATA|009d1256|2|word||.reloc|0x3125
DATA|009d1258|2|word||.reloc|0x3168
DATA|009d125a|2|word||.reloc|0x31a7
DATA|009d125c|2|word||.reloc|0x31bb
DATA|009d125e|2|word||.reloc|0x31e5
DATA|009d1260|2|word||.reloc|0x3305
DATA|009d1262|2|word||.reloc|0x330b
DATA|009d1264|2|word||.reloc|0x3368
DATA|009d1266|2|word||.reloc|0x33e4
DATA|009d1268|2|word||.reloc|0x33ee
DATA|009d126a|2|word||.reloc|0x3435
DATA|009d126c|2|word||.reloc|0x3478
DATA|009d126e|2|word||.reloc|0x34b7
DATA|009d1270|2|word||.reloc|0x34cb
DATA|009d1272|2|word||.reloc|0x34f5
DATA|009d1274|2|word||.reloc|0x3615
DATA|009d1276|2|word||.reloc|0x361b
DATA|009d1278|2|word||.reloc|0x367c
DATA|009d127a|2|word||.reloc|0x36fc
DATA|009d127c|2|word||.reloc|0x3706
DATA|009d127e|2|word||.reloc|0x371a
DATA|009d1280|2|word||.reloc|0x3788
DATA|009d1282|2|word||.reloc|0x37c1
DATA|009d1284|2|word||.reloc|0x37ce
DATA|009d1286|2|word||.reloc|0x37f2
DATA|009d1288|2|word||.reloc|0x3801
DATA|009d128a|2|word||.reloc|0x380c
DATA|009d128c|2|word||.reloc|0x3814
DATA|009d128e|2|word||.reloc|0x381a
DATA|009d1290|2|word||.reloc|0x3823
DATA|009d1292|2|word||.reloc|0x382a
DATA|009d1294|2|word||.reloc|0x3830
DATA|009d1296|2|word||.reloc|0x3851
DATA|009d1298|2|word||.reloc|0x3857
DATA|009d129a|2|word||.reloc|0x385b
DATA|009d129c|2|word||.reloc|0x388a
DATA|009d129e|2|word||.reloc|0x3898
DATA|009d12a0|2|word||.reloc|0x38c3
DATA|009d12a2|2|word||.reloc|0x38c9
DATA|009d12a4|2|word||.reloc|0x38f0
DATA|009d12a6|2|word||.reloc|0x3933
DATA|009d12a8|2|word||.reloc|0x3939
DATA|009d12aa|2|word||.reloc|0x393f
DATA|009d12ac|2|word||.reloc|0x3968
DATA|009d12ae|2|word||.reloc|0x3a31
DATA|009d12b0|2|word||.reloc|0x3ad5
DATA|009d12b2|2|word||.reloc|0x3b09
DATA|009d12b4|2|word||.reloc|0x3b16
DATA|009d12b6|2|word||.reloc|0x3bd6
DATA|009d12b8|2|word||.reloc|0x3c02
DATA|009d12ba|2|word||.reloc|0x3c0f
DATA|009d12bc|2|word||.reloc|0x3d08
DATA|009d12be|2|word||.reloc|0x3d55
DATA|009d12c0|2|word||.reloc|0x3d6b
DATA|009d12c2|2|word||.reloc|0x3d71
DATA|009d12c4|2|word||.reloc|0x3d7f
DATA|009d12c6|2|word||.reloc|0x3d85
DATA|009d12c8|2|word||.reloc|0x3d95
DATA|009d12ca|2|word||.reloc|0x3d9b
DATA|009d12cc|2|word||.reloc|0x3da3
DATA|009d12ce|2|word||.reloc|0x3db3
DATA|009d12d0|2|word||.reloc|0x3db9
DATA|009d12d2|2|word||.reloc|0x3dc7
DATA|009d12d4|2|word||.reloc|0x3dcd
DATA|009d12d6|2|word||.reloc|0x3df9
DATA|009d12d8|2|word||.reloc|0x3e11
DATA|009d12da|2|word||.reloc|0x3e3d
DATA|009d12dc|2|word||.reloc|0x3e43
DATA|009d12de|2|word||.reloc|0x3e67
DATA|009d12e0|2|word||.reloc|0x3e73
DATA|009d12e2|2|word||.reloc|0x3e82
DATA|009d12e4|2|word||.reloc|0x3e88
DATA|009d12e6|2|word||.reloc|0x3e96
DATA|009d12e8|2|word||.reloc|0x3e9c
DATA|009d12ea|2|word||.reloc|0x3eac
DATA|009d12ec|2|word||.reloc|0x3eb2
DATA|009d12ee|2|word||.reloc|0x3eba
DATA|009d12f0|2|word||.reloc|0x3ecc
DATA|009d12f2|2|word||.reloc|0x3ed2
DATA|009d12f4|2|word||.reloc|0x3ee0
DATA|009d12f6|2|word||.reloc|0x3ee6
DATA|009d12f8|2|word||.reloc|0x3f11
DATA|009d12fa|2|word||.reloc|0x3f2c
DATA|009d12fc|2|word||.reloc|0x3f53
DATA|009d12fe|2|word||.reloc|0x3f58
DATA|009d1300|2|word||.reloc|0x3f6c
DATA|009d1302|2|word||.reloc|0x3f76
DATA|009d1304|2|word||.reloc|0x3f88
DATA|009d1306|2|word||.reloc|0x3fcd
DATA|009d1308|2|word||.reloc|0x3fdb
DATA|009d130a|2|word||.reloc|0x3ff9
DATA|009d130c|8|IMAGE_BASE_RELOCATION||.reloc|
DATA|009d1314|2|word||.reloc|0x3006
DATA|009d1316|2|word||.reloc|0x300b
DATA|009d1318|2|word||.reloc|0x301a
DATA|009d131a|2|word||.reloc|0x3041
DATA|009d131c|2|word||.reloc|0x3100
DATA|009d131e|2|word||.reloc|0x3114
DATA|009d1320|2|word||.reloc|0x3178
DATA|009d1322|2|word||.reloc|0x31d6
DATA|009d1324|2|word||.reloc|0x3247
DATA|009d1326|2|word||.reloc|0x3281
DATA|009d1328|2|word||.reloc|0x3286
DATA|009d132a|2|word||.reloc|0x3297
DATA|009d132c|2|word||.reloc|0x32bd
DATA|009d132e|2|word||.reloc|0x32ca
DATA|009d1330|2|word||.reloc|0x32db
DATA|009d1332|2|word||.reloc|0x32e8
DATA|009d1334|2|word||.reloc|0x32ed
DATA|009d1336|2|word||.reloc|0x32f4
DATA|009d1338|2|word||.reloc|0x32fa
DATA|009d133a|2|word||.reloc|0x3304
DATA|009d133c|2|word||.reloc|0x3310
DATA|009d133e|2|word||.reloc|0x331c
DATA|009d1340|2|word||.reloc|0x3335
DATA|009d1342|2|word||.reloc|0x3343
DATA|009d1344|2|word||.reloc|0x3366
DATA|009d1346|2|word||.reloc|0x336b
DATA|009d1348|2|word||.reloc|0x3378
DATA|009d134a|2|word||.reloc|0x3382
DATA|009d134c|2|word||.reloc|0x3387
DATA|009d134e|2|word||.reloc|0x33ae
DATA|009d1350|2|word||.reloc|0x33cd
DATA|009d1352|2|word||.reloc|0x33d2
DATA|009d1354|2|word||.reloc|0x33e5
DATA|009d1356|2|word||.reloc|0x3412
DATA|009d1358|2|word||.reloc|0x3417
DATA|009d135a|2|word||.reloc|0x342a
DATA|009d135c|2|word||.reloc|0x343a
DATA|009d135e|2|word||.reloc|0x344f
DATA|009d1360|2|word||.reloc|0x3454
DATA|009d1362|2|word||.reloc|0x3459
DATA|009d1364|2|word||.reloc|0x346d
DATA|009d1366|2|word||.reloc|0x3490
DATA|009d1368|2|word||.reloc|0x3511
DATA|009d136a|2|word||.reloc|0x3521
DATA|009d136c|2|word||.reloc|0x3548
DATA|009d136e|2|word||.reloc|0x3573
DATA|009d1370|2|word||.reloc|0x35a2
DATA|009d1372|2|word||.reloc|0x35ac
DATA|009d1374|2|word||.reloc|0x35c1
DATA|009d1376|2|word||.reloc|0x35ca
DATA|009d1378|2|word||.reloc|0x35d3
DATA|009d137a|2|word||.reloc|0x35e1
DATA|009d137c|2|word||.reloc|0x35f2
DATA|009d137e|2|word||.reloc|0x35fb
DATA|009d1380|2|word||.reloc|0x3622
DATA|009d1382|2|word||.reloc|0x3631
DATA|009d1384|2|word||.reloc|0x3645
DATA|009d1386|2|word||.reloc|0x364d
DATA|009d1388|2|word||.reloc|0x3658
DATA|009d138a|2|word||.reloc|0x365d
DATA|009d138c|2|word||.reloc|0x3667
DATA|009d138e|2|word||.reloc|0x3673
DATA|009d1390|2|word||.reloc|0x3680
DATA|009d1392|2|word||.reloc|0x368c
DATA|009d1394|2|word||.reloc|0x36a7
DATA|009d1396|2|word||.reloc|0x36b3
DATA|009d1398|2|word||.reloc|0x36ba
DATA|009d139a|2|word||.reloc|0x36c4
DATA|009d139c|2|word||.reloc|0x36d2
DATA|009d139e|2|word||.reloc|0x36dd
DATA|009d13a0|2|word||.reloc|0x36ec
DATA|009d13a2|2|word||.reloc|0x36fe
DATA|009d13a4|2|word||.reloc|0x3704
DATA|009d13a6|2|word||.reloc|0x3722
DATA|009d13a8|2|word||.reloc|0x3737
DATA|009d13aa|2|word||.reloc|0x3742
DATA|009d13ac|2|word||.reloc|0x3750
DATA|009d13ae|2|word||.reloc|0x375b
DATA|009d13b0|2|word||.reloc|0x376a
DATA|009d13b2|2|word||.reloc|0x377c
DATA|009d13b4|2|word||.reloc|0x3782
DATA|009d13b6|2|word||.reloc|0x37a5
DATA|009d13b8|2|word||.reloc|0x37ba
DATA|009d13ba|2|word||.reloc|0x37cc
DATA|009d13bc|2|word||.reloc|0x37d2
DATA|009d13be|2|word||.reloc|0x37f5
DATA|009d13c0|2|word||.reloc|0x3806
DATA|009d13c2|2|word||.reloc|0x3818
DATA|009d13c4|2|word||.reloc|0x3822
DATA|009d13c6|2|word||.reloc|0x3828
DATA|009d13c8|2|word||.reloc|0x3844
DATA|009d13ca|2|word||.reloc|0x384a
DATA|009d13cc|2|word||.reloc|0x3851
DATA|009d13ce|2|word||.reloc|0x3868
DATA|009d13d0|2|word||.reloc|0x3872
DATA|009d13d2|2|word||.reloc|0x3879
DATA|009d13d4|2|word||.reloc|0x3899
DATA|009d13d6|2|word||.reloc|0x38a1
DATA|009d13d8|2|word||.reloc|0x38a6
DATA|009d13da|2|word||.reloc|0x38b4
DATA|009d13dc|2|word||.reloc|0x38c0
DATA|009d13de|2|word||.reloc|0x38da
DATA|009d13e0|2|word||.reloc|0x38e3
DATA|009d13e2|2|word||.reloc|0x38ed
DATA|009d13e4|2|word||.reloc|0x38f3
DATA|009d13e6|2|word||.reloc|0x3901
DATA|009d13e8|2|word||.reloc|0x3912
DATA|009d13ea|2|word||.reloc|0x3920
DATA|009d13ec|2|word||.reloc|0x3926
DATA|009d13ee|2|word||.reloc|0x3935
DATA|009d13f0|2|word||.reloc|0x3959
DATA|009d13f2|2|word||.reloc|0x3965
DATA|009d13f4|2|word||.reloc|0x396e
DATA|009d13f6|2|word||.reloc|0x3976
DATA|009d13f8|2|word||.reloc|0x397f
DATA|009d13fa|2|word||.reloc|0x3989
DATA|009d13fc|2|word||.reloc|0x3993
DATA|009d13fe|2|word||.reloc|0x399c
DATA|009d1400|2|word||.reloc|0x39a2
DATA|009d1402|2|word||.reloc|0x39a7
DATA|009d1404|2|word||.reloc|0x39b8
DATA|009d1406|2|word||.reloc|0x39be
DATA|009d1408|2|word||.reloc|0x39c8
DATA|009d140a|2|word||.reloc|0x39d4
DATA|009d140c|2|word||.reloc|0x39e9
DATA|009d140e|2|word||.reloc|0x3a01
DATA|009d1410|2|word||.reloc|0x3a14
DATA|009d1412|2|word||.reloc|0x3a1c
DATA|009d1414|2|word||.reloc|0x3a29
DATA|009d1416|2|word||.reloc|0x3a35
DATA|009d1418|2|word||.reloc|0x3a3c
DATA|009d141a|2|word||.reloc|0x3a46
DATA|009d141c|2|word||.reloc|0x3a5c
DATA|009d141e|2|word||.reloc|0x3a6c
DATA|009d1420|2|word||.reloc|0x3a71
DATA|009d1422|2|word||.reloc|0x3a7c
DATA|009d1424|2|word||.reloc|0x3a8b
DATA|009d1426|2|word||.reloc|0x3a95
DATA|009d1428|2|word||.reloc|0x3a9d
DATA|009d142a|2|word||.reloc|0x3aa5
DATA|009d142c|2|word||.reloc|0x3aab
DATA|009d142e|2|word||.reloc|0x3ab7
DATA|009d1430|2|word||.reloc|0x3abd
DATA|009d1432|2|word||.reloc|0x3ad2
DATA|009d1434|2|word||.reloc|0x3ad8
DATA|009d1436|2|word||.reloc|0x3aea
DATA|009d1438|2|word||.reloc|0x3b40
DATA|009d143a|2|word||.reloc|0x3ba0
DATA|009d143c|2|word||.reloc|0x3baa
DATA|009d143e|2|word||.reloc|0x3bc0
DATA|009d1440|2|word||.reloc|0x3bd0
DATA|009d1442|2|word||.reloc|0x3bd5
DATA|009d1444|2|word||.reloc|0x3be0
DATA|009d1446|2|word||.reloc|0x3bef
DATA|009d1448|2|word||.reloc|0x3bf9
DATA|009d144a|2|word||.reloc|0x3c01
DATA|009d144c|2|word||.reloc|0x3c09
DATA|009d144e|2|word||.reloc|0x3c0f
DATA|009d1450|2|word||.reloc|0x3c15
DATA|009d1452|2|word||.reloc|0x3c1a
DATA|009d1454|2|word||.reloc|0x3c20
DATA|009d1456|2|word||.reloc|0x3c25
DATA|009d1458|2|word||.reloc|0x3c2a
DATA|009d145a|2|word||.reloc|0x3c30
DATA|009d145c|2|word||.reloc|0x3c3e
DATA|009d145e|2|word||.reloc|0x3c4e
DATA|009d1460|2|word||.reloc|0x3c58
DATA|009d1462|2|word||.reloc|0x3c6e
DATA|009d1464|2|word||.reloc|0x3c7e
DATA|009d1466|2|word||.reloc|0x3c83
DATA|009d1468|2|word||.reloc|0x3c8e
DATA|009d146a|2|word||.reloc|0x3c9d
DATA|009d146c|2|word||.reloc|0x3ca7
DATA|009d146e|2|word||.reloc|0x3caf
DATA|009d1470|2|word||.reloc|0x3cb7
DATA|009d1472|2|word||.reloc|0x3cbd
DATA|009d1474|2|word||.reloc|0x3cc3
DATA|009d1476|2|word||.reloc|0x3cd8
DATA|009d1478|2|word||.reloc|0x3ce0
DATA|009d147a|2|word||.reloc|0x3ce7
DATA|009d147c|2|word||.reloc|0x3cf4
DATA|009d147e|2|word||.reloc|0x3cff
DATA|009d1480|2|word||.reloc|0x3d19
DATA|009d1482|2|word||.reloc|0x3d27
DATA|009d1484|2|word||.reloc|0x3d33
DATA|009d1486|2|word||.reloc|0x3d42
DATA|009d1488|2|word||.reloc|0x3d4c
DATA|009d148a|2|word||.reloc|0x3d54
DATA|009d148c|2|word||.reloc|0x3d5c
DATA|009d148e|2|word||.reloc|0x3d62
DATA|009d1490|2|word||.reloc|0x3d72
DATA|009d1492|2|word||.reloc|0x3d7b
DATA|009d1494|2|word||.reloc|0x3d99
DATA|009d1496|2|word||.reloc|0x3da1
DATA|009d1498|2|word||.reloc|0x3dac
DATA|009d149a|2|word||.reloc|0x3dc2
DATA|009d149c|2|word||.reloc|0x3dcc
DATA|009d149e|2|word||.reloc|0x3de2
DATA|009d14a0|2|word||.reloc|0x3df4
DATA|009d14a2|2|word||.reloc|0x3df9
DATA|009d14a4|2|word||.reloc|0x3e04
DATA|009d14a6|2|word||.reloc|0x3e13
DATA|009d14a8|2|word||.reloc|0x3e1d
DATA|009d14aa|2|word||.reloc|0x3e25
DATA|009d14ac|2|word||.reloc|0x3e2d
DATA|009d14ae|2|word||.reloc|0x3e33
DATA|009d14b0|2|word||.reloc|0x3e44
DATA|009d14b2|2|word||.reloc|0x3e51
DATA|009d14b4|2|word||.reloc|0x3e6d
DATA|009d14b6|2|word||.reloc|0x3e76
DATA|009d14b8|2|word||.reloc|0x3e7f
DATA|009d14ba|2|word||.reloc|0x3e8a
DATA|009d14bc|2|word||.reloc|0x3e93
DATA|009d14be|2|word||.reloc|0x3e9d
DATA|009d14c0|2|word||.reloc|0x3ea3
DATA|009d14c2|2|word||.reloc|0x3eb9
DATA|009d14c4|2|word||.reloc|0x3ed1
DATA|009d14c6|2|word||.reloc|0x3ee6
DATA|009d14c8|2|word||.reloc|0x3f25
DATA|009d14ca|2|word||.reloc|0x3f48
DATA|009d14cc|2|word||.reloc|0x3f4e
DATA|009d14ce|2|word||.reloc|0x3f55
DATA|009d14d0|2|word||.reloc|0x3f5b
DATA|009d14d2|2|word||.reloc|0x3f89
DATA|009d14d4|2|word||.reloc|0x3f91
DATA|009d14d6|2|word||.reloc|0x3f99
DATA|009d14d8|2|word||.reloc|0x3fc1
DATA|009d14da|2|word||.reloc|0x3fc8
DATA|009d14dc|2|word||.reloc|0x3fe2
DATA|009d14de|2|word||.reloc|0x3fea
DATA|009d14e0|8|IMAGE_BASE_RELOCATION||.reloc|
DATA|009d14e8|2|word||.reloc|0x3015
DATA|009d14ea|2|word||.reloc|0x301c
DATA|009d14ec|2|word||.reloc|0x3031
DATA|009d14ee|2|word||.reloc|0x3047
DATA|009d14f0|2|word||.reloc|0x3052
DATA|009d14f2|2|word||.reloc|0x3071
DATA|009d14f4|2|word||.reloc|0x3087
DATA|009d14f6|2|word||.reloc|0x3092
DATA|009d14f8|2|word||.reloc|0x30b6
DATA|009d14fa|2|word||.reloc|0x30bf
DATA|009d14fc|2|word||.reloc|0x30c8
DATA|009d14fe|2|word||.reloc|0x30e1
DATA|009d1500|2|word||.reloc|0x3112
DATA|009d1502|2|word||.reloc|0x311e
DATA|009d1504|2|word||.reloc|0x312d
DATA|009d1506|2|word||.reloc|0x3138
DATA|009d1508|2|word||.reloc|0x313f
DATA|009d150a|2|word||.reloc|0x3149
DATA|009d150c|2|word||.reloc|0x315f
DATA|009d150e|2|word||.reloc|0x3171
DATA|009d1510|2|word||.reloc|0x3177
DATA|009d1512|2|word||.reloc|0x3182
DATA|009d1514|2|word||.reloc|0x3192
DATA|009d1516|2|word||.reloc|0x319c
DATA|009d1518|2|word||.reloc|0x31a5
DATA|009d151a|2|word||.reloc|0x31ae
DATA|009d151c|2|word||.reloc|0x31b4
DATA|009d151e|2|word||.reloc|0x31ba
DATA|009d1520|2|word||.reloc|0x31c2
DATA|009d1522|2|word||.reloc|0x31ca
DATA|009d1524|2|word||.reloc|0x31d3
DATA|009d1526|2|word||.reloc|0x31e1
DATA|009d1528|2|word||.reloc|0x31f1
DATA|009d152a|2|word||.reloc|0x3204
DATA|009d152c|2|word||.reloc|0x321d
DATA|009d152e|2|word||.reloc|0x3231
DATA|009d1530|2|word||.reloc|0x324e
DATA|009d1532|2|word||.reloc|0x3256
DATA|009d1534|2|word||.reloc|0x325d
DATA|009d1536|2|word||.reloc|0x3262
DATA|009d1538|2|word||.reloc|0x3267
DATA|009d153a|2|word||.reloc|0x326d
DATA|009d153c|2|word||.reloc|0x3281
DATA|009d153e|2|word||.reloc|0x328b
DATA|009d1540|2|word||.reloc|0x32b1
DATA|009d1542|2|word||.reloc|0x32c8
DATA|009d1544|2|word||.reloc|0x32d4
DATA|009d1546|2|word||.reloc|0x32f3
DATA|009d1548|2|word||.reloc|0x32f8
DATA|009d154a|2|word||.reloc|0x3305
DATA|009d154c|2|word||.reloc|0x3323
DATA|009d154e|2|word||.reloc|0x3335
DATA|009d1550|2|word||.reloc|0x3358
DATA|009d1552|2|word||.reloc|0x335e
DATA|009d1554|2|word||.reloc|0x336e
DATA|009d1556|2|word||.reloc|0x3380
DATA|009d1558|2|word||.reloc|0x3389
DATA|009d155a|2|word||.reloc|0x33a3
DATA|009d155c|2|word||.reloc|0x33b1
DATA|009d155e|2|word||.reloc|0x33bf
DATA|009d1560|2|word||.reloc|0x33c5
DATA|009d1562|2|word||.reloc|0x33cb
DATA|009d1564|2|word||.reloc|0x33d0
DATA|009d1566|2|word||.reloc|0x33de
DATA|009d1568|2|word||.reloc|0x33fd
DATA|009d156a|2|word||.reloc|0x3409
DATA|009d156c|2|word||.reloc|0x3417
DATA|009d156e|2|word||.reloc|0x341d
DATA|009d1570|2|word||.reloc|0x3430
DATA|009d1572|2|word||.reloc|0x343b
DATA|009d1574|2|word||.reloc|0x3449
DATA|009d1576|2|word||.reloc|0x3460
DATA|009d1578|2|word||.reloc|0x346b
DATA|009d157a|2|word||.reloc|0x3478
DATA|009d157c|2|word||.reloc|0x348e
DATA|009d157e|2|word||.reloc|0x34a1
DATA|009d1580|2|word||.reloc|0x34ab
DATA|009d1582|2|word||.reloc|0x34b1
DATA|009d1584|2|word||.reloc|0x34cb
DATA|009d1586|2|word||.reloc|0x34d6
DATA|009d1588|2|word||.reloc|0x34f4
DATA|009d158a|2|word||.reloc|0x3501
DATA|009d158c|2|word||.reloc|0x350c
DATA|009d158e|2|word||.reloc|0x3525
DATA|009d1590|2|word||.reloc|0x3536
DATA|009d1592|2|word||.reloc|0x353c
DATA|009d1594|2|word||.reloc|0x3542
DATA|009d1596|2|word||.reloc|0x3547
DATA|009d1598|2|word||.reloc|0x3551
DATA|009d159a|2|word||.reloc|0x3570
DATA|009d159c|2|word||.reloc|0x357c
DATA|009d159e|2|word||.reloc|0x358a
DATA|009d15a0|2|word||.reloc|0x3590
DATA|009d15a2|2|word||.reloc|0x359f
DATA|009d15a4|2|word||.reloc|0x35a5
DATA|009d15a6|2|word||.reloc|0x35b8
DATA|009d15a8|2|word||.reloc|0x35d0
DATA|009d15aa|2|word||.reloc|0x35da
DATA|009d15ac|2|word||.reloc|0x35e0
DATA|009d15ae|2|word||.reloc|0x35fa
DATA|009d15b0|2|word||.reloc|0x3605
DATA|009d15b2|2|word||.reloc|0x3617
DATA|009d15b4|2|word||.reloc|0x369d
DATA|009d15b6|2|word||.reloc|0x370c
DATA|009d15b8|2|word||.reloc|0x371a
DATA|009d15ba|2|word||.reloc|0x37d8
DATA|009d15bc|2|word||.reloc|0x38bb
DATA|009d15be|2|word||.reloc|0x38c5
DATA|009d15c0|2|word||.reloc|0x38db
DATA|009d15c2|2|word||.reloc|0x38eb
DATA|009d15c4|2|word||.reloc|0x38f0
DATA|009d15c6|2|word||.reloc|0x38fb
DATA|009d15c8|2|word||.reloc|0x390a
DATA|009d15ca|2|word||.reloc|0x3914
DATA|009d15cc|2|word||.reloc|0x391c
DATA|009d15ce|2|word||.reloc|0x3924
DATA|009d15d0|2|word||.reloc|0x392a
DATA|009d15d2|2|word||.reloc|0x3930
DATA|009d15d4|2|word||.reloc|0x3951
DATA|009d15d6|2|word||.reloc|0x3985
DATA|009d15d8|2|word||.reloc|0x3a22
DATA|009d15da|2|word||.reloc|0x3b37
DATA|009d15dc|2|word||.reloc|0x3c12
DATA|009d15de|2|word||.reloc|0x3c86
DATA|009d15e0|2|word||.reloc|0x3db7
DATA|009d15e2|2|word||.reloc|0x3dc7
DATA|009d15e4|2|word||.reloc|0x3dd0
DATA|009d15e6|2|word||.reloc|0x3dda
DATA|009d15e8|2|word||.reloc|0x3df2
DATA|009d15ea|2|word||.reloc|0x3dff
DATA|009d15ec|2|word||.reloc|0x3e0d
DATA|009d15ee|2|word||.reloc|0x3e21
DATA|009d15f0|2|word||.reloc|0x3e37
DATA|009d15f2|2|word||.reloc|0x3e5c
DATA|009d15f4|2|word||.reloc|0x3e7e
DATA|009d15f6|2|word||.reloc|0x3e96
DATA|009d15f8|2|word||.reloc|0x3ea6
DATA|009d15fa|2|word||.reloc|0x3ec3
DATA|009d15fc|2|word||.reloc|0x3ecd
DATA|009d15fe|2|word||.reloc|0x3ef8
DATA|009d1600|2|word||.reloc|0x3eff
DATA|009d1602|2|word||.reloc|0x3f06
DATA|009d1604|2|word||.reloc|0x3f22
DATA|009d1606|2|word||.reloc|0x3f29
DATA|009d1608|2|word||.reloc|0x3f46
DATA|009d160a|2|word||.reloc|0x3fc7
DATA|009d160c|2|word||.reloc|0x3ff5
DATA|009d160e|2|word||.reloc|0x0
DATA|009d1610|8|IMAGE_BASE_RELOCATION||.reloc|
DATA|009d1618|2|word||.reloc|0x3024
DATA|009d161a|2|word||.reloc|0x304e
DATA|009d161c|2|word||.reloc|0x3058
DATA|009d161e|2|word||.reloc|0x306a
DATA|009d1620|2|word||.reloc|0x3070
DATA|009d1622|2|word||.reloc|0x30ed
DATA|009d1624|2|word||.reloc|0x310b
DATA|009d1626|2|word||.reloc|0x3134
DATA|009d1628|2|word||.reloc|0x3159
DATA|009d162a|2|word||.reloc|0x3175
DATA|009d162c|2|word||.reloc|0x317b
DATA|009d162e|2|word||.reloc|0x3184
DATA|009d1630|2|word||.reloc|0x318e
DATA|009d1632|2|word||.reloc|0x319b
DATA|009d1634|2|word||.reloc|0x31ab
DATA|009d1636|2|word||.reloc|0x31c5
DATA|009d1638|2|word||.reloc|0x31d9
DATA|009d163a|2|word||.reloc|0x3204
DATA|009d163c|2|word||.reloc|0x3213
DATA|009d163e|2|word||.reloc|0x323c
DATA|009d1640|2|word||.reloc|0x3242
DATA|009d1642|2|word||.reloc|0x324e
DATA|009d1644|2|word||.reloc|0x3260
DATA|009d1646|2|word||.reloc|0x3269
DATA|009d1648|2|word||.reloc|0x3279
DATA|009d164a|2|word||.reloc|0x32ad
DATA|009d164c|2|word||.reloc|0x32c0
DATA|009d164e|2|word||.reloc|0x3314
DATA|009d1650|2|word||.reloc|0x337a
DATA|009d1652|2|word||.reloc|0x33bc
DATA|009d1654|2|word||.reloc|0x33f6
DATA|009d1656|2|word||.reloc|0x3426
DATA|009d1658|2|word||.reloc|0x343a
DATA|009d165a|2|word||.reloc|0x3455
DATA|009d165c|2|word||.reloc|0x3469
DATA|009d165e|2|word||.reloc|0x3477
DATA|009d1660|2|word||.reloc|0x3491
DATA|009d1662|2|word||.reloc|0x349f
DATA|009d1664|2|word||.reloc|0x34f3
DATA|009d1666|2|word||.reloc|0x3503
DATA|009d1668|2|word||.reloc|0x3511
DATA|009d166a|2|word||.reloc|0x351e
DATA|009d166c|2|word||.reloc|0x352e
DATA|009d166e|2|word||.reloc|0x3537
DATA|009d1670|2|word||.reloc|0x3555
DATA|009d1672|2|word||.reloc|0x3562
DATA|009d1674|2|word||.reloc|0x356d
DATA|009d1676|2|word||.reloc|0x3584
DATA|009d1678|2|word||.reloc|0x35a2
DATA|009d167a|2|word||.reloc|0x35b2
DATA|009d167c|2|word||.reloc|0x35c1
DATA|009d167e|2|word||.reloc|0x35d8
DATA|009d1680|2|word||.reloc|0x3625
DATA|009d1682|2|word||.reloc|0x3693
DATA|009d1684|2|word||.reloc|0x3699
DATA|009d1686|2|word||.reloc|0x369f
DATA|009d1688|2|word||.reloc|0x36d6
DATA|009d168a|2|word||.reloc|0x36db
DATA|009d168c|2|word||.reloc|0x36e1
DATA|009d168e|2|word||.reloc|0x36eb
DATA|009d1690|2|word||.reloc|0x37f1
DATA|009d1692|2|word||.reloc|0x380c
DATA|009d1694|2|word||.reloc|0x385d
DATA|009d1696|2|word||.reloc|0x3875
DATA|009d1698|2|word||.reloc|0x38d8
DATA|009d169a|2|word||.reloc|0x38e3
DATA|009d169c|2|word||.reloc|0x38e9
DATA|009d169e|2|word||.reloc|0x38ee
DATA|009d16a0|2|word||.reloc|0x38f4
DATA|009d16a2|2|word||.reloc|0x3902
DATA|009d16a4|2|word||.reloc|0x3907
DATA|009d16a6|2|word||.reloc|0x390c
DATA|009d16a8|2|word||.reloc|0x3912
DATA|009d16aa|2|word||.reloc|0x3919
DATA|009d16ac|2|word||.reloc|0x3926
DATA|009d16ae|2|word||.reloc|0x392f
DATA|009d16b0|2|word||.reloc|0x393e
DATA|009d16b2|2|word||.reloc|0x394c
DATA|009d16b4|2|word||.reloc|0x3963
DATA|009d16b6|2|word||.reloc|0x397d
DATA|009d16b8|2|word||.reloc|0x3986
DATA|009d16ba|2|word||.reloc|0x398f
DATA|009d16bc|2|word||.reloc|0x39a6
DATA|009d16be|2|word||.reloc|0x39bb
DATA|009d16c0|2|word||.reloc|0x39c9
DATA|009d16c2|2|word||.reloc|0x39d2
DATA|009d16c4|2|word||.reloc|0x39da
DATA|009d16c6|2|word||.reloc|0x39e3
DATA|009d16c8|2|word||.reloc|0x39eb
DATA|009d16ca|2|word||.reloc|0x39f4
DATA|009d16cc|2|word||.reloc|0x39fc
DATA|009d16ce|2|word||.reloc|0x3a05
DATA|009d16d0|2|word||.reloc|0x3a0d
DATA|009d16d2|2|word||.reloc|0x3a16
DATA|009d16d4|2|word||.reloc|0x3a1e
DATA|009d16d6|2|word||.reloc|0x3a27
DATA|009d16d8|2|word||.reloc|0x3a2f
DATA|009d16da|2|word||.reloc|0x3a3a
DATA|009d16dc|2|word||.reloc|0x3a42
DATA|009d16de|2|word||.reloc|0x3a4b
DATA|009d16e0|2|word||.reloc|0x3a53
DATA|009d16e2|2|word||.reloc|0x3a5c
DATA|009d16e4|2|word||.reloc|0x3a64
DATA|009d16e6|2|word||.reloc|0x3a6f
DATA|009d16e8|2|word||.reloc|0x3a89
DATA|009d16ea|2|word||.reloc|0x3a90
DATA|009d16ec|2|word||.reloc|0x3ab1
DATA|009d16ee|2|word||.reloc|0x3ac5
DATA|009d16f0|2|word||.reloc|0x3acf
DATA|009d16f2|2|word||.reloc|0x3ad5
DATA|009d16f4|2|word||.reloc|0x3ae1
DATA|009d16f6|2|word||.reloc|0x3af4
DATA|009d16f8|2|word||.reloc|0x3afb
DATA|009d16fa|2|word||.reloc|0x3b10
DATA|009d16fc|2|word||.reloc|0x3b21
DATA|009d16fe|2|word||.reloc|0x3b2d
DATA|009d1700|2|word||.reloc|0x3b33
DATA|009d1702|2|word||.reloc|0x3b3e
DATA|009d1704|2|word||.reloc|0x3b49
DATA|009d1706|2|word||.reloc|0x3b68
DATA|009d1708|2|word||.reloc|0x3b74
DATA|009d170a|2|word||.reloc|0x3b82
DATA|009d170c|2|word||.reloc|0x3b91
DATA|009d170e|2|word||.reloc|0x3b9a
DATA|009d1710|2|word||.reloc|0x3b9f
DATA|009d1712|2|word||.reloc|0x3baf
DATA|009d1714|2|word||.reloc|0x3bbe
DATA|009d1716|2|word||.reloc|0x3bc5
DATA|009d1718|2|word||.reloc|0x3bd8
DATA|009d171a|2|word||.reloc|0x3beb
DATA|009d171c|2|word||.reloc|0x3bf4
DATA|009d171e|2|word||.reloc|0x3bf9
DATA|009d1720|2|word||.reloc|0x3c05
DATA|009d1722|2|word||.reloc|0x3c0b
DATA|009d1724|2|word||.reloc|0x3c19
DATA|009d1726|2|word||.reloc|0x3c1f
DATA|009d1728|2|word||.reloc|0x3c27
DATA|009d172a|2|word||.reloc|0x3c53
DATA|009d172c|2|word||.reloc|0x3c6b
DATA|009d172e|2|word||.reloc|0x3c8c
DATA|009d1730|2|word||.reloc|0x3c92
DATA|009d1732|2|word||.reloc|0x3c9d
DATA|009d1734|2|word||.reloc|0x3ca3
DATA|009d1736|2|word||.reloc|0x3ca8
DATA|009d1738|2|word||.reloc|0x3cae
DATA|009d173a|2|word||.reloc|0x3cbc
DATA|009d173c|2|word||.reloc|0x3cc1
DATA|009d173e|2|word||.reloc|0x3cc9
DATA|009d1740|2|word||.reloc|0x3cda
DATA|009d1742|2|word||.reloc|0x3ce9
DATA|009d1744|2|word||.reloc|0x3cf2
DATA|009d1746|2|word||.reloc|0x3d02
DATA|009d1748|2|word||.reloc|0x3d09
DATA|009d174a|2|word||.reloc|0x3d12
DATA|009d174c|2|word||.reloc|0x3d28
DATA|009d174e|2|word||.reloc|0x3d37
DATA|009d1750|2|word||.reloc|0x3d3f
DATA|009d1752|2|word||.reloc|0x3d48
DATA|009d1754|2|word||.reloc|0x3d5e
DATA|009d1756|2|word||.reloc|0x3d6d
DATA|009d1758|2|word||.reloc|0x3d77
DATA|009d175a|2|word||.reloc|0x3d80
DATA|009d175c|2|word||.reloc|0x3d88
DATA|009d175e|2|word||.reloc|0x3d91
DATA|009d1760|2|word||.reloc|0x3d99
DATA|009d1762|2|word||.reloc|0x3da2
DATA|009d1764|2|word||.reloc|0x3daa
DATA|009d1766|2|word||.reloc|0x3db3
DATA|009d1768|2|word||.reloc|0x3dbb
DATA|009d176a|2|word||.reloc|0x3dc4
DATA|009d176c|2|word||.reloc|0x3dcc
DATA|009d176e|2|word||.reloc|0x3dd5
DATA|009d1770|2|word||.reloc|0x3de3
DATA|009d1772|2|word||.reloc|0x3dec
DATA|009d1774|2|word||.reloc|0x3df6
DATA|009d1776|2|word||.reloc|0x3dff
DATA|009d1778|2|word||.reloc|0x3e07
DATA|009d177a|2|word||.reloc|0x3e13
DATA|009d177c|2|word||.reloc|0x3e20
DATA|009d177e|2|word||.reloc|0x3e33
DATA|009d1780|2|word||.reloc|0x3e40
DATA|009d1782|2|word||.reloc|0x3e4b
DATA|009d1784|2|word||.reloc|0x3e50
DATA|009d1786|2|word||.reloc|0x3e5b
DATA|009d1788|2|word||.reloc|0x3e6c
DATA|009d178a|2|word||.reloc|0x3e79
DATA|009d178c|2|word||.reloc|0x3e8c
DATA|009d178e|2|word||.reloc|0x3e99
DATA|009d1790|2|word||.reloc|0x3ea3
DATA|009d1792|2|word||.reloc|0x3ea9
DATA|009d1794|2|word||.reloc|0x3eb4
DATA|009d1796|2|word||.reloc|0x3ec1
DATA|009d1798|2|word||.reloc|0x3ece
DATA|009d179a|2|word||.reloc|0x3edd
DATA|009d179c|2|word||.reloc|0x3eec
DATA|009d179e|2|word||.reloc|0x3ef7
DATA|009d17a0|2|word||.reloc|0x3efc
DATA|009d17a2|2|word||.reloc|0x3f0c
DATA|009d17a4|2|word||.reloc|0x3f21
DATA|009d17a6|2|word||.reloc|0x3f28
DATA|009d17a8|2|word||.reloc|0x3f3b
DATA|009d17aa|2|word||.reloc|0x3f4e
DATA|009d17ac|2|word||.reloc|0x3f59
DATA|009d17ae|2|word||.reloc|0x3f5e
DATA|009d17b0|2|word||.reloc|0x3f6a
DATA|009d17b2|2|word||.reloc|0x3f75
DATA|009d17b4|2|word||.reloc|0x3f7b
DATA|009d17b6|2|word||.reloc|0x3f85
DATA|009d17b8|2|word||.reloc|0x3fcc
DATA|009d17ba|2|word||.reloc|0x0
DATA|009d17bc|8|IMAGE_BASE_RELOCATION||.reloc|
DATA|009d17c4|2|word||.reloc|0x301e
DATA|009d17c6|2|word||.reloc|0x303c
DATA|009d17c8|2|word||.reloc|0x30ae
DATA|009d17ca|2|word||.reloc|0x30b9
DATA|009d17cc|2|word||.reloc|0x30bf
DATA|009d17ce|2|word||.reloc|0x30c4
DATA|009d17d0|2|word||.reloc|0x30ca
DATA|009d17d2|2|word||.reloc|0x30d7
DATA|009d17d4|2|word||.reloc|0x30dc
DATA|009d17d6|2|word||.reloc|0x30e2
DATA|009d17d8|2|word||.reloc|0x30e7
DATA|009d17da|2|word||.reloc|0x30ed
DATA|009d17dc|2|word||.reloc|0x30fa
DATA|009d17de|2|word||.reloc|0x3108
DATA|009d17e0|2|word||.reloc|0x310f
DATA|009d17e2|2|word||.reloc|0x3117
DATA|009d17e4|2|word||.reloc|0x3120
DATA|009d17e6|2|word||.reloc|0x3129
DATA|009d17e8|2|word||.reloc|0x3131
DATA|009d17ea|2|word||.reloc|0x314f
DATA|009d17ec|2|word||.reloc|0x3163
DATA|009d17ee|2|word||.reloc|0x3170
DATA|009d17f0|2|word||.reloc|0x317e
DATA|009d17f2|2|word||.reloc|0x31a2
DATA|009d17f4|2|word||.reloc|0x31af
DATA|009d17f6|2|word||.reloc|0x31bd
DATA|009d17f8|2|word||.reloc|0x31c5
DATA|009d17fa|2|word||.reloc|0x31d4
DATA|009d17fc|2|word||.reloc|0x31e1
DATA|009d17fe|2|word||.reloc|0x31ed
DATA|009d1800|2|word||.reloc|0x31f2
DATA|009d1802|2|word||.reloc|0x31f7
DATA|009d1804|2|word||.reloc|0x3214
DATA|009d1806|2|word||.reloc|0x321b
DATA|009d1808|2|word||.reloc|0x3227
DATA|009d180a|2|word||.reloc|0x3233
DATA|009d180c|2|word||.reloc|0x323b
DATA|009d180e|2|word||.reloc|0x3241
DATA|009d1810|2|word||.reloc|0x324a
DATA|009d1812|2|word||.reloc|0x325b
DATA|009d1814|2|word||.reloc|0x3268
DATA|009d1816|2|word||.reloc|0x3274
DATA|009d1818|2|word||.reloc|0x3280
DATA|009d181a|2|word||.reloc|0x3289
DATA|009d181c|2|word||.reloc|0x328e
DATA|009d181e|2|word||.reloc|0x329a
DATA|009d1820|2|word||.reloc|0x329f
DATA|009d1822|2|word||.reloc|0x32b6
DATA|009d1824|2|word||.reloc|0x32c3
DATA|009d1826|2|word||.reloc|0x32cf
DATA|009d1828|2|word||.reloc|0x32dc
DATA|009d182a|2|word||.reloc|0x32e7
DATA|009d182c|2|word||.reloc|0x32ec
DATA|009d182e|2|word||.reloc|0x32f8
DATA|009d1830|2|word||.reloc|0x3309
DATA|009d1832|2|word||.reloc|0x3316
DATA|009d1834|2|word||.reloc|0x3322
DATA|009d1836|2|word||.reloc|0x332f
DATA|009d1838|2|word||.reloc|0x3338
DATA|009d183a|2|word||.reloc|0x3340
DATA|009d183c|2|word||.reloc|0x3348
DATA|009d183e|2|word||.reloc|0x334e
DATA|009d1840|2|word||.reloc|0x3361
DATA|009d1842|2|word||.reloc|0x3368
DATA|009d1844|2|word||.reloc|0x3373
DATA|009d1846|2|word||.reloc|0x3379
DATA|009d1848|2|word||.reloc|0x338e
DATA|009d184a|2|word||.reloc|0x3395
DATA|009d184c|2|word||.reloc|0x33a0
DATA|009d184e|2|word||.reloc|0x33a6
DATA|009d1850|2|word||.reloc|0x33bb
DATA|009d1852|2|word||.reloc|0x33c2
DATA|009d1854|2|word||.reloc|0x33cd
DATA|009d1856|2|word||.reloc|0x33d3
DATA|009d1858|2|word||.reloc|0x33e8
DATA|009d185a|2|word||.reloc|0x33ef
DATA|009d185c|2|word||.reloc|0x33fa
DATA|009d185e|2|word||.reloc|0x3400
DATA|009d1860|2|word||.reloc|0x3414
DATA|009d1862|2|word||.reloc|0x3419
DATA|009d1864|2|word||.reloc|0x342f
DATA|009d1866|2|word||.reloc|0x3434
DATA|009d1868|2|word||.reloc|0x3440
DATA|009d186a|2|word||.reloc|0x3449
DATA|009d186c|2|word||.reloc|0x349f
DATA|009d186e|2|word||.reloc|0x34b3
DATA|009d1870|2|word||.reloc|0x34d7
DATA|009d1872|2|word||.reloc|0x34e2
DATA|009d1874|2|word||.reloc|0x34e9
DATA|009d1876|2|word||.reloc|0x34ef
DATA|009d1878|2|word||.reloc|0x34f5
DATA|009d187a|2|word||.reloc|0x3503
DATA|009d187c|2|word||.reloc|0x3509
DATA|009d187e|2|word||.reloc|0x350f
DATA|009d1880|2|word||.reloc|0x3515
DATA|009d1882|2|word||.reloc|0x351b
DATA|009d1884|2|word||.reloc|0x3528
DATA|009d1886|2|word||.reloc|0x3537
DATA|009d1888|2|word||.reloc|0x353e
DATA|009d188a|2|word||.reloc|0x3547
DATA|009d188c|2|word||.reloc|0x354e
DATA|009d188e|2|word||.reloc|0x3554
DATA|009d1890|2|word||.reloc|0x3566
DATA|009d1892|2|word||.reloc|0x3573
DATA|009d1894|2|word||.reloc|0x3589
DATA|009d1896|2|word||.reloc|0x3598
DATA|009d1898|2|word||.reloc|0x35a1
DATA|009d189a|2|word||.reloc|0x35aa
DATA|009d189c|2|word||.reloc|0x35c0
DATA|009d189e|2|word||.reloc|0x35cf
DATA|009d18a0|2|word||.reloc|0x35e6
DATA|009d18a2|2|word||.reloc|0x3605
DATA|009d18a4|2|word||.reloc|0x361b
DATA|009d18a6|2|word||.reloc|0x3629
DATA|009d18a8|2|word||.reloc|0x3639
DATA|009d18aa|2|word||.reloc|0x3651
DATA|009d18ac|2|word||.reloc|0x365d
DATA|009d18ae|2|word||.reloc|0x3666
DATA|009d18b0|2|word||.reloc|0x366c
DATA|009d18b2|2|word||.reloc|0x367b
DATA|009d18b4|2|word||.reloc|0x368a
DATA|009d18b6|2|word||.reloc|0x369a
DATA|009d18b8|2|word||.reloc|0x36b2
DATA|009d18ba|2|word||.reloc|0x36ba
DATA|009d18bc|2|word||.reloc|0x36c3
DATA|009d18be|2|word||.reloc|0x36c9
DATA|009d18c0|2|word||.reloc|0x36d4
DATA|009d18c2|2|word||.reloc|0x36e3
DATA|009d18c4|2|word||.reloc|0x36f3
DATA|009d18c6|2|word||.reloc|0x36fc
DATA|009d18c8|2|word||.reloc|0x3709
DATA|009d18ca|2|word||.reloc|0x3712
DATA|009d18cc|2|word||.reloc|0x3718
DATA|009d18ce|2|word||.reloc|0x3723
DATA|009d18d0|2|word||.reloc|0x3732
DATA|009d18d2|2|word||.reloc|0x3742
DATA|009d18d4|2|word||.reloc|0x374b
DATA|009d18d6|2|word||.reloc|0x3758
DATA|009d18d8|2|word||.reloc|0x3761
DATA|009d18da|2|word||.reloc|0x3767
DATA|009d18dc|2|word||.reloc|0x3772
DATA|009d18de|2|word||.reloc|0x3778
DATA|009d18e0|2|word||.reloc|0x3789
DATA|009d18e2|2|word||.reloc|0x3792
DATA|009d18e4|2|word||.reloc|0x379f
DATA|009d18e6|2|word||.reloc|0x37a5
DATA|009d18e8|2|word||.reloc|0x37b8
DATA|009d18ea|2|word||.reloc|0x37c1
DATA|009d18ec|2|word||.reloc|0x37ce
DATA|009d18ee|2|word||.reloc|0x37d4
DATA|009d18f0|2|word||.reloc|0x37e7
DATA|009d18f2|2|word||.reloc|0x37f0
DATA|009d18f4|2|word||.reloc|0x37fd
DATA|009d18f6|2|word||.reloc|0x3803
DATA|009d18f8|2|word||.reloc|0x3816
DATA|009d18fa|2|word||.reloc|0x381f
DATA|009d18fc|2|word||.reloc|0x382d
DATA|009d18fe|2|word||.reloc|0x3833
DATA|009d1900|2|word||.reloc|0x384b
DATA|009d1902|2|word||.reloc|0x3851
DATA|009d1904|2|word||.reloc|0x386a
DATA|009d1906|2|word||.reloc|0x387e
DATA|009d1908|2|word||.reloc|0x3885
DATA|009d190a|2|word||.reloc|0x388e
DATA|009d190c|2|word||.reloc|0x38ae
DATA|009d190e|2|word||.reloc|0x38f6
DATA|009d1910|2|word||.reloc|0x3967
DATA|009d1912|2|word||.reloc|0x397d
DATA|009d1914|2|word||.reloc|0x3982
DATA|009d1916|2|word||.reloc|0x39a8
DATA|009d1918|2|word||.reloc|0x39bd
DATA|009d191a|2|word||.reloc|0x39cf
DATA|009d191c|2|word||.reloc|0x39f7
DATA|009d191e|2|word||.reloc|0x3a18
DATA|009d1920|2|word||.reloc|0x3a1d
DATA|009d1922|2|word||.reloc|0x3a28
DATA|009d1924|2|word||.reloc|0x3a37
DATA|009d1926|2|word||.reloc|0x3a47
DATA|009d1928|2|word||.reloc|0x3a54
DATA|009d192a|2|word||.reloc|0x3a5d
DATA|009d192c|2|word||.reloc|0x3a77
DATA|009d192e|2|word||.reloc|0x3a7f
DATA|009d1930|2|word||.reloc|0x3ac6
DATA|009d1932|2|word||.reloc|0x3ad8
DATA|009d1934|2|word||.reloc|0x3aea
DATA|009d1936|2|word||.reloc|0x3af9
DATA|009d1938|2|word||.reloc|0x3b21
DATA|009d193a|2|word||.reloc|0x3b68
DATA|009d193c|2|word||.reloc|0x3b7e
DATA|009d193e|2|word||.reloc|0x3b87
DATA|009d1940|2|word||.reloc|0x3b90
DATA|009d1942|2|word||.reloc|0x3bc1
DATA|009d1944|2|word||.reloc|0x3bda
DATA|009d1946|2|word||.reloc|0x3be1
DATA|009d1948|2|word||.reloc|0x3cdc
DATA|009d194a|2|word||.reloc|0x3ce0
DATA|009d194c|2|word||.reloc|0x3ce4
DATA|009d194e|2|word||.reloc|0x3ce8
DATA|009d1950|2|word||.reloc|0x3cec
DATA|009d1952|2|word||.reloc|0x3d2b
DATA|009d1954|2|word||.reloc|0x3d54
DATA|009d1956|2|word||.reloc|0x3d8a
DATA|009d1958|2|word||.reloc|0x3d8e
DATA|009d195a|2|word||.reloc|0x3d93
DATA|009d195c|2|word||.reloc|0x3da5
DATA|009d195e|2|word||.reloc|0x3db4
DATA|009d1960|2|word||.reloc|0x3dc7
DATA|009d1962|2|word||.reloc|0x3dde
DATA|009d1964|2|word||.reloc|0x3dec
DATA|009d1966|2|word||.reloc|0x3df5
DATA|009d1968|2|word||.reloc|0x3e05
DATA|009d196a|2|word||.reloc|0x3e15
DATA|009d196c|2|word||.reloc|0x3e1b
DATA|009d196e|2|word||.reloc|0x3e34
DATA|009d1970|2|word||.reloc|0x3e3d
DATA|009d1972|2|word||.reloc|0x3e46
DATA|009d1974|2|word||.reloc|0x3e9a
DATA|009d1976|2|word||.reloc|0x3ea6
DATA|009d1978|2|word||.reloc|0x3eb4
DATA|009d197a|2|word||.reloc|0x3ec2
DATA|009d197c|2|word||.reloc|0x3ee0
DATA|009d197e|2|word||.reloc|0x3ee8
DATA|009d1980|2|word||.reloc|0x3ef2
DATA|009d1982|2|word||.reloc|0x3f4a
DATA|009d1984|2|word||.reloc|0x3f6a
DATA|009d1986|2|word||.reloc|0x3f78
DATA|009d1988|2|word||.reloc|0x3f84
DATA|009d198a|2|word||.reloc|0x3f9b
DATA|009d198c|2|word||.reloc|0x3fb4
DATA|009d198e|2|word||.reloc|0x3fbd
DATA|009d1990|2|word||.reloc|0x3fc7
DATA|009d1992|2|word||.reloc|0x0
DATA|009d1994|8|IMAGE_BASE_RELOCATION||.reloc|
DATA|009d199c|2|word||.reloc|0x301c
DATA|009d199e|2|word||.reloc|0x3028
DATA|009d19a0|2|word||.reloc|0x3036
DATA|009d19a2|2|word||.reloc|0x3040
DATA|009d19a4|2|word||.reloc|0x3049
DATA|009d19a6|2|word||.reloc|0x3052
DATA|009d19a8|2|word||.reloc|0x305c
DATA|009d19aa|2|word||.reloc|0x3065
DATA|009d19ac|2|word||.reloc|0x306e
DATA|009d19ae|2|word||.reloc|0x3078
DATA|009d19b0|2|word||.reloc|0x3081
DATA|009d19b2|2|word||.reloc|0x308b
DATA|009d19b4|2|word||.reloc|0x3093
DATA|009d19b6|2|word||.reloc|0x309c
DATA|009d19b8|2|word||.reloc|0x30a5
DATA|009d19ba|2|word||.reloc|0x30af
DATA|009d19bc|2|word||.reloc|0x30b8
DATA|009d19be|2|word||.reloc|0x30c1
DATA|009d19c0|2|word||.reloc|0x30d2
DATA|009d19c2|2|word||.reloc|0x30e2
DATA|009d19c4|2|word||.reloc|0x30fa
DATA|009d19c6|2|word||.reloc|0x311d
DATA|009d19c8|2|word||.reloc|0x312f
DATA|009d19ca|2|word||.reloc|0x3140
DATA|009d19cc|2|word||.reloc|0x314b
DATA|009d19ce|2|word||.reloc|0x315e
DATA|009d19d0|2|word||.reloc|0x3174
DATA|009d19d2|2|word||.reloc|0x3185
DATA|009d19d4|2|word||.reloc|0x3190
DATA|009d19d6|2|word||.reloc|0x31bc
DATA|009d19d8|2|word||.reloc|0x31ca
DATA|009d19da|2|word||.reloc|0x31d8
DATA|009d19dc|2|word||.reloc|0x31e6
DATA|009d19de|2|word||.reloc|0x31f4
DATA|009d19e0|2|word||.reloc|0x3202
DATA|009d19e2|2|word||.reloc|0x3211
DATA|009d19e4|2|word||.reloc|0x321b
DATA|009d19e6|2|word||.reloc|0x3228
DATA|009d19e8|2|word||.reloc|0x323a
DATA|009d19ea|2|word||.reloc|0x324b
DATA|009d19ec|2|word||.reloc|0x3256
DATA|009d19ee|2|word||.reloc|0x3271
DATA|009d19f0|2|word||.reloc|0x3283
DATA|009d19f2|2|word||.reloc|0x3294
DATA|009d19f4|2|word||.reloc|0x329f
DATA|009d19f6|2|word||.reloc|0x32b2
DATA|009d19f8|2|word||.reloc|0x32c4
DATA|009d19fa|2|word||.reloc|0x32d5
DATA|009d19fc|2|word||.reloc|0x32e0
DATA|009d19fe|2|word||.reloc|0x32f0
DATA|009d1a00|2|word||.reloc|0x32f5
DATA|009d1a02|2|word||.reloc|0x32fb
DATA|009d1a04|2|word||.reloc|0x3316
DATA|009d1a06|2|word||.reloc|0x3324
DATA|009d1a08|2|word||.reloc|0x332d
DATA|009d1a0a|2|word||.reloc|0x3333
DATA|009d1a0c|2|word||.reloc|0x3342
DATA|009d1a0e|2|word||.reloc|0x3347
DATA|009d1a10|2|word||.reloc|0x3351
DATA|009d1a12|2|word||.reloc|0x3358
DATA|009d1a14|2|word||.reloc|0x338e
DATA|009d1a16|2|word||.reloc|0x3398
DATA|009d1a18|2|word||.reloc|0x33a4
DATA|009d1a1a|2|word||.reloc|0x33b7
DATA|009d1a1c|2|word||.reloc|0x33c9
DATA|009d1a1e|2|word||.reloc|0x33d2
DATA|009d1a20|2|word||.reloc|0x3425
DATA|009d1a22|2|word||.reloc|0x3444
DATA|009d1a24|2|word||.reloc|0x344a
DATA|009d1a26|2|word||.reloc|0x3458
DATA|009d1a28|2|word||.reloc|0x3460
DATA|009d1a2a|2|word||.reloc|0x3465
DATA|009d1a2c|2|word||.reloc|0x346a
DATA|009d1a2e|2|word||.reloc|0x346f
DATA|009d1a30|2|word||.reloc|0x3475
DATA|009d1a32|2|word||.reloc|0x347e
DATA|009d1a34|2|word||.reloc|0x3484
DATA|009d1a36|2|word||.reloc|0x348a
DATA|009d1a38|2|word||.reloc|0x3496
DATA|009d1a3a|2|word||.reloc|0x34ac
DATA|009d1a3c|2|word||.reloc|0x34b9
DATA|009d1a3e|2|word||.reloc|0x34bf
DATA|009d1a40|2|word||.reloc|0x34d8
DATA|009d1a42|2|word||.reloc|0x34df
DATA|009d1a44|2|word||.reloc|0x34e7
DATA|009d1a46|2|word||.reloc|0x34ed
DATA|009d1a48|2|word||.reloc|0x34f2
DATA|009d1a4a|2|word||.reloc|0x34f7
DATA|009d1a4c|2|word||.reloc|0x34fc
DATA|009d1a4e|2|word||.reloc|0x3502
DATA|009d1a50|2|word||.reloc|0x3509
DATA|009d1a52|2|word||.reloc|0x3510
DATA|009d1a54|2|word||.reloc|0x3518
DATA|009d1a56|2|word||.reloc|0x351e
DATA|009d1a58|2|word||.reloc|0x3524
DATA|009d1a5a|2|word||.reloc|0x3529
DATA|009d1a5c|2|word||.reloc|0x352e
DATA|009d1a5e|2|word||.reloc|0x3534
DATA|009d1a60|2|word||.reloc|0x353c
DATA|009d1a62|2|word||.reloc|0x3542
DATA|009d1a64|2|word||.reloc|0x3548
DATA|009d1a66|2|word||.reloc|0x354d
DATA|009d1a68|2|word||.reloc|0x3552
DATA|009d1a6a|2|word||.reloc|0x3558
DATA|009d1a6c|2|word||.reloc|0x355e
DATA|009d1a6e|2|word||.reloc|0x3564
DATA|009d1a70|2|word||.reloc|0x3629
DATA|009d1a72|2|word||.reloc|0x3635
DATA|009d1a74|2|word||.reloc|0x36dd
DATA|009d1a76|2|word||.reloc|0x36e9
DATA|009d1a78|2|word||.reloc|0x3724
DATA|009d1a7a|2|word||.reloc|0x3728
DATA|009d1a7c|2|word||.reloc|0x372c
DATA|009d1a7e|2|word||.reloc|0x3730
DATA|009d1a80|2|word||.reloc|0x3734
DATA|009d1a82|2|word||.reloc|0x3738
DATA|009d1a84|2|word||.reloc|0x373c
DATA|009d1a86|2|word||.reloc|0x3740
DATA|009d1a88|2|word||.reloc|0x3744
DATA|009d1a8a|2|word||.reloc|0x3748
DATA|009d1a8c|2|word||.reloc|0x378b
DATA|009d1a8e|2|word||.reloc|0x3793
DATA|009d1a90|2|word||.reloc|0x37bb
DATA|009d1a92|2|word||.reloc|0x37e7
DATA|009d1a94|2|word||.reloc|0x37eb
DATA|009d1a96|2|word||.reloc|0x37f4
DATA|009d1a98|2|word||.reloc|0x3804
DATA|009d1a9a|2|word||.reloc|0x3812
DATA|009d1a9c|2|word||.reloc|0x3824
DATA|009d1a9e|2|word||.reloc|0x3839
DATA|009d1aa0|2|word||.reloc|0x383f
DATA|009d1aa2|2|word||.reloc|0x384c
DATA|009d1aa4|2|word||.reloc|0x3855
DATA|009d1aa6|2|word||.reloc|0x385e
DATA|009d1aa8|2|word||.reloc|0x3868
DATA|009d1aaa|2|word||.reloc|0x386f
DATA|009d1aac|2|word||.reloc|0x387a
DATA|009d1aae|2|word||.reloc|0x3882
DATA|009d1ab0|2|word||.reloc|0x388d
DATA|009d1ab2|2|word||.reloc|0x3895
DATA|009d1ab4|2|word||.reloc|0x389f
DATA|009d1ab6|2|word||.reloc|0x38a6
DATA|009d1ab8|2|word||.reloc|0x38b1
DATA|009d1aba|2|word||.reloc|0x38b9
DATA|009d1abc|2|word||.reloc|0x38c4
DATA|009d1abe|2|word||.reloc|0x38cc
DATA|009d1ac0|2|word||.reloc|0x38d8
DATA|009d1ac2|2|word||.reloc|0x38e3
DATA|009d1ac4|2|word||.reloc|0x38f5
DATA|009d1ac6|2|word||.reloc|0x38ff
DATA|009d1ac8|2|word||.reloc|0x3906
DATA|009d1aca|2|word||.reloc|0x393c
DATA|009d1acc|2|word||.reloc|0x3945
DATA|009d1ace|2|word||.reloc|0x3955
DATA|009d1ad0|2|word||.reloc|0x3995
DATA|009d1ad2|2|word||.reloc|0x399f
DATA|009d1ad4|2|word||.reloc|0x39a5
DATA|009d1ad6|2|word||.reloc|0x39b6
DATA|009d1ad8|2|word||.reloc|0x39c3
DATA|009d1ada|2|word||.reloc|0x39ca
DATA|009d1adc|2|word||.reloc|0x39e4
DATA|009d1ade|2|word||.reloc|0x39eb
DATA|009d1ae0|2|word||.reloc|0x39f3
DATA|009d1ae2|2|word||.reloc|0x39f9
DATA|009d1ae4|2|word||.reloc|0x39fe
DATA|009d1ae6|2|word||.reloc|0x3a03
DATA|009d1ae8|2|word||.reloc|0x3a08
DATA|009d1aea|2|word||.reloc|0x3a0e
DATA|009d1aec|2|word||.reloc|0x3a15
DATA|009d1aee|2|word||.reloc|0x3a1c
DATA|009d1af0|2|word||.reloc|0x3a24
DATA|009d1af2|2|word||.reloc|0x3a2a
DATA|009d1af4|2|word||.reloc|0x3a30
DATA|009d1af6|2|word||.reloc|0x3a35
DATA|009d1af8|2|word||.reloc|0x3a3a
DATA|009d1afa|2|word||.reloc|0x3a40
DATA|009d1afc|2|word||.reloc|0x3a48
DATA|009d1afe|2|word||.reloc|0x3a4e
DATA|009d1b00|2|word||.reloc|0x3a54
DATA|009d1b02|2|word||.reloc|0x3a59
DATA|009d1b04|2|word||.reloc|0x3a5e
DATA|009d1b06|2|word||.reloc|0x3a64
DATA|009d1b08|2|word||.reloc|0x3a6a
DATA|009d1b0a|2|word||.reloc|0x3a70
DATA|009d1b0c|2|word||.reloc|0x3b34
DATA|009d1b0e|2|word||.reloc|0x3b40
DATA|009d1b10|2|word||.reloc|0x3bee
DATA|009d1b12|2|word||.reloc|0x3bfb
DATA|009d1b14|2|word||.reloc|0x3c40
DATA|009d1b16|2|word||.reloc|0x3c44
DATA|009d1b18|2|word||.reloc|0x3c48
DATA|009d1b1a|2|word||.reloc|0x3c4c
DATA|009d1b1c|2|word||.reloc|0x3c50
DATA|009d1b1e|2|word||.reloc|0x3d50
DATA|009d1b20|2|word||.reloc|0x3d5a
DATA|009d1b22|2|word||.reloc|0x3d63
DATA|009d1b24|2|word||.reloc|0x3d6d
DATA|009d1b26|2|word||.reloc|0x3dcb
DATA|009d1b28|2|word||.reloc|0x3dd6
DATA|009d1b2a|2|word||.reloc|0x3de0
DATA|009d1b2c|2|word||.reloc|0x3de9
DATA|009d1b2e|2|word||.reloc|0x3e39
DATA|009d1b30|2|word||.reloc|0x3e95
DATA|009d1b32|2|word||.reloc|0x0
DATA|009d1b34|8|IMAGE_BASE_RELOCATION||.reloc|
DATA|009d1b3c|2|word||.reloc|0x301a
DATA|009d1b3e|2|word||.reloc|0x3023
DATA|009d1b40|2|word||.reloc|0x302d
DATA|009d1b42|2|word||.reloc|0x3037
DATA|009d1b44|2|word||.reloc|0x3051
DATA|009d1b46|2|word||.reloc|0x307e
DATA|009d1b48|2|word||.reloc|0x3084
DATA|009d1b4a|2|word||.reloc|0x3089
DATA|009d1b4c|2|word||.reloc|0x308e
DATA|009d1b4e|2|word||.reloc|0x3094
DATA|009d1b50|2|word||.reloc|0x309a
DATA|009d1b52|2|word||.reloc|0x30a0
DATA|009d1b54|2|word||.reloc|0x30a6
DATA|009d1b56|2|word||.reloc|0x30bb
DATA|009d1b58|2|word||.reloc|0x30d0
DATA|009d1b5a|2|word||.reloc|0x30e5
DATA|009d1b5c|2|word||.reloc|0x30f0
DATA|009d1b5e|2|word||.reloc|0x30fd
DATA|009d1b60|2|word||.reloc|0x3114
DATA|009d1b62|2|word||.reloc|0x3128
DATA|009d1b64|2|word||.reloc|0x313c
DATA|009d1b66|2|word||.reloc|0x3153
DATA|009d1b68|2|word||.reloc|0x316a
DATA|009d1b6a|2|word||.reloc|0x3181
DATA|009d1b6c|2|word||.reloc|0x3198
DATA|009d1b6e|2|word||.reloc|0x31af
DATA|009d1b70|2|word||.reloc|0x31c6
DATA|009d1b72|2|word||.reloc|0x31dd
DATA|009d1b74|2|word||.reloc|0x31f4
DATA|009d1b76|2|word||.reloc|0x320b
DATA|009d1b78|2|word||.reloc|0x3235
DATA|009d1b7a|2|word||.reloc|0x323e
DATA|009d1b7c|2|word||.reloc|0x324b
DATA|009d1b7e|2|word||.reloc|0x3257
DATA|009d1b80|2|word||.reloc|0x326e
DATA|009d1b82|2|word||.reloc|0x3274
DATA|009d1b84|2|word||.reloc|0x327a
DATA|009d1b86|2|word||.reloc|0x3284
DATA|009d1b88|2|word||.reloc|0x328a
DATA|009d1b8a|2|word||.reloc|0x3290
DATA|009d1b8c|2|word||.reloc|0x329d
DATA|009d1b8e|2|word||.reloc|0x32a3
DATA|009d1b90|2|word||.reloc|0x32b0
DATA|009d1b92|2|word||.reloc|0x32b6
DATA|009d1b94|2|word||.reloc|0x32bc
DATA|009d1b96|2|word||.reloc|0x32c9
DATA|009d1b98|2|word||.reloc|0x32cf
DATA|009d1b9a|2|word||.reloc|0x32d5
DATA|009d1b9c|2|word||.reloc|0x32e2
DATA|009d1b9e|2|word||.reloc|0x32e8
DATA|009d1ba0|2|word||.reloc|0x32ee
DATA|009d1ba2|2|word||.reloc|0x32fb
DATA|009d1ba4|2|word||.reloc|0x3311
DATA|009d1ba6|2|word||.reloc|0x331b
DATA|009d1ba8|2|word||.reloc|0x3321
DATA|009d1baa|2|word||.reloc|0x3327
DATA|009d1bac|2|word||.reloc|0x332d
DATA|009d1bae|2|word||.reloc|0x3344
DATA|009d1bb0|2|word||.reloc|0x334a
DATA|009d1bb2|2|word||.reloc|0x3357
DATA|009d1bb4|2|word||.reloc|0x335d
DATA|009d1bb6|2|word||.reloc|0x3363
DATA|009d1bb8|2|word||.reloc|0x3370
DATA|009d1bba|2|word||.reloc|0x3376
DATA|009d1bbc|2|word||.reloc|0x337c
DATA|009d1bbe|2|word||.reloc|0x3389
DATA|009d1bc0|2|word||.reloc|0x338f
DATA|009d1bc2|2|word||.reloc|0x3395
DATA|009d1bc4|2|word||.reloc|0x33a2
DATA|009d1bc6|2|word||.reloc|0x33b8
DATA|009d1bc8|2|word||.reloc|0x33c2
DATA|009d1bca|2|word||.reloc|0x33c8
DATA|009d1bcc|2|word||.reloc|0x33ce
DATA|009d1bce|2|word||.reloc|0x33d4
DATA|009d1bd0|2|word||.reloc|0x33eb
DATA|009d1bd2|2|word||.reloc|0x33f1
DATA|009d1bd4|2|word||.reloc|0x33fe
DATA|009d1bd6|2|word||.reloc|0x3404
DATA|009d1bd8|2|word||.reloc|0x340a
DATA|009d1bda|2|word||.reloc|0x3417
DATA|009d1bdc|2|word||.reloc|0x341d
DATA|009d1bde|2|word||.reloc|0x3423
DATA|009d1be0|2|word||.reloc|0x3430
DATA|009d1be2|2|word||.reloc|0x3436
DATA|009d1be4|2|word||.reloc|0x343c
DATA|009d1be6|2|word||.reloc|0x3449
DATA|009d1be8|2|word||.reloc|0x345f
DATA|009d1bea|2|word||.reloc|0x3469
DATA|009d1bec|2|word||.reloc|0x346f
DATA|009d1bee|2|word||.reloc|0x3475
DATA|009d1bf0|2|word||.reloc|0x347b
DATA|009d1bf2|2|word||.reloc|0x348d
DATA|009d1bf4|2|word||.reloc|0x3493
DATA|009d1bf6|2|word||.reloc|0x34a0
DATA|009d1bf8|2|word||.reloc|0x34a6
DATA|009d1bfa|2|word||.reloc|0x34ac
DATA|009d1bfc|2|word||.reloc|0x34b9
DATA|009d1bfe|2|word||.reloc|0x34bf
DATA|009d1c00|2|word||.reloc|0x34c5
DATA|009d1c02|2|word||.reloc|0x34d2
DATA|009d1c04|2|word||.reloc|0x34d8
DATA|009d1c06|2|word||.reloc|0x34de
DATA|009d1c08|2|word||.reloc|0x34eb
DATA|009d1c0a|2|word||.reloc|0x3501
DATA|009d1c0c|2|word||.reloc|0x350b
DATA|009d1c0e|2|word||.reloc|0x3511
DATA|009d1c10|2|word||.reloc|0x3517
DATA|009d1c12|2|word||.reloc|0x351d
DATA|009d1c14|2|word||.reloc|0x352a
DATA|009d1c16|2|word||.reloc|0x3530
DATA|009d1c18|2|word||.reloc|0x353d
DATA|009d1c1a|2|word||.reloc|0x3543
DATA|009d1c1c|2|word||.reloc|0x3549
DATA|009d1c1e|2|word||.reloc|0x3556
DATA|009d1c20|2|word||.reloc|0x355c
DATA|009d1c22|2|word||.reloc|0x3562
DATA|009d1c24|2|word||.reloc|0x356f
DATA|009d1c26|2|word||.reloc|0x3575
DATA|009d1c28|2|word||.reloc|0x357b
DATA|009d1c2a|2|word||.reloc|0x3588
DATA|009d1c2c|2|word||.reloc|0x359e
DATA|009d1c2e|2|word||.reloc|0x35a4
DATA|009d1c30|2|word||.reloc|0x35ae
DATA|009d1c32|2|word||.reloc|0x35b4
DATA|009d1c34|2|word||.reloc|0x35ba
DATA|009d1c36|2|word||.reloc|0x35d1
DATA|009d1c38|2|word||.reloc|0x35d7
DATA|009d1c3a|2|word||.reloc|0x35e4
DATA|009d1c3c|2|word||.reloc|0x35ea
DATA|009d1c3e|2|word||.reloc|0x35f0
DATA|009d1c40|2|word||.reloc|0x35fd
DATA|009d1c42|2|word||.reloc|0x3603
DATA|009d1c44|2|word||.reloc|0x3609
DATA|009d1c46|2|word||.reloc|0x3616
DATA|009d1c48|2|word||.reloc|0x361c
DATA|009d1c4a|2|word||.reloc|0x3622
DATA|009d1c4c|2|word||.reloc|0x362f
DATA|009d1c4e|2|word||.reloc|0x3644
DATA|009d1c50|2|word||.reloc|0x364a
DATA|009d1c52|2|word||.reloc|0x3656
DATA|009d1c54|2|word||.reloc|0x365c
DATA|009d1c56|2|word||.reloc|0x3664
DATA|009d1c58|2|word||.reloc|0x366a
DATA|009d1c5a|2|word||.reloc|0x3670
DATA|009d1c5c|2|word||.reloc|0x3676
DATA|009d1c5e|2|word||.reloc|0x367c
DATA|009d1c60|2|word||.reloc|0x3689
DATA|009d1c62|2|word||.reloc|0x368f
DATA|009d1c64|2|word||.reloc|0x369c
DATA|009d1c66|2|word||.reloc|0x36a2
DATA|009d1c68|2|word||.reloc|0x36a8
DATA|009d1c6a|2|word||.reloc|0x36b5
DATA|009d1c6c|2|word||.reloc|0x36bb
DATA|009d1c6e|2|word||.reloc|0x36c1
DATA|009d1c70|2|word||.reloc|0x36ce
DATA|009d1c72|2|word||.reloc|0x36d4
DATA|009d1c74|2|word||.reloc|0x36da
DATA|009d1c76|2|word||.reloc|0x36e7
DATA|009d1c78|2|word||.reloc|0x36fd
DATA|009d1c7a|2|word||.reloc|0x3707
DATA|009d1c7c|2|word||.reloc|0x370d
DATA|009d1c7e|2|word||.reloc|0x3713
DATA|009d1c80|2|word||.reloc|0x3719
DATA|009d1c82|2|word||.reloc|0x3726
DATA|009d1c84|2|word||.reloc|0x372c
DATA|009d1c86|2|word||.reloc|0x3739
DATA|009d1c88|2|word||.reloc|0x373f
DATA|009d1c8a|2|word||.reloc|0x3745
DATA|009d1c8c|2|word||.reloc|0x3752
DATA|009d1c8e|2|word||.reloc|0x3758
DATA|009d1c90|2|word||.reloc|0x375e
DATA|009d1c92|2|word||.reloc|0x376b
DATA|009d1c94|2|word||.reloc|0x3771
DATA|009d1c96|2|word||.reloc|0x3777
DATA|009d1c98|2|word||.reloc|0x3784
DATA|009d1c9a|2|word||.reloc|0x3795
DATA|009d1c9c|2|word||.reloc|0x379b
DATA|009d1c9e|2|word||.reloc|0x37ac
DATA|009d1ca0|2|word||.reloc|0x37b2
DATA|009d1ca2|2|word||.reloc|0x37c3
DATA|009d1ca4|2|word||.reloc|0x37c9
DATA|009d1ca6|2|word||.reloc|0x37da
DATA|009d1ca8|2|word||.reloc|0x37e0
DATA|009d1caa|2|word||.reloc|0x37f1
DATA|009d1cac|2|word||.reloc|0x37f7
DATA|009d1cae|2|word||.reloc|0x37fd
DATA|009d1cb0|2|word||.reloc|0x3803
DATA|009d1cb2|2|word||.reloc|0x380b
DATA|009d1cb4|2|word||.reloc|0x3818
DATA|009d1cb6|2|word||.reloc|0x381e
DATA|009d1cb8|2|word||.reloc|0x382f
DATA|009d1cba|2|word||.reloc|0x3835
DATA|009d1cbc|2|word||.reloc|0x3846
DATA|009d1cbe|2|word||.reloc|0x384c
DATA|009d1cc0|2|word||.reloc|0x385d
DATA|009d1cc2|2|word||.reloc|0x3887
DATA|009d1cc4|2|word||.reloc|0x388d
DATA|009d1cc6|2|word||.reloc|0x389a
DATA|009d1cc8|2|word||.reloc|0x38a0
DATA|009d1cca|2|word||.reloc|0x38a6
DATA|009d1ccc|2|word||.reloc|0x38b3
DATA|009d1cce|2|word||.reloc|0x38b9
DATA|009d1cd0|2|word||.reloc|0x38bf
DATA|009d1cd2|2|word||.reloc|0x38cc
DATA|009d1cd4|2|word||.reloc|0x38d2
DATA|009d1cd6|2|word||.reloc|0x38d8
DATA|009d1cd8|2|word||.reloc|0x38e5
DATA|009d1cda|2|word||.reloc|0x38f6
DATA|009d1cdc|2|word||.reloc|0x38fe
DATA|009d1cde|2|word||.reloc|0x3904
DATA|009d1ce0|2|word||.reloc|0x390c
DATA|009d1ce2|2|word||.reloc|0x3916
DATA|009d1ce4|2|word||.reloc|0x3920
DATA|009d1ce6|2|word||.reloc|0x392a
DATA|009d1ce8|2|word||.reloc|0x3934
DATA|009d1cea|2|word||.reloc|0x393e
DATA|009d1cec|2|word||.reloc|0x3955
DATA|009d1cee|2|word||.reloc|0x395f
DATA|009d1cf0|2|word||.reloc|0x3970
DATA|009d1cf2|2|word||.reloc|0x3974
DATA|009d1cf4|2|word||.reloc|0x3978
DATA|009d1cf6|2|word||.reloc|0x397c
DATA|009d1cf8|2|word||.reloc|0x3980
DATA|009d1cfa|2|word||.reloc|0x3984
DATA|009d1cfc|2|word||.reloc|0x3988
DATA|009d1cfe|2|word||.reloc|0x398c
DATA|009d1d00|2|word||.reloc|0x3990
DATA|009d1d02|2|word||.reloc|0x39a2
DATA|009d1d04|2|word||.reloc|0x39ab
DATA|009d1d06|2|word||.reloc|0x39b6
DATA|009d1d08|2|word||.reloc|0x39f0
DATA|009d1d0a|2|word||.reloc|0x39ff
DATA|009d1d0c|2|word||.reloc|0x3a13
DATA|009d1d0e|2|word||.reloc|0x3a19
DATA|009d1d10|2|word||.reloc|0x3a25
DATA|009d1d12|2|word||.reloc|0x3a2b
DATA|009d1d14|2|word||.reloc|0x3a4d
DATA|009d1d16|2|word||.reloc|0x3a6b
DATA|009d1d18|2|word||.reloc|0x3a77
DATA|009d1d1a|2|word||.reloc|0x3a8b
DATA|009d1d1c|2|word||.reloc|0x3ab7
DATA|009d1d1e|2|word||.reloc|0x3ad5
DATA|009d1d20|2|word||.reloc|0x3aee
DATA|009d1d22|2|word||.reloc|0x3afe
DATA|009d1d24|2|word||.reloc|0x3b04
DATA|009d1d26|2|word||.reloc|0x3b09
DATA|009d1d28|2|word||.reloc|0x3b23
DATA|009d1d2a|2|word||.reloc|0x3b33
DATA|009d1d2c|2|word||.reloc|0x3b45
DATA|009d1d2e|2|word||.reloc|0x3b56
DATA|009d1d30|2|word||.reloc|0x3b61
DATA|009d1d32|2|word||.reloc|0x3b7c
DATA|009d1d34|2|word||.reloc|0x3b8e
DATA|009d1d36|2|word||.reloc|0x3b9f
DATA|009d1d38|2|word||.reloc|0x3baa
DATA|009d1d3a|2|word||.reloc|0x3bbd
DATA|009d1d3c|2|word||.reloc|0x3bcf
DATA|009d1d3e|2|word||.reloc|0x3be0
DATA|009d1d40|2|word||.reloc|0x3beb
DATA|009d1d42|2|word||.reloc|0x3bf9
DATA|009d1d44|2|word||.reloc|0x3c06
DATA|009d1d46|2|word||.reloc|0x3c28
DATA|009d1d48|2|word||.reloc|0x3c3c
DATA|009d1d4a|2|word||.reloc|0x3c42
DATA|009d1d4c|2|word||.reloc|0x3c56
DATA|009d1d4e|2|word||.reloc|0x3c5e
DATA|009d1d50|2|word||.reloc|0x3c6a
DATA|009d1d52|2|word||.reloc|0x3c6f
DATA|009d1d54|2|word||.reloc|0x3cb0
DATA|009d1d56|2|word||.reloc|0x3cb6
DATA|009d1d58|2|word||.reloc|0x3d03
DATA|009d1d5a|2|word||.reloc|0x3d68
DATA|009d1d5c|2|word||.reloc|0x3d97
DATA|009d1d5e|2|word||.reloc|0x3db0
DATA|009d1d60|2|word||.reloc|0x3dd6
DATA|009d1d62|2|word||.reloc|0x3e1a
DATA|009d1d64|2|word||.reloc|0x3e35
DATA|009d1d66|2|word||.reloc|0x3e50
DATA|009d1d68|2|word||.reloc|0x3e6b
DATA|009d1d6a|2|word||.reloc|0x3e86
DATA|009d1d6c|2|word||.reloc|0x3e9b
DATA|009d1d6e|2|word||.reloc|0x3eb9
DATA|009d1d70|2|word||.reloc|0x3ec9
DATA|009d1d72|2|word||.reloc|0x3ee1
DATA|009d1d74|2|word||.reloc|0x3f37
DATA|009d1d76|2|word||.reloc|0x3f3d
DATA|009d1d78|2|word||.reloc|0x3f57
DATA|009d1d7a|2|word||.reloc|0x3f5c
DATA|009d1d7c|2|word||.reloc|0x3f62
DATA|009d1d7e|2|word||.reloc|0x3f68
DATA|009d1d80|2|word||.reloc|0x3f6e
DATA|009d1d82|2|word||.reloc|0x3f74
DATA|009d1d84|2|word||.reloc|0x3f7a
DATA|009d1d86|2|word||.reloc|0x3f84
DATA|009d1d88|2|word||.reloc|0x3f89
DATA|009d1d8a|2|word||.reloc|0x3f8f
DATA|009d1d8c|2|word||.reloc|0x3f94
DATA|009d1d8e|2|word||.reloc|0x3f9a
DATA|009d1d90|2|word||.reloc|0x3fd8
DATA|009d1d92|2|word||.reloc|0x0
DATA|009d1d94|8|IMAGE_BASE_RELOCATION||.reloc|
DATA|009d1d9c|2|word||.reloc|0x303d
DATA|009d1d9e|2|word||.reloc|0x306c
DATA|009d1da0|2|word||.reloc|0x3085
DATA|009d1da2|2|word||.reloc|0x309b
DATA|009d1da4|2|word||.reloc|0x30fc
DATA|009d1da6|2|word||.reloc|0x310d
DATA|009d1da8|2|word||.reloc|0x311d
DATA|009d1daa|2|word||.reloc|0x312d
DATA|009d1dac|2|word||.reloc|0x313a
DATA|009d1dae|2|word||.reloc|0x3148
DATA|009d1db0|2|word||.reloc|0x314d
DATA|009d1db2|2|word||.reloc|0x3152
DATA|009d1db4|2|word||.reloc|0x31c0
DATA|009d1db6|2|word||.reloc|0x3221
DATA|009d1db8|2|word||.reloc|0x324e
DATA|009d1dba|2|word||.reloc|0x328d
DATA|009d1dbc|2|word||.reloc|0x32b2
DATA|009d1dbe|2|word||.reloc|0x32b8
DATA|009d1dc0|2|word||.reloc|0x32c5
DATA|009d1dc2|2|word||.reloc|0x32cb
DATA|009d1dc4|2|word||.reloc|0x3338
DATA|009d1dc6|2|word||.reloc|0x33ad
DATA|009d1dc8|2|word||.reloc|0x33da
DATA|009d1dca|2|word||.reloc|0x3419
DATA|009d1dcc|2|word||.reloc|0x343a
DATA|009d1dce|2|word||.reloc|0x3444
DATA|009d1dd0|2|word||.reloc|0x344c
DATA|009d1dd2|2|word||.reloc|0x3450
DATA|009d1dd4|2|word||.reloc|0x3454
DATA|009d1dd6|2|word||.reloc|0x3458
DATA|009d1dd8|2|word||.reloc|0x345c
DATA|009d1dda|2|word||.reloc|0x3460
DATA|009d1ddc|2|word||.reloc|0x3464
DATA|009d1dde|2|word||.reloc|0x3468
DATA|009d1de0|2|word||.reloc|0x346c
DATA|009d1de2|2|word||.reloc|0x3470
DATA|009d1de4|2|word||.reloc|0x3474
DATA|009d1de6|2|word||.reloc|0x3478
DATA|009d1de8|2|word||.reloc|0x347c
DATA|009d1dea|2|word||.reloc|0x3480
DATA|009d1dec|2|word||.reloc|0x3484
DATA|009d1dee|2|word||.reloc|0x3488
DATA|009d1df0|2|word||.reloc|0x34c9
DATA|009d1df2|2|word||.reloc|0x3530
DATA|009d1df4|2|word||.reloc|0x355f
DATA|009d1df6|2|word||.reloc|0x3578
DATA|009d1df8|2|word||.reloc|0x358e
DATA|009d1dfa|2|word||.reloc|0x35a0
DATA|009d1dfc|2|word||.reloc|0x35be
DATA|009d1dfe|2|word||.reloc|0x35ee
DATA|009d1e00|2|word||.reloc|0x361d
DATA|009d1e02|2|word||.reloc|0x3625
DATA|009d1e04|2|word||.reloc|0x362b
DATA|009d1e06|2|word||.reloc|0x3635
DATA|009d1e08|2|word||.reloc|0x363d
DATA|009d1e0a|2|word||.reloc|0x3655
DATA|009d1e0c|2|word||.reloc|0x365d
DATA|009d1e0e|2|word||.reloc|0x3663
DATA|009d1e10|2|word||.reloc|0x366a
DATA|009d1e12|2|word||.reloc|0x3677
DATA|009d1e14|2|word||.reloc|0x3693
DATA|009d1e16|2|word||.reloc|0x369f
DATA|009d1e18|2|word||.reloc|0x36b4
DATA|009d1e1a|2|word||.reloc|0x36c9
DATA|009d1e1c|2|word||.reloc|0x36de
DATA|009d1e1e|2|word||.reloc|0x36f3
DATA|009d1e20|2|word||.reloc|0x36f9
DATA|009d1e22|2|word||.reloc|0x36fe
DATA|009d1e24|2|word||.reloc|0x3707
DATA|009d1e26|2|word||.reloc|0x3711
DATA|009d1e28|2|word||.reloc|0x3738
DATA|009d1e2a|2|word||.reloc|0x3742
DATA|009d1e2c|2|word||.reloc|0x3760
DATA|009d1e2e|2|word||.reloc|0x3781
DATA|009d1e30|2|word||.reloc|0x3787
DATA|009d1e32|2|word||.reloc|0x37a6
DATA|009d1e34|2|word||.reloc|0x37b2
DATA|009d1e36|2|word||.reloc|0x37b8
DATA|009d1e38|2|word||.reloc|0x37c3
DATA|009d1e3a|2|word||.reloc|0x37cc
DATA|009d1e3c|2|word||.reloc|0x37d1
DATA|009d1e3e|2|word||.reloc|0x37e3
DATA|009d1e40|2|word||.reloc|0x37f6
DATA|009d1e42|2|word||.reloc|0x37fc
DATA|009d1e44|2|word||.reloc|0x3801
DATA|009d1e46|2|word||.reloc|0x380f
DATA|009d1e48|2|word||.reloc|0x3815
DATA|009d1e4a|2|word||.reloc|0x3827
DATA|009d1e4c|2|word||.reloc|0x3836
DATA|009d1e4e|2|word||.reloc|0x3841
DATA|009d1e50|2|word||.reloc|0x3847
DATA|009d1e52|2|word||.reloc|0x384d
DATA|009d1e54|2|word||.reloc|0x3853
DATA|009d1e56|2|word||.reloc|0x3867
DATA|009d1e58|2|word||.reloc|0x3897
DATA|009d1e5a|2|word||.reloc|0x38a4
DATA|009d1e5c|2|word||.reloc|0x38aa
DATA|009d1e5e|2|word||.reloc|0x38b4
DATA|009d1e60|2|word||.reloc|0x38be
DATA|009d1e62|2|word||.reloc|0x38cc
DATA|009d1e64|2|word||.reloc|0x38d0
DATA|009d1e66|2|word||.reloc|0x38d4
DATA|009d1e68|2|word||.reloc|0x38d8
DATA|009d1e6a|2|word||.reloc|0x38f2
DATA|009d1e6c|2|word||.reloc|0x38f8
DATA|009d1e6e|2|word||.reloc|0x3904
DATA|009d1e70|2|word||.reloc|0x3910
DATA|009d1e72|2|word||.reloc|0x3918
DATA|009d1e74|2|word||.reloc|0x391e
DATA|009d1e76|2|word||.reloc|0x392a
DATA|009d1e78|2|word||.reloc|0x3936
DATA|009d1e7a|2|word||.reloc|0x393e
DATA|009d1e7c|2|word||.reloc|0x3945
DATA|009d1e7e|2|word||.reloc|0x395f
DATA|009d1e80|2|word||.reloc|0x396c
DATA|009d1e82|2|word||.reloc|0x3972
DATA|009d1e84|2|word||.reloc|0x397e
DATA|009d1e86|2|word||.reloc|0x39ad
DATA|009d1e88|2|word||.reloc|0x39b3
DATA|009d1e8a|2|word||.reloc|0x39bb
DATA|009d1e8c|2|word||.reloc|0x39c3
DATA|009d1e8e|2|word||.reloc|0x39ce
DATA|009d1e90|2|word||.reloc|0x39f9
DATA|009d1e92|2|word||.reloc|0x39ff
DATA|009d1e94|2|word||.reloc|0x3a07
DATA|009d1e96|2|word||.reloc|0x3a0d
DATA|009d1e98|2|word||.reloc|0x3a24
DATA|009d1e9a|2|word||.reloc|0x3a34
DATA|009d1e9c|2|word||.reloc|0x3a3d
DATA|009d1e9e|2|word||.reloc|0x3a42
DATA|009d1ea0|2|word||.reloc|0x3a47
DATA|009d1ea2|2|word||.reloc|0x3a4c
DATA|009d1ea4|2|word||.reloc|0x3a51
DATA|009d1ea6|2|word||.reloc|0x3a56
DATA|009d1ea8|2|word||.reloc|0x3a5b
DATA|009d1eaa|2|word||.reloc|0x3a61
DATA|009d1eac|2|word||.reloc|0x3a81
DATA|009d1eae|2|word||.reloc|0x3a87
DATA|009d1eb0|2|word||.reloc|0x3a91
DATA|009d1eb2|2|word||.reloc|0x3aa3
DATA|009d1eb4|2|word||.reloc|0x3aaf
DATA|009d1eb6|2|word||.reloc|0x3abc
DATA|009d1eb8|2|word||.reloc|0x3ac2
DATA|009d1eba|2|word||.reloc|0x3ad1
DATA|009d1ebc|2|word||.reloc|0x3ae3
DATA|009d1ebe|2|word||.reloc|0x3af5
DATA|009d1ec0|2|word||.reloc|0x3b08
DATA|009d1ec2|2|word||.reloc|0x3b12
DATA|009d1ec4|2|word||.reloc|0x3b1c
DATA|009d1ec6|2|word||.reloc|0x3b31
DATA|009d1ec8|2|word||.reloc|0x3b43
DATA|009d1eca|2|word||.reloc|0x3b48
DATA|009d1ecc|2|word||.reloc|0x3b4d
DATA|009d1ece|2|word||.reloc|0x3b54
DATA|009d1ed0|2|word||.reloc|0x3b5a
DATA|009d1ed2|2|word||.reloc|0x3b6a
DATA|009d1ed4|2|word||.reloc|0x3b7d
DATA|009d1ed6|2|word||.reloc|0x3b83
DATA|009d1ed8|2|word||.reloc|0x3b8f
DATA|009d1eda|2|word||.reloc|0x3b98
DATA|009d1edc|2|word||.reloc|0x3baa
DATA|009d1ede|2|word||.reloc|0x3bb0
DATA|009d1ee0|2|word||.reloc|0x3bb6
DATA|009d1ee2|2|word||.reloc|0x3bbc
DATA|009d1ee4|2|word||.reloc|0x3bc2
DATA|009d1ee6|2|word||.reloc|0x3bc8
DATA|009d1ee8|2|word||.reloc|0x3bd1
DATA|009d1eea|2|word||.reloc|0x3bef
DATA|009d1eec|2|word||.reloc|0x3c04
DATA|009d1eee|2|word||.reloc|0x3c0a
DATA|009d1ef0|2|word||.reloc|0x3c14
DATA|009d1ef2|2|word||.reloc|0x3c1e
DATA|009d1ef4|2|word||.reloc|0x3c2a
DATA|009d1ef6|2|word||.reloc|0x3c45
DATA|009d1ef8|2|word||.reloc|0x3c4b
DATA|009d1efa|2|word||.reloc|0x3c51
DATA|009d1efc|2|word||.reloc|0x3c5b
DATA|009d1efe|2|word||.reloc|0x3c63
DATA|009d1f00|2|word||.reloc|0x3c71
DATA|009d1f02|2|word||.reloc|0x3c76
DATA|009d1f04|2|word||.reloc|0x3c7c
DATA|009d1f06|2|word||.reloc|0x3c82
DATA|009d1f08|2|word||.reloc|0x3c90
DATA|009d1f0a|2|word||.reloc|0x3c9d
DATA|009d1f0c|2|word||.reloc|0x3ca3
DATA|009d1f0e|2|word||.reloc|0x3ca9
DATA|009d1f10|2|word||.reloc|0x3caf
DATA|009d1f12|2|word||.reloc|0x3cb5
DATA|009d1f14|2|word||.reloc|0x3cba
DATA|009d1f16|2|word||.reloc|0x3cbf
DATA|009d1f18|2|word||.reloc|0x3cc5
DATA|009d1f1a|2|word||.reloc|0x3ccf
DATA|009d1f1c|2|word||.reloc|0x3cd9
DATA|009d1f1e|2|word||.reloc|0x3ce3
DATA|009d1f20|2|word||.reloc|0x3ced
DATA|009d1f22|2|word||.reloc|0x3cf3
DATA|009d1f24|2|word||.reloc|0x3cf9
DATA|009d1f26|2|word||.reloc|0x3d02
DATA|009d1f28|2|word||.reloc|0x3d08
DATA|009d1f2a|2|word||.reloc|0x3d12
DATA|009d1f2c|2|word||.reloc|0x3d18
DATA|009d1f2e|2|word||.reloc|0x3d2d
DATA|009d1f30|2|word||.reloc|0x3d46
DATA|009d1f32|2|word||.reloc|0x3d56
DATA|009d1f34|2|word||.reloc|0x3d5b
DATA|009d1f36|2|word||.reloc|0x3d61
DATA|009d1f38|2|word||.reloc|0x3d6b
DATA|009d1f3a|2|word||.reloc|0x3d71
DATA|009d1f3c|2|word||.reloc|0x3d81
DATA|009d1f3e|2|word||.reloc|0x3d8f
DATA|009d1f40|2|word||.reloc|0x3d9f
DATA|009d1f42|2|word||.reloc|0x3da9
DATA|009d1f44|2|word||.reloc|0x3db3
DATA|009d1f46|2|word||.reloc|0x3dbd
DATA|009d1f48|2|word||.reloc|0x3dc7
DATA|009d1f4a|2|word||.reloc|0x3dd1
DATA|009d1f4c|2|word||.reloc|0x3ddb
DATA|009d1f4e|2|word||.reloc|0x3de4
DATA|009d1f50|2|word||.reloc|0x3dea
DATA|009d1f52|2|word||.reloc|0x3def
DATA|009d1f54|2|word||.reloc|0x3df5
DATA|009d1f56|2|word||.reloc|0x3dff
DATA|009d1f58|2|word||.reloc|0x3e09
DATA|009d1f5a|2|word||.reloc|0x3e13
DATA|009d1f5c|2|word||.reloc|0x3e19
DATA|009d1f5e|2|word||.reloc|0x3e23
DATA|009d1f60|2|word||.reloc|0x3e29
DATA|009d1f62|2|word||.reloc|0x3e34
DATA|009d1f64|2|word||.reloc|0x3e39
DATA|009d1f66|2|word||.reloc|0x3e40
DATA|009d1f68|2|word||.reloc|0x3e46
DATA|009d1f6a|2|word||.reloc|0x3e5f
DATA|009d1f6c|2|word||.reloc|0x3e65
DATA|009d1f6e|2|word||.reloc|0x3e8b
DATA|009d1f70|2|word||.reloc|0x3e9a
DATA|009d1f72|2|word||.reloc|0x3f00
DATA|009d1f74|2|word||.reloc|0x3f07
DATA|009d1f76|2|word||.reloc|0x3f43
DATA|009d1f78|2|word||.reloc|0x3f49
DATA|009d1f7a|2|word||.reloc|0x3f5f
DATA|009d1f7c|2|word||.reloc|0x3f65
DATA|009d1f7e|2|word||.reloc|0x3f7b
DATA|009d1f80|2|word||.reloc|0x3f81
DATA|009d1f82|2|word||.reloc|0x3f97
DATA|009d1f84|2|word||.reloc|0x3f9d
DATA|009d1f86|2|word||.reloc|0x3fb2
DATA|009d1f88|2|word||.reloc|0x3fb8
DATA|009d1f8a|2|word||.reloc|0x0
DATA|009d1f8c|8|IMAGE_BASE_RELOCATION||.reloc|
DATA|009d1f94|2|word||.reloc|0x3007
DATA|009d1f96|2|word||.reloc|0x300d
DATA|009d1f98|2|word||.reloc|0x3023
DATA|009d1f9a|2|word||.reloc|0x3029
DATA|009d1f9c|2|word||.reloc|0x303f
DATA|009d1f9e|2|word||.reloc|0x3045
DATA|009d1fa0|2|word||.reloc|0x305b
DATA|009d1fa2|2|word||.reloc|0x3061
DATA|009d1fa4|2|word||.reloc|0x3076
DATA|009d1fa6|2|word||.reloc|0x307c
DATA|009d1fa8|2|word||.reloc|0x30cb
DATA|009d1faa|2|word||.reloc|0x30d1
DATA|009d1fac|2|word||.reloc|0x30e7
DATA|009d1fae|2|word||.reloc|0x30ed
DATA|009d1fb0|2|word||.reloc|0x3103
DATA|009d1fb2|2|word||.reloc|0x3109
DATA|009d1fb4|2|word||.reloc|0x311f
DATA|009d1fb6|2|word||.reloc|0x3125
DATA|009d1fb8|2|word||.reloc|0x313a
DATA|009d1fba|2|word||.reloc|0x3140
DATA|009d1fbc|2|word||.reloc|0x318f
DATA|009d1fbe|2|word||.reloc|0x3195
DATA|009d1fc0|2|word||.reloc|0x31ab
DATA|009d1fc2|2|word||.reloc|0x31b1
DATA|009d1fc4|2|word||.reloc|0x31c7
DATA|009d1fc6|2|word||.reloc|0x31cd
DATA|009d1fc8|2|word||.reloc|0x31e3
DATA|009d1fca|2|word||.reloc|0x31e9
DATA|009d1fcc|2|word||.reloc|0x31fe
DATA|009d1fce|2|word||.reloc|0x3204
DATA|009d1fd0|2|word||.reloc|0x323e
DATA|009d1fd2|2|word||.reloc|0x3281
DATA|009d1fd4|2|word||.reloc|0x3287
DATA|009d1fd6|2|word||.reloc|0x329d
DATA|009d1fd8|2|word||.reloc|0x32a3
DATA|009d1fda|2|word||.reloc|0x32b9
DATA|009d1fdc|2|word||.reloc|0x32bf
DATA|009d1fde|2|word||.reloc|0x32d5
DATA|009d1fe0|2|word||.reloc|0x32db
DATA|009d1fe2|2|word||.reloc|0x32f0
DATA|009d1fe4|2|word||.reloc|0x32f6
DATA|009d1fe6|2|word||.reloc|0x3345
DATA|009d1fe8|2|word||.reloc|0x334b
DATA|009d1fea|2|word||.reloc|0x3361
DATA|009d1fec|2|word||.reloc|0x3367
DATA|009d1fee|2|word||.reloc|0x337d
DATA|009d1ff0|2|word||.reloc|0x3383
DATA|009d1ff2|2|word||.reloc|0x3399
DATA|009d1ff4|2|word||.reloc|0x339f
DATA|009d1ff6|2|word||.reloc|0x33b4
DATA|009d1ff8|2|word||.reloc|0x33ba
DATA|009d1ffa|2|word||.reloc|0x33f4
DATA|009d1ffc|2|word||.reloc|0x3437
DATA|009d1ffe|2|word||.reloc|0x343d
DATA|009d2000|2|word||.reloc|0x3453
DATA|009d2002|2|word||.reloc|0x3459
DATA|009d2004|2|word||.reloc|0x346f
DATA|009d2006|2|word||.reloc|0x3475
DATA|009d2008|2|word||.reloc|0x348b
DATA|009d200a|2|word||.reloc|0x3491
DATA|009d200c|2|word||.reloc|0x34a6
DATA|009d200e|2|word||.reloc|0x34ac
DATA|009d2010|2|word||.reloc|0x34fb
DATA|009d2012|2|word||.reloc|0x3501
DATA|009d2014|2|word||.reloc|0x3517
DATA|009d2016|2|word||.reloc|0x351d
DATA|009d2018|2|word||.reloc|0x3533
DATA|009d201a|2|word||.reloc|0x3539
DATA|009d201c|2|word||.reloc|0x354f
DATA|009d201e|2|word||.reloc|0x3555
DATA|009d2020|2|word||.reloc|0x356a
DATA|009d2022|2|word||.reloc|0x3570
DATA|009d2024|2|word||.reloc|0x35bd
DATA|009d2026|2|word||.reloc|0x35c3
DATA|009d2028|2|word||.reloc|0x35d9
DATA|009d202a|2|word||.reloc|0x35df
DATA|009d202c|2|word||.reloc|0x35f5
DATA|009d202e|2|word||.reloc|0x35fb
DATA|009d2030|2|word||.reloc|0x3611
DATA|009d2032|2|word||.reloc|0x3617
DATA|009d2034|2|word||.reloc|0x362c
DATA|009d2036|2|word||.reloc|0x3632
DATA|009d2038|2|word||.reloc|0x36d0
DATA|009d203a|2|word||.reloc|0x36d4
DATA|009d203c|2|word||.reloc|0x36d8
DATA|009d203e|2|word||.reloc|0x36dc
DATA|009d2040|2|word||.reloc|0x36e0
DATA|009d2042|2|word||.reloc|0x36e4
DATA|009d2044|2|word||.reloc|0x36e8
DATA|009d2046|2|word||.reloc|0x36ec
DATA|009d2048|2|word||.reloc|0x36f0
DATA|009d204a|2|word||.reloc|0x36f4
DATA|009d204c|2|word||.reloc|0x36f8
DATA|009d204e|2|word||.reloc|0x36fc
DATA|009d2050|2|word||.reloc|0x3700
DATA|009d2052|2|word||.reloc|0x3704
DATA|009d2054|2|word||.reloc|0x3708
DATA|009d2056|2|word||.reloc|0x370c
DATA|009d2058|2|word||.reloc|0x3710
DATA|009d205a|2|word||.reloc|0x3714
DATA|009d205c|2|word||.reloc|0x3718
DATA|009d205e|2|word||.reloc|0x371c
DATA|009d2060|2|word||.reloc|0x3720
DATA|009d2062|2|word||.reloc|0x3724
DATA|009d2064|2|word||.reloc|0x3728
DATA|009d2066|2|word||.reloc|0x372c
DATA|009d2068|2|word||.reloc|0x37df
DATA|009d206a|2|word||.reloc|0x37fa
DATA|009d206c|2|word||.reloc|0x380f
DATA|009d206e|2|word||.reloc|0x3821
DATA|009d2070|2|word||.reloc|0x3827
DATA|009d2072|2|word||.reloc|0x3844
DATA|009d2074|2|word||.reloc|0x3861
DATA|009d2076|2|word||.reloc|0x3871
DATA|009d2078|2|word||.reloc|0x3879
DATA|009d207a|2|word||.reloc|0x387e
DATA|009d207c|2|word||.reloc|0x38cb
DATA|009d207e|2|word||.reloc|0x38f6
DATA|009d2080|2|word||.reloc|0x3926
DATA|009d2082|2|word||.reloc|0x393f
DATA|009d2084|2|word||.reloc|0x3958
DATA|009d2086|2|word||.reloc|0x3971
DATA|009d2088|2|word||.reloc|0x398a
DATA|009d208a|2|word||.reloc|0x3999
DATA|009d208c|2|word||.reloc|0x39b2
DATA|009d208e|2|word||.reloc|0x39fe
DATA|009d2090|2|word||.reloc|0x3a07
DATA|009d2092|2|word||.reloc|0x3a3e
DATA|009d2094|2|word||.reloc|0x3a66
DATA|009d2096|2|word||.reloc|0x3a6a
DATA|009d2098|2|word||.reloc|0x3a73
DATA|009d209a|2|word||.reloc|0x3a85
DATA|009d209c|2|word||.reloc|0x3a94
DATA|009d209e|2|word||.reloc|0x3aa6
DATA|009d20a0|2|word||.reloc|0x3abb
DATA|009d20a2|2|word||.reloc|0x3adf
DATA|009d20a4|2|word||.reloc|0x3aef
DATA|009d20a6|2|word||.reloc|0x3aff
DATA|009d20a8|2|word||.reloc|0x3b14
DATA|009d20aa|2|word||.reloc|0x3b1c
DATA|009d20ac|2|word||.reloc|0x3b28
DATA|009d20ae|2|word||.reloc|0x3c1f
DATA|009d20b0|2|word||.reloc|0x3c2b
DATA|009d20b2|2|word||.reloc|0x3c66
DATA|009d20b4|2|word||.reloc|0x3c78
DATA|009d20b6|2|word||.reloc|0x3c96
DATA|009d20b8|2|word||.reloc|0x3c9b
DATA|009d20ba|2|word||.reloc|0x3cad
DATA|009d20bc|2|word||.reloc|0x3ccb
DATA|009d20be|2|word||.reloc|0x3cd0
DATA|009d20c0|2|word||.reloc|0x3ce2
DATA|009d20c2|2|word||.reloc|0x3d00
DATA|009d20c4|2|word||.reloc|0x3d05
DATA|009d20c6|2|word||.reloc|0x3d17
DATA|009d20c8|2|word||.reloc|0x3d35
DATA|009d20ca|2|word||.reloc|0x3d3a
DATA|009d20cc|2|word||.reloc|0x3d4c
DATA|009d20ce|2|word||.reloc|0x3d6a
DATA|009d20d0|2|word||.reloc|0x3d6f
DATA|009d20d2|2|word||.reloc|0x3d81
DATA|009d20d4|2|word||.reloc|0x3d94
DATA|009d20d6|2|word||.reloc|0x3d9d
DATA|009d20d8|2|word||.reloc|0x3daf
DATA|009d20da|2|word||.reloc|0x3dcd
DATA|009d20dc|2|word||.reloc|0x3dd2
DATA|009d20de|2|word||.reloc|0x3de4
DATA|009d20e0|2|word||.reloc|0x3e0b
DATA|009d20e2|2|word||.reloc|0x3e11
DATA|009d20e4|2|word||.reloc|0x3e16
DATA|009d20e6|2|word||.reloc|0x3e28
DATA|009d20e8|2|word||.reloc|0x3e4f
DATA|009d20ea|2|word||.reloc|0x3e55
DATA|009d20ec|2|word||.reloc|0x3e5a
DATA|009d20ee|2|word||.reloc|0x3e6c
DATA|009d20f0|2|word||.reloc|0x3e93
DATA|009d20f2|2|word||.reloc|0x3e99
DATA|009d20f4|2|word||.reloc|0x3e9e
DATA|009d20f6|2|word||.reloc|0x3eb0
DATA|009d20f8|2|word||.reloc|0x3ed7
DATA|009d20fa|2|word||.reloc|0x3edd
DATA|009d20fc|2|word||.reloc|0x3f21
DATA|009d20fe|2|word||.reloc|0x3f8a
DATA|009d2100|2|word||.reloc|0x3f9f
DATA|009d2102|2|word||.reloc|0x3fb1
DATA|009d2104|8|IMAGE_BASE_RELOCATION||.reloc|
DATA|009d210c|2|word||.reloc|0x300f
DATA|009d210e|2|word||.reloc|0x301f
DATA|009d2110|2|word||.reloc|0x3032
DATA|009d2112|2|word||.reloc|0x3055
DATA|009d2114|2|word||.reloc|0x30a0
DATA|009d2116|2|word||.reloc|0x30b2
DATA|009d2118|2|word||.reloc|0x30c4
DATA|009d211a|2|word||.reloc|0x30f6
DATA|009d211c|2|word||.reloc|0x3129
DATA|009d211e|2|word||.reloc|0x315b
DATA|009d2120|2|word||.reloc|0x3168
DATA|009d2122|2|word||.reloc|0x3172
DATA|009d2124|2|word||.reloc|0x317c
DATA|009d2126|2|word||.reloc|0x3191
DATA|009d2128|2|word||.reloc|0x319d
DATA|009d212a|2|word||.reloc|0x31a3
DATA|009d212c|2|word||.reloc|0x31ab
DATA|009d212e|2|word||.reloc|0x31d1
DATA|009d2130|2|word||.reloc|0x31dd
DATA|009d2132|2|word||.reloc|0x31e5
DATA|009d2134|2|word||.reloc|0x31ed
DATA|009d2136|2|word||.reloc|0x321e
DATA|009d2138|2|word||.reloc|0x3233
DATA|009d213a|2|word||.reloc|0x3239
DATA|009d213c|2|word||.reloc|0x323f
DATA|009d213e|2|word||.reloc|0x3253
DATA|009d2140|2|word||.reloc|0x325b
DATA|009d2142|2|word||.reloc|0x327b
DATA|009d2144|2|word||.reloc|0x3283
DATA|009d2146|2|word||.reloc|0x328d
DATA|009d2148|2|word||.reloc|0x3297
DATA|009d214a|2|word||.reloc|0x32b5
DATA|009d214c|2|word||.reloc|0x32bb
DATA|009d214e|2|word||.reloc|0x32c1
DATA|009d2150|2|word||.reloc|0x32d5
DATA|009d2152|2|word||.reloc|0x32dd
DATA|009d2154|2|word||.reloc|0x32fd
DATA|009d2156|2|word||.reloc|0x3305
DATA|009d2158|2|word||.reloc|0x330f
DATA|009d215a|2|word||.reloc|0x3319
DATA|009d215c|2|word||.reloc|0x3341
DATA|009d215e|2|word||.reloc|0x335b
DATA|009d2160|2|word||.reloc|0x3373
DATA|009d2162|2|word||.reloc|0x338b
DATA|009d2164|2|word||.reloc|0x339f
DATA|009d2166|2|word||.reloc|0x33b3
DATA|009d2168|2|word||.reloc|0x3438
DATA|009d216a|2|word||.reloc|0x3493
DATA|009d216c|2|word||.reloc|0x34b1
DATA|009d216e|2|word||.reloc|0x34b7
DATA|009d2170|2|word||.reloc|0x34d3
DATA|009d2172|2|word||.reloc|0x34db
DATA|009d2174|2|word||.reloc|0x3502
DATA|009d2176|2|word||.reloc|0x352e
DATA|009d2178|2|word||.reloc|0x3549
DATA|009d217a|2|word||.reloc|0x3557
DATA|009d217c|2|word||.reloc|0x3574
DATA|009d217e|2|word||.reloc|0x35e7
DATA|009d2180|2|word||.reloc|0x3600
DATA|009d2182|2|word||.reloc|0x360d
DATA|009d2184|2|word||.reloc|0x3625
DATA|009d2186|2|word||.reloc|0x363d
DATA|009d2188|2|word||.reloc|0x3651
DATA|009d218a|2|word||.reloc|0x3664
DATA|009d218c|2|word||.reloc|0x3675
DATA|009d218e|2|word||.reloc|0x368a
DATA|009d2190|2|word||.reloc|0x36a7
DATA|009d2192|2|word||.reloc|0x36ad
DATA|009d2194|2|word||.reloc|0x36c3
DATA|009d2196|2|word||.reloc|0x36c9
DATA|009d2198|2|word||.reloc|0x36e4
DATA|009d219a|2|word||.reloc|0x36f6
DATA|009d219c|2|word||.reloc|0x3707
DATA|009d219e|2|word||.reloc|0x371d
DATA|009d21a0|2|word||.reloc|0x3746
DATA|009d21a2|2|word||.reloc|0x375f
DATA|009d21a4|2|word||.reloc|0x376b
DATA|009d21a6|2|word||.reloc|0x3771
DATA|009d21a8|2|word||.reloc|0x3778
DATA|009d21aa|2|word||.reloc|0x377e
DATA|009d21ac|2|word||.reloc|0x3784
DATA|009d21ae|2|word||.reloc|0x378a
DATA|009d21b0|2|word||.reloc|0x3799
DATA|009d21b2|2|word||.reloc|0x37a4
DATA|009d21b4|2|word||.reloc|0x37aa
DATA|009d21b6|2|word||.reloc|0x37bc
DATA|009d21b8|2|word||.reloc|0x380b
DATA|009d21ba|2|word||.reloc|0x3814
DATA|009d21bc|2|word||.reloc|0x386a
DATA|009d21be|2|word||.reloc|0x387a
DATA|009d21c0|2|word||.reloc|0x38c1
DATA|009d21c2|2|word||.reloc|0x3904
DATA|009d21c4|2|word||.reloc|0x3944
DATA|009d21c6|2|word||.reloc|0x3974
DATA|009d21c8|2|word||.reloc|0x3994
DATA|009d21ca|2|word||.reloc|0x39a0
DATA|009d21cc|2|word||.reloc|0x39b7
DATA|009d21ce|2|word||.reloc|0x3a11
DATA|009d21d0|2|word||.reloc|0x3a21
DATA|009d21d2|2|word||.reloc|0x3a2f
DATA|009d21d4|2|word||.reloc|0x3a47
DATA|009d21d6|2|word||.reloc|0x3a5a
DATA|009d21d8|2|word||.reloc|0x3a68
DATA|009d21da|2|word||.reloc|0x3a74
DATA|009d21dc|2|word||.reloc|0x3a7c
DATA|009d21de|2|word||.reloc|0x3a84
DATA|009d21e0|2|word||.reloc|0x3a90
DATA|009d21e2|2|word||.reloc|0x3a98
DATA|009d21e4|2|word||.reloc|0x3ab9
DATA|009d21e6|2|word||.reloc|0x3ac3
DATA|009d21e8|2|word||.reloc|0x3ac9
DATA|009d21ea|2|word||.reloc|0x3ad3
DATA|009d21ec|2|word||.reloc|0x3aec
DATA|009d21ee|2|word||.reloc|0x3af6
DATA|009d21f0|2|word||.reloc|0x3afc
DATA|009d21f2|2|word||.reloc|0x3b0b
DATA|009d21f4|2|word||.reloc|0x3b14
DATA|009d21f6|2|word||.reloc|0x3b23
DATA|009d21f8|2|word||.reloc|0x3b2c
DATA|009d21fa|2|word||.reloc|0x3b5b
DATA|009d21fc|2|word||.reloc|0x3b65
DATA|009d21fe|2|word||.reloc|0x3b6f
DATA|009d2200|2|word||.reloc|0x3b79
DATA|009d2202|2|word||.reloc|0x3b83
DATA|009d2204|2|word||.reloc|0x3b8d
DATA|009d2206|2|word||.reloc|0x3b97
DATA|009d2208|2|word||.reloc|0x3ba1
DATA|009d220a|2|word||.reloc|0x3bb5
DATA|009d220c|2|word||.reloc|0x3bbf
DATA|009d220e|2|word||.reloc|0x3bc9
DATA|009d2210|2|word||.reloc|0x3bd3
DATA|009d2212|2|word||.reloc|0x3bdd
DATA|009d2214|2|word||.reloc|0x3be7
DATA|009d2216|2|word||.reloc|0x3bf1
DATA|009d2218|2|word||.reloc|0x3bfb
DATA|009d221a|2|word||.reloc|0x3c0f
DATA|009d221c|2|word||.reloc|0x3c19
DATA|009d221e|2|word||.reloc|0x3c23
DATA|009d2220|2|word||.reloc|0x3c2d
DATA|009d2222|2|word||.reloc|0x3c37
DATA|009d2224|2|word||.reloc|0x3c41
DATA|009d2226|2|word||.reloc|0x3c4b
DATA|009d2228|2|word||.reloc|0x3c55
DATA|009d222a|2|word||.reloc|0x3c61
DATA|009d222c|2|word||.reloc|0x3c6b
DATA|009d222e|2|word||.reloc|0x3c75
DATA|009d2230|2|word||.reloc|0x3c7f
DATA|009d2232|2|word||.reloc|0x3c89
DATA|009d2234|2|word||.reloc|0x3c93
DATA|009d2236|2|word||.reloc|0x3c9d
DATA|009d2238|2|word||.reloc|0x3ca7
DATA|009d223a|2|word||.reloc|0x3cbb
DATA|009d223c|2|word||.reloc|0x3cc1
DATA|009d223e|2|word||.reloc|0x3cc5
DATA|009d2240|2|word||.reloc|0x3ccc
DATA|009d2242|2|word||.reloc|0x3cd0
DATA|009d2244|2|word||.reloc|0x3cd7
DATA|009d2246|2|word||.reloc|0x3cdb
DATA|009d2248|2|word||.reloc|0x3ce2
DATA|009d224a|2|word||.reloc|0x3ce6
DATA|009d224c|2|word||.reloc|0x3ced
DATA|009d224e|2|word||.reloc|0x3cf1
DATA|009d2250|2|word||.reloc|0x3cf8
DATA|009d2252|2|word||.reloc|0x3cfc
DATA|009d2254|2|word||.reloc|0x3d03
DATA|009d2256|2|word||.reloc|0x3d07
DATA|009d2258|2|word||.reloc|0x3d0c
DATA|009d225a|2|word||.reloc|0x3d10
DATA|009d225c|2|word||.reloc|0x3d14
DATA|009d225e|2|word||.reloc|0x3d18
DATA|009d2260|2|word||.reloc|0x3d1c
DATA|009d2262|2|word||.reloc|0x3d20
DATA|009d2264|2|word||.reloc|0x3d24
DATA|009d2266|2|word||.reloc|0x3d28
DATA|009d2268|2|word||.reloc|0x3d2c
DATA|009d226a|2|word||.reloc|0x3d52
DATA|009d226c|2|word||.reloc|0x3e45
DATA|009d226e|2|word||.reloc|0x3e51
DATA|009d2270|2|word||.reloc|0x3e5b
DATA|009d2272|2|word||.reloc|0x3e93
DATA|009d2274|2|word||.reloc|0x3e99
DATA|009d2276|2|word||.reloc|0x3eeb
DATA|009d2278|2|word||.reloc|0x3f8e
DATA|009d227a|2|word||.reloc|0x3f96
DATA|009d227c|2|word||.reloc|0x3f9e
DATA|009d227e|2|word||.reloc|0x3ff4
DATA|009d2280|8|IMAGE_BASE_RELOCATION||.reloc|
DATA|009d2288|2|word||.reloc|0x308e
DATA|009d228a|2|word||.reloc|0x3096
DATA|009d228c|2|word||.reloc|0x309e
DATA|009d228e|2|word||.reloc|0x3104
DATA|009d2290|2|word||.reloc|0x3135
DATA|009d2292|2|word||.reloc|0x314d
DATA|009d2294|2|word||.reloc|0x315e
DATA|009d2296|2|word||.reloc|0x3266
DATA|009d2298|2|word||.reloc|0x3278
DATA|009d229a|2|word||.reloc|0x328a
DATA|009d229c|2|word||.reloc|0x329e
DATA|009d229e|2|word||.reloc|0x32ab
DATA|009d22a0|2|word||.reloc|0x32cb
DATA|009d22a2|2|word||.reloc|0x32d9
DATA|009d22a4|2|word||.reloc|0x32e1
DATA|009d22a6|2|word||.reloc|0x32e9
DATA|009d22a8|2|word||.reloc|0x32f1
DATA|009d22aa|2|word||.reloc|0x32f9
DATA|009d22ac|2|word||.reloc|0x331d
DATA|009d22ae|2|word||.reloc|0x3385
DATA|009d22b0|2|word||.reloc|0x339d
DATA|009d22b2|2|word||.reloc|0x33ae
DATA|009d22b4|2|word||.reloc|0x34b6
DATA|009d22b6|2|word||.reloc|0x34c8
DATA|009d22b8|2|word||.reloc|0x34da
DATA|009d22ba|2|word||.reloc|0x34ec
DATA|009d22bc|2|word||.reloc|0x34f9
DATA|009d22be|2|word||.reloc|0x351d
DATA|009d22c0|2|word||.reloc|0x3525
DATA|009d22c2|2|word||.reloc|0x352d
DATA|009d22c4|2|word||.reloc|0x3535
DATA|009d22c6|2|word||.reloc|0x354d
DATA|009d22c8|2|word||.reloc|0x35b5
DATA|009d22ca|2|word||.reloc|0x35cd
DATA|009d22cc|2|word||.reloc|0x35de
DATA|009d22ce|2|word||.reloc|0x36e6
DATA|009d22d0|2|word||.reloc|0x36f4
DATA|009d22d2|2|word||.reloc|0x3702
DATA|009d22d4|2|word||.reloc|0x3722
DATA|009d22d6|2|word||.reloc|0x372f
DATA|009d22d8|2|word||.reloc|0x3739
DATA|009d22da|2|word||.reloc|0x374b
DATA|009d22dc|2|word||.reloc|0x37b2
DATA|009d22de|2|word||.reloc|0x3920
DATA|009d22e0|2|word||.reloc|0x3abb
DATA|009d22e2|2|word||.reloc|0x3af6
DATA|009d22e4|2|word||.reloc|0x3b6a
DATA|009d22e6|2|word||.reloc|0x3b77
DATA|009d22e8|2|word||.reloc|0x3b92
DATA|009d22ea|2|word||.reloc|0x3b9e
DATA|009d22ec|2|word||.reloc|0x3bbb
DATA|009d22ee|2|word||.reloc|0x3bc7
DATA|009d22f0|2|word||.reloc|0x3bda
DATA|009d22f2|2|word||.reloc|0x3c22
DATA|009d22f4|2|word||.reloc|0x3c2f
DATA|009d22f6|2|word||.reloc|0x3c4a
DATA|009d22f8|2|word||.reloc|0x3c56
DATA|009d22fa|2|word||.reloc|0x3c73
DATA|009d22fc|2|word||.reloc|0x3c7f
DATA|009d22fe|2|word||.reloc|0x3c92
DATA|009d2300|2|word||.reloc|0x3d4c
DATA|009d2302|2|word||.reloc|0x3d8d
DATA|009d2304|2|word||.reloc|0x3da2
DATA|009d2306|2|word||.reloc|0x3db1
DATA|009d2308|2|word||.reloc|0x3dbb
DATA|009d230a|2|word||.reloc|0x3dd4
DATA|009d230c|2|word||.reloc|0x3de9
DATA|009d230e|2|word||.reloc|0x3df8
DATA|009d2310|2|word||.reloc|0x3e21
DATA|009d2312|2|word||.reloc|0x3e5f
DATA|009d2314|2|word||.reloc|0x3eb4
DATA|009d2316|2|word||.reloc|0x3ebf
DATA|009d2318|2|word||.reloc|0x3ed8
DATA|009d231a|2|word||.reloc|0x3f54
DATA|009d231c|2|word||.reloc|0x3f65
DATA|009d231e|2|word||.reloc|0x3f6d
DATA|009d2320|2|word||.reloc|0x3f75
DATA|009d2322|2|word||.reloc|0x3f7d
DATA|009d2324|2|word||.reloc|0x3f85
DATA|009d2326|2|word||.reloc|0x3fb9
DATA|009d2328|2|word||.reloc|0x3fc1
DATA|009d232a|2|word||.reloc|0x3fc9
DATA|009d232c|2|word||.reloc|0x3fe5
DATA|009d232e|2|word||.reloc|0x0
DATA|009d2330|8|IMAGE_BASE_RELOCATION||.reloc|
DATA|009d2338|2|word||.reloc|0x3027
DATA|009d233a|2|word||.reloc|0x3080
DATA|009d233c|2|word||.reloc|0x30db
DATA|009d233e|2|word||.reloc|0x318a
DATA|009d2340|2|word||.reloc|0x31e0
DATA|009d2342|2|word||.reloc|0x31e9
DATA|009d2344|2|word||.reloc|0x31f2
DATA|009d2346|2|word||.reloc|0x31ff
DATA|009d2348|2|word||.reloc|0x3205
DATA|009d234a|2|word||.reloc|0x3215
DATA|009d234c|2|word||.reloc|0x3223
DATA|009d234e|2|word||.reloc|0x3230
DATA|009d2350|2|word||.reloc|0x3249
DATA|009d2352|2|word||.reloc|0x3253
DATA|009d2354|2|word||.reloc|0x326e
DATA|009d2356|2|word||.reloc|0x3277
DATA|009d2358|2|word||.reloc|0x32b8
DATA|009d235a|2|word||.reloc|0x32c4
DATA|009d235c|2|word||.reloc|0x32d9
DATA|009d235e|2|word||.reloc|0x32e8
DATA|009d2360|2|word||.reloc|0x32ee
DATA|009d2362|2|word||.reloc|0x3300
DATA|009d2364|2|word||.reloc|0x3309
DATA|009d2366|2|word||.reloc|0x331c
DATA|009d2368|2|word||.reloc|0x3328
DATA|009d236a|2|word||.reloc|0x332e
DATA|009d236c|2|word||.reloc|0x3334
DATA|009d236e|2|word||.reloc|0x335d
DATA|009d2370|2|word||.reloc|0x3368
DATA|009d2372|2|word||.reloc|0x3376
DATA|009d2374|2|word||.reloc|0x3389
DATA|009d2376|2|word||.reloc|0x3394
DATA|009d2378|2|word||.reloc|0x33a1
DATA|009d237a|2|word||.reloc|0x33b2
DATA|009d237c|2|word||.reloc|0x33ba
DATA|009d237e|2|word||.reloc|0x33ce
DATA|009d2380|2|word||.reloc|0x33d3
DATA|009d2382|2|word||.reloc|0x33e0
DATA|009d2384|2|word||.reloc|0x33ec
DATA|009d2386|2|word||.reloc|0x33f4
DATA|009d2388|2|word||.reloc|0x33fa
DATA|009d238a|2|word||.reloc|0x3414
DATA|009d238c|2|word||.reloc|0x341d
DATA|009d238e|2|word||.reloc|0x3431
DATA|009d2390|2|word||.reloc|0x3439
DATA|009d2392|2|word||.reloc|0x3448
DATA|009d2394|2|word||.reloc|0x344f
DATA|009d2396|2|word||.reloc|0x3457
DATA|009d2398|2|word||.reloc|0x3475
DATA|009d239a|2|word||.reloc|0x347a
DATA|009d239c|2|word||.reloc|0x3485
DATA|009d239e|2|word||.reloc|0x3492
DATA|009d23a0|2|word||.reloc|0x34b2
DATA|009d23a2|2|word||.reloc|0x34b8
DATA|009d23a4|2|word||.reloc|0x34be
DATA|009d23a6|2|word||.reloc|0x34c5
DATA|009d23a8|2|word||.reloc|0x34cc
DATA|009d23aa|2|word||.reloc|0x34d3
DATA|009d23ac|2|word||.reloc|0x34dc
DATA|009d23ae|2|word||.reloc|0x34e2
DATA|009d23b0|2|word||.reloc|0x34f2
DATA|009d23b2|2|word||.reloc|0x34f8
DATA|009d23b4|2|word||.reloc|0x34fe
DATA|009d23b6|2|word||.reloc|0x3531
DATA|009d23b8|2|word||.reloc|0x3537
DATA|009d23ba|2|word||.reloc|0x353d
DATA|009d23bc|2|word||.reloc|0x3547
DATA|009d23be|2|word||.reloc|0x354d
DATA|009d23c0|2|word||.reloc|0x3553
DATA|009d23c2|2|word||.reloc|0x355b
DATA|009d23c4|2|word||.reloc|0x3561
DATA|009d23c6|2|word||.reloc|0x356b
DATA|009d23c8|2|word||.reloc|0x3575
DATA|009d23ca|2|word||.reloc|0x357d
DATA|009d23cc|2|word||.reloc|0x3583
DATA|009d23ce|2|word||.reloc|0x3589
DATA|009d23d0|2|word||.reloc|0x358f
DATA|009d23d2|2|word||.reloc|0x3599
DATA|009d23d4|2|word||.reloc|0x35a2
DATA|009d23d6|2|word||.reloc|0x35a8
DATA|009d23d8|2|word||.reloc|0x35be
DATA|009d23da|2|word||.reloc|0x35c6
DATA|009d23dc|2|word||.reloc|0x35ea
DATA|009d23de|2|word||.reloc|0x35f0
DATA|009d23e0|2|word||.reloc|0x35fe
DATA|009d23e2|2|word||.reloc|0x3604
DATA|009d23e4|2|word||.reloc|0x360a
DATA|009d23e6|2|word||.reloc|0x3611
DATA|009d23e8|2|word||.reloc|0x3619
DATA|009d23ea|2|word||.reloc|0x361e
DATA|009d23ec|2|word||.reloc|0x3628
DATA|009d23ee|2|word||.reloc|0x363c
DATA|009d23f0|2|word||.reloc|0x3642
DATA|009d23f2|2|word||.reloc|0x3648
DATA|009d23f4|2|word||.reloc|0x364d
DATA|009d23f6|2|word||.reloc|0x3657
DATA|009d23f8|2|word||.reloc|0x3661
DATA|009d23fa|2|word||.reloc|0x3678
DATA|009d23fc|2|word||.reloc|0x367e
DATA|009d23fe|2|word||.reloc|0x3683
DATA|009d2400|2|word||.reloc|0x368a
DATA|009d2402|2|word||.reloc|0x3690
DATA|009d2404|2|word||.reloc|0x3696
DATA|009d2406|2|word||.reloc|0x369b
DATA|009d2408|2|word||.reloc|0x36a0
DATA|009d240a|2|word||.reloc|0x36a6
DATA|009d240c|2|word||.reloc|0x36ac
DATA|009d240e|2|word||.reloc|0x36b2
DATA|009d2410|2|word||.reloc|0x36b8
DATA|009d2412|2|word||.reloc|0x36bd
DATA|009d2414|2|word||.reloc|0x36c2
DATA|009d2416|2|word||.reloc|0x36c7
DATA|009d2418|2|word||.reloc|0x36cd
DATA|009d241a|2|word||.reloc|0x36d5
DATA|009d241c|2|word||.reloc|0x36db
DATA|009d241e|2|word||.reloc|0x36e1
DATA|009d2420|2|word||.reloc|0x36e7
DATA|009d2422|2|word||.reloc|0x36fe
DATA|009d2424|2|word||.reloc|0x370f
DATA|009d2426|2|word||.reloc|0x3717
DATA|009d2428|2|word||.reloc|0x371c
DATA|009d242a|2|word||.reloc|0x3722
DATA|009d242c|2|word||.reloc|0x3728
DATA|009d242e|2|word||.reloc|0x372e
DATA|009d2430|2|word||.reloc|0x3733
DATA|009d2432|2|word||.reloc|0x3739
DATA|009d2434|2|word||.reloc|0x373f
DATA|009d2436|2|word||.reloc|0x3753
DATA|009d2438|2|word||.reloc|0x3759
DATA|009d243a|2|word||.reloc|0x3769
DATA|009d243c|2|word||.reloc|0x376f
DATA|009d243e|2|word||.reloc|0x3777
DATA|009d2440|2|word||.reloc|0x377d
DATA|009d2442|2|word||.reloc|0x3783
DATA|009d2444|2|word||.reloc|0x378d
DATA|009d2446|2|word||.reloc|0x3793
DATA|009d2448|2|word||.reloc|0x3799
DATA|009d244a|2|word||.reloc|0x379f
DATA|009d244c|2|word||.reloc|0x37ab
DATA|009d244e|2|word||.reloc|0x37b1
DATA|009d2450|2|word||.reloc|0x37b7
DATA|009d2452|2|word||.reloc|0x37c1
DATA|009d2454|2|word||.reloc|0x37cd
DATA|009d2456|2|word||.reloc|0x37d3
DATA|009d2458|2|word||.reloc|0x37d9
DATA|009d245a|2|word||.reloc|0x37e2
DATA|009d245c|2|word||.reloc|0x37ec
DATA|009d245e|2|word||.reloc|0x37fd
DATA|009d2460|2|word||.reloc|0x3803
DATA|009d2462|2|word||.reloc|0x380b
DATA|009d2464|2|word||.reloc|0x3811
DATA|009d2466|2|word||.reloc|0x3817
DATA|009d2468|2|word||.reloc|0x3821
DATA|009d246a|2|word||.reloc|0x3826
DATA|009d246c|2|word||.reloc|0x382b
DATA|009d246e|2|word||.reloc|0x3848
DATA|009d2470|2|word||.reloc|0x3854
DATA|009d2472|2|word||.reloc|0x385a
DATA|009d2474|2|word||.reloc|0x3860
DATA|009d2476|2|word||.reloc|0x3866
DATA|009d2478|2|word||.reloc|0x386c
DATA|009d247a|2|word||.reloc|0x3872
DATA|009d247c|2|word||.reloc|0x3878
DATA|009d247e|2|word||.reloc|0x387d
DATA|009d2480|2|word||.reloc|0x388e
DATA|009d2482|2|word||.reloc|0x3894
DATA|009d2484|2|word||.reloc|0x38a3
DATA|009d2486|2|word||.reloc|0x38ab
DATA|009d2488|2|word||.reloc|0x38b1
DATA|009d248a|2|word||.reloc|0x38b9
DATA|009d248c|2|word||.reloc|0x38bf
DATA|009d248e|2|word||.reloc|0x38c5
DATA|009d2490|2|word||.reloc|0x38cf
DATA|009d2492|2|word||.reloc|0x38d5
DATA|009d2494|2|word||.reloc|0x38db
DATA|009d2496|2|word||.reloc|0x38e1
DATA|009d2498|2|word||.reloc|0x38e7
DATA|009d249a|2|word||.reloc|0x38f5
DATA|009d249c|2|word||.reloc|0x38fb
DATA|009d249e|2|word||.reloc|0x390e
DATA|009d24a0|2|word||.reloc|0x3914
DATA|009d24a2|2|word||.reloc|0x3919
DATA|009d24a4|2|word||.reloc|0x3923
DATA|009d24a6|2|word||.reloc|0x3935
DATA|009d24a8|2|word||.reloc|0x393a
DATA|009d24aa|2|word||.reloc|0x3955
DATA|009d24ac|2|word||.reloc|0x395b
DATA|009d24ae|2|word||.reloc|0x3961
DATA|009d24b0|2|word||.reloc|0x3967
DATA|009d24b2|2|word||.reloc|0x396d
DATA|009d24b4|2|word||.reloc|0x3973
DATA|009d24b6|2|word||.reloc|0x3979
DATA|009d24b8|2|word||.reloc|0x397f
DATA|009d24ba|2|word||.reloc|0x3985
DATA|009d24bc|2|word||.reloc|0x398b
DATA|009d24be|2|word||.reloc|0x3991
DATA|009d24c0|2|word||.reloc|0x3997
DATA|009d24c2|2|word||.reloc|0x39a0
DATA|009d24c4|2|word||.reloc|0x39c1
DATA|009d24c6|2|word||.reloc|0x39c9
DATA|009d24c8|2|word||.reloc|0x39cf
DATA|009d24ca|2|word||.reloc|0x39d5
DATA|009d24cc|2|word||.reloc|0x39db
DATA|009d24ce|2|word||.reloc|0x39e1
DATA|009d24d0|2|word||.reloc|0x39e6
DATA|009d24d2|2|word||.reloc|0x3a15
DATA|009d24d4|2|word||.reloc|0x3a1b
DATA|009d24d6|2|word||.reloc|0x3a21
DATA|009d24d8|2|word||.reloc|0x3a27
DATA|009d24da|2|word||.reloc|0x3a2f
DATA|009d24dc|2|word||.reloc|0x3a39
DATA|009d24de|2|word||.reloc|0x3a4c
DATA|009d24e0|2|word||.reloc|0x3a6a
DATA|009d24e2|2|word||.reloc|0x3a70
DATA|009d24e4|2|word||.reloc|0x3a76
DATA|009d24e6|2|word||.reloc|0x3a7c
DATA|009d24e8|2|word||.reloc|0x3a82
DATA|009d24ea|2|word||.reloc|0x3a88
DATA|009d24ec|2|word||.reloc|0x3aec
DATA|009d24ee|2|word||.reloc|0x3b3c
DATA|009d24f0|2|word||.reloc|0x3b52
DATA|009d24f2|2|word||.reloc|0x3b64
DATA|009d24f4|2|word||.reloc|0x3b9a
DATA|009d24f6|2|word||.reloc|0x3bca
DATA|009d24f8|2|word||.reloc|0x3bdc
DATA|009d24fa|2|word||.reloc|0x3bee
DATA|009d24fc|2|word||.reloc|0x3c00
DATA|009d24fe|2|word||.reloc|0x3c07
DATA|009d2500|2|word||.reloc|0x3c32
DATA|009d2502|2|word||.reloc|0x3d02
DATA|009d2504|2|word||.reloc|0x3d07
DATA|009d2506|2|word||.reloc|0x3d68
DATA|009d2508|2|word||.reloc|0x3de4
DATA|009d250a|2|word||.reloc|0x3df7
DATA|009d250c|2|word||.reloc|0x3dfd
DATA|009d250e|2|word||.reloc|0x3e03
DATA|009d2510|2|word||.reloc|0x3e1b
DATA|009d2512|2|word||.reloc|0x3eee
DATA|009d2514|2|word||.reloc|0x3f1e
DATA|009d2516|2|word||.reloc|0x3ff3
DATA|009d2518|8|IMAGE_BASE_RELOCATION||.reloc|
DATA|009d2520|2|word||.reloc|0x3052
DATA|009d2522|2|word||.reloc|0x3057
DATA|009d2524|2|word||.reloc|0x309e
DATA|009d2526|2|word||.reloc|0x3155
DATA|009d2528|2|word||.reloc|0x316f
DATA|009d252a|2|word||.reloc|0x3177
DATA|009d252c|2|word||.reloc|0x3181
DATA|009d252e|2|word||.reloc|0x318c
DATA|009d2530|2|word||.reloc|0x3197
DATA|009d2532|2|word||.reloc|0x319f
DATA|009d2534|2|word||.reloc|0x31a7
DATA|009d2536|2|word||.reloc|0x31ac
DATA|009d2538|2|word||.reloc|0x31b4
DATA|009d253a|2|word||.reloc|0x31be
DATA|009d253c|2|word||.reloc|0x31c6
DATA|009d253e|2|word||.reloc|0x31cf
DATA|009d2540|2|word||.reloc|0x31d7
DATA|009d2542|2|word||.reloc|0x31e5
DATA|009d2544|2|word||.reloc|0x31f7
DATA|009d2546|2|word||.reloc|0x3245
DATA|009d2548|2|word||.reloc|0x3257
DATA|009d254a|2|word||.reloc|0x325e
DATA|009d254c|2|word||.reloc|0x32e6
DATA|009d254e|2|word||.reloc|0x3393
DATA|009d2550|2|word||.reloc|0x3429
DATA|009d2552|2|word||.reloc|0x343b
DATA|009d2554|2|word||.reloc|0x3463
DATA|009d2556|2|word||.reloc|0x347d
DATA|009d2558|2|word||.reloc|0x3485
DATA|009d255a|2|word||.reloc|0x3495
DATA|009d255c|2|word||.reloc|0x34a0
DATA|009d255e|2|word||.reloc|0x34ab
DATA|009d2560|2|word||.reloc|0x34bd
DATA|009d2562|2|word||.reloc|0x34c7
DATA|009d2564|2|word||.reloc|0x34d1
DATA|009d2566|2|word||.reloc|0x34d9
DATA|009d2568|2|word||.reloc|0x34e2
DATA|009d256a|2|word||.reloc|0x34ea
DATA|009d256c|2|word||.reloc|0x34f8
DATA|009d256e|2|word||.reloc|0x3509
DATA|009d2570|2|word||.reloc|0x35c4
DATA|009d2572|2|word||.reloc|0x35da
DATA|009d2574|2|word||.reloc|0x35ea
DATA|009d2576|2|word||.reloc|0x35f1
DATA|009d2578|2|word||.reloc|0x35f6
DATA|009d257a|2|word||.reloc|0x3605
DATA|009d257c|2|word||.reloc|0x361d
DATA|009d257e|2|word||.reloc|0x3624
DATA|009d2580|2|word||.reloc|0x369c
DATA|009d2582|2|word||.reloc|0x36a9
DATA|009d2584|2|word||.reloc|0x3770
DATA|009d2586|2|word||.reloc|0x37d7
DATA|009d2588|2|word||.reloc|0x37dd
DATA|009d258a|2|word||.reloc|0x37e3
DATA|009d258c|2|word||.reloc|0x3816
DATA|009d258e|2|word||.reloc|0x3840
DATA|009d2590|2|word||.reloc|0x38c5
DATA|009d2592|2|word||.reloc|0x38da
DATA|009d2594|2|word||.reloc|0x38e2
DATA|009d2596|2|word||.reloc|0x38ef
DATA|009d2598|2|word||.reloc|0x38fc
DATA|009d259a|2|word||.reloc|0x3909
DATA|009d259c|2|word||.reloc|0x3916
DATA|009d259e|2|word||.reloc|0x3923
DATA|009d25a0|2|word||.reloc|0x3930
DATA|009d25a2|2|word||.reloc|0x393d
DATA|009d25a4|2|word||.reloc|0x394a
DATA|009d25a6|2|word||.reloc|0x3957
DATA|009d25a8|2|word||.reloc|0x3963
DATA|009d25aa|2|word||.reloc|0x3987
DATA|009d25ac|2|word||.reloc|0x3993
DATA|009d25ae|2|word||.reloc|0x3999
DATA|009d25b0|2|word||.reloc|0x39a1
DATA|009d25b2|2|word||.reloc|0x39a6
DATA|009d25b4|2|word||.reloc|0x39b0
DATA|009d25b6|2|word||.reloc|0x39bd
DATA|009d25b8|2|word||.reloc|0x39c9
DATA|009d25ba|2|word||.reloc|0x39de
DATA|009d25bc|2|word||.reloc|0x39e8
DATA|009d25be|2|word||.reloc|0x39f4
DATA|009d25c0|2|word||.reloc|0x39ff
DATA|009d25c2|2|word||.reloc|0x3a0f
DATA|009d25c4|2|word||.reloc|0x3a57
DATA|009d25c6|2|word||.reloc|0x3a88
DATA|009d25c8|2|word||.reloc|0x3a97
DATA|009d25ca|2|word||.reloc|0x3aa3
DATA|009d25cc|2|word||.reloc|0x3ab9
DATA|009d25ce|2|word||.reloc|0x3ac6
DATA|009d25d0|2|word||.reloc|0x3afc
DATA|009d25d2|2|word||.reloc|0x3c9c
DATA|009d25d4|2|word||.reloc|0x3e36
DATA|009d25d6|2|word||.reloc|0x3f87
DATA|009d25d8|2|word||.reloc|0x3f8e
DATA|009d25da|2|word||.reloc|0x3fb8
DATA|009d25dc|8|IMAGE_BASE_RELOCATION||.reloc|
DATA|009d25e4|2|word||.reloc|0x3bdc
DATA|009d25e6|2|word||.reloc|0x3be1
DATA|009d25e8|2|word||.reloc|0x3be7
DATA|009d25ea|2|word||.reloc|0x3bf3
DATA|009d25ec|2|word||.reloc|0x3bfa
DATA|009d25ee|2|word||.reloc|0x3c06
DATA|009d25f0|2|word||.reloc|0x3c44
DATA|009d25f2|2|word||.reloc|0x3c4a
DATA|009d25f4|2|word||.reloc|0x3c65
DATA|009d25f6|2|word||.reloc|0x3c73
DATA|009d25f8|2|word||.reloc|0x3c79
DATA|009d25fa|2|word||.reloc|0x3cae
DATA|009d25fc|2|word||.reloc|0x3cb4
DATA|009d25fe|2|word||.reloc|0x3cd0
DATA|009d2600|2|word||.reloc|0x3cd6
DATA|009d2602|2|word||.reloc|0x3d0c
DATA|009d2604|2|word||.reloc|0x3d12
DATA|009d2606|2|word||.reloc|0x3d2e
DATA|009d2608|2|word||.reloc|0x3d34
DATA|009d260a|2|word||.reloc|0x3d71
DATA|009d260c|2|word||.reloc|0x3d77
DATA|009d260e|2|word||.reloc|0x3d8e
DATA|009d2610|2|word||.reloc|0x3d96
DATA|009d2612|2|word||.reloc|0x3da2
DATA|009d2614|2|word||.reloc|0x3db8
DATA|009d2616|2|word||.reloc|0x3dcc
DATA|009d2618|2|word||.reloc|0x3dd0
DATA|009d261a|2|word||.reloc|0x3dd4
DATA|009d261c|2|word||.reloc|0x3dd8
DATA|009d261e|2|word||.reloc|0x3deb
DATA|009d2620|2|word||.reloc|0x3df7
DATA|009d2622|2|word||.reloc|0x3e0a
DATA|009d2624|2|word||.reloc|0x3e0f
DATA|009d2626|2|word||.reloc|0x3e15
DATA|009d2628|2|word||.reloc|0x3e25
DATA|009d262a|2|word||.reloc|0x3e4d
DATA|009d262c|2|word||.reloc|0x3e56
DATA|009d262e|2|word||.reloc|0x3e97
DATA|009d2630|2|word||.reloc|0x3e9d
DATA|009d2632|2|word||.reloc|0x3ea2
DATA|009d2634|2|word||.reloc|0x3ea8
DATA|009d2636|2|word||.reloc|0x3eb3
DATA|009d2638|2|word||.reloc|0x3edc
DATA|009d263a|2|word||.reloc|0x3ee5
DATA|009d263c|2|word||.reloc|0x3f27
DATA|009d263e|2|word||.reloc|0x3f2d
DATA|009d2640|2|word||.reloc|0x3f36
DATA|009d2642|2|word||.reloc|0x3f48
DATA|009d2644|8|IMAGE_BASE_RELOCATION||.reloc|
DATA|009d264c|2|word||.reloc|0x307b
DATA|009d264e|2|word||.reloc|0x3085
DATA|009d2650|2|word||.reloc|0x3092
DATA|009d2652|2|word||.reloc|0x309c
DATA|009d2654|2|word||.reloc|0x30a6
DATA|009d2656|2|word||.reloc|0x30b4
DATA|009d2658|2|word||.reloc|0x30be
DATA|009d265a|2|word||.reloc|0x30da
DATA|009d265c|2|word||.reloc|0x30f6
DATA|009d265e|2|word||.reloc|0x310f
DATA|009d2660|2|word||.reloc|0x3115
DATA|009d2662|2|word||.reloc|0x3125
DATA|009d2664|2|word||.reloc|0x3140
DATA|009d2666|2|word||.reloc|0x314c
DATA|009d2668|2|word||.reloc|0x3154
DATA|009d266a|2|word||.reloc|0x3160
DATA|009d266c|2|word||.reloc|0x316c
DATA|009d266e|2|word||.reloc|0x3178
DATA|009d2670|2|word||.reloc|0x3181
DATA|009d2672|2|word||.reloc|0x3193
DATA|009d2674|2|word||.reloc|0x31a2
DATA|009d2676|2|word||.reloc|0x31aa
DATA|009d2678|2|word||.reloc|0x31b0
DATA|009d267a|2|word||.reloc|0x31b6
DATA|009d267c|2|word||.reloc|0x31bc
DATA|009d267e|2|word||.reloc|0x31c9
DATA|009d2680|2|word||.reloc|0x31ce
DATA|009d2682|2|word||.reloc|0x31d3
DATA|009d2684|2|word||.reloc|0x31d8
DATA|009d2686|2|word||.reloc|0x320a
DATA|009d2688|2|word||.reloc|0x3214
DATA|009d268a|2|word||.reloc|0x321a
DATA|009d268c|2|word||.reloc|0x3220
DATA|009d268e|2|word||.reloc|0x3226
DATA|009d2690|2|word||.reloc|0x3232
DATA|009d2692|2|word||.reloc|0x3238
DATA|009d2694|2|word||.reloc|0x323e
DATA|009d2696|2|word||.reloc|0x3244
DATA|009d2698|2|word||.reloc|0x3249
DATA|009d269a|2|word||.reloc|0x324f
DATA|009d269c|2|word||.reloc|0x3255
DATA|009d269e|2|word||.reloc|0x325b
DATA|009d26a0|2|word||.reloc|0x3263
DATA|009d26a2|2|word||.reloc|0x3269
DATA|009d26a4|2|word||.reloc|0x326f
DATA|009d26a6|2|word||.reloc|0x327b
DATA|009d26a8|2|word||.reloc|0x3281
DATA|009d26aa|2|word||.reloc|0x3287
DATA|009d26ac|2|word||.reloc|0x328d
DATA|009d26ae|2|word||.reloc|0x3299
DATA|009d26b0|2|word||.reloc|0x329f
DATA|009d26b2|2|word||.reloc|0x32a5
DATA|009d26b4|2|word||.reloc|0x32ab
DATA|009d26b6|2|word||.reloc|0x32b0
DATA|009d26b8|2|word||.reloc|0x32bd
DATA|009d26ba|2|word||.reloc|0x32c2
DATA|009d26bc|2|word||.reloc|0x32d9
DATA|009d26be|2|word||.reloc|0x32df
DATA|009d26c0|2|word||.reloc|0x32e4
DATA|009d26c2|2|word||.reloc|0x32ee
DATA|009d26c4|2|word||.reloc|0x32f6
DATA|009d26c6|2|word||.reloc|0x32ff
DATA|009d26c8|2|word||.reloc|0x3307
DATA|009d26ca|2|word||.reloc|0x332d
DATA|009d26cc|2|word||.reloc|0x3384
DATA|009d26ce|2|word||.reloc|0x338e
DATA|009d26d0|2|word||.reloc|0x3396
DATA|009d26d2|2|word||.reloc|0x33ca
DATA|009d26d4|2|word||.reloc|0x33d1
DATA|009d26d6|2|word||.reloc|0x33da
DATA|009d26d8|2|word||.reloc|0x33e3
DATA|009d26da|2|word||.reloc|0x33f0
DATA|009d26dc|2|word||.reloc|0x33fa
DATA|009d26de|2|word||.reloc|0x3404
DATA|009d26e0|2|word||.reloc|0x340c
DATA|009d26e2|2|word||.reloc|0x3411
DATA|009d26e4|2|word||.reloc|0x341f
DATA|009d26e6|2|word||.reloc|0x3425
DATA|009d26e8|2|word||.reloc|0x3436
DATA|009d26ea|2|word||.reloc|0x343c
DATA|009d26ec|2|word||.reloc|0x3447
DATA|009d26ee|2|word||.reloc|0x347d
DATA|009d26f0|2|word||.reloc|0x3493
DATA|009d26f2|2|word||.reloc|0x349e
DATA|009d26f4|2|word||.reloc|0x34af
DATA|009d26f6|2|word||.reloc|0x34be
DATA|009d26f8|2|word||.reloc|0x34df
DATA|009d26fa|2|word||.reloc|0x34fa
DATA|009d26fc|2|word||.reloc|0x3509
DATA|009d26fe|2|word||.reloc|0x351a
DATA|009d2700|2|word||.reloc|0x352a
DATA|009d2702|2|word||.reloc|0x3536
DATA|009d2704|2|word||.reloc|0x354b
DATA|009d2706|2|word||.reloc|0x35ac
DATA|009d2708|2|word||.reloc|0x35ff
DATA|009d270a|2|word||.reloc|0x3610
DATA|009d270c|2|word||.reloc|0x3626
DATA|009d270e|2|word||.reloc|0x3630
DATA|009d2710|2|word||.reloc|0x3639
DATA|009d2712|2|word||.reloc|0x3644
DATA|009d2714|2|word||.reloc|0x364d
DATA|009d2716|2|word||.reloc|0x3658
DATA|009d2718|2|word||.reloc|0x3661
DATA|009d271a|2|word||.reloc|0x366b
DATA|009d271c|2|word||.reloc|0x3674
DATA|009d271e|2|word||.reloc|0x367e
DATA|009d2720|2|word||.reloc|0x368d
DATA|009d2722|2|word||.reloc|0x3692
DATA|009d2724|2|word||.reloc|0x3699
DATA|009d2726|2|word||.reloc|0x36a0
DATA|009d2728|2|word||.reloc|0x36a7
DATA|009d272a|2|word||.reloc|0x36b5
DATA|009d272c|2|word||.reloc|0x36bb
DATA|009d272e|2|word||.reloc|0x36c2
DATA|009d2730|2|word||.reloc|0x36cc
DATA|009d2732|2|word||.reloc|0x36d5
DATA|009d2734|2|word||.reloc|0x36e2
DATA|009d2736|2|word||.reloc|0x36ec
DATA|009d2738|2|word||.reloc|0x36f6
DATA|009d273a|2|word||.reloc|0x36fd
DATA|009d273c|2|word||.reloc|0x3703
DATA|009d273e|2|word||.reloc|0x3710
DATA|009d2740|2|word||.reloc|0x3715
DATA|009d2742|2|word||.reloc|0x3720
DATA|009d2744|2|word||.reloc|0x3729
DATA|009d2746|2|word||.reloc|0x3734
DATA|009d2748|2|word||.reloc|0x373d
DATA|009d274a|2|word||.reloc|0x3747
DATA|009d274c|2|word||.reloc|0x3753
DATA|009d274e|2|word||.reloc|0x3760
DATA|009d2750|2|word||.reloc|0x3767
DATA|009d2752|2|word||.reloc|0x376e
DATA|009d2754|2|word||.reloc|0x3774
DATA|009d2756|2|word||.reloc|0x377e
DATA|009d2758|2|word||.reloc|0x3787
DATA|009d275a|2|word||.reloc|0x3792
DATA|009d275c|2|word||.reloc|0x379b
DATA|009d275e|2|word||.reloc|0x37a6
DATA|009d2760|2|word||.reloc|0x37ab
DATA|009d2762|2|word||.reloc|0x37b4
DATA|009d2764|2|word||.reloc|0x37b8
DATA|009d2766|2|word||.reloc|0x37bc
DATA|009d2768|2|word||.reloc|0x37c0
DATA|009d276a|2|word||.reloc|0x37eb
DATA|009d276c|2|word||.reloc|0x381f
DATA|009d276e|2|word||.reloc|0x3841
DATA|009d2770|2|word||.reloc|0x3847
DATA|009d2772|2|word||.reloc|0x386f
DATA|009d2774|2|word||.reloc|0x3891
DATA|009d2776|2|word||.reloc|0x3897
DATA|009d2778|2|word||.reloc|0x38bb
DATA|009d277a|2|word||.reloc|0x38df
DATA|009d277c|2|word||.reloc|0x3900
DATA|009d277e|2|word||.reloc|0x3906
DATA|009d2780|2|word||.reloc|0x3931
DATA|009d2782|2|word||.reloc|0x3937
DATA|009d2784|2|word||.reloc|0x395b
DATA|009d2786|2|word||.reloc|0x397b
DATA|009d2788|2|word||.reloc|0x399f
DATA|009d278a|2|word||.reloc|0x39c0
DATA|009d278c|2|word||.reloc|0x39c6
DATA|009d278e|2|word||.reloc|0x39f1
DATA|009d2790|2|word||.reloc|0x39f7
DATA|009d2792|2|word||.reloc|0x3a1b
DATA|009d2794|2|word||.reloc|0x3a3b
DATA|009d2796|2|word||.reloc|0x3a5b
DATA|009d2798|2|word||.reloc|0x3a76
DATA|009d279a|2|word||.reloc|0x3ab0
DATA|009d279c|2|word||.reloc|0x3ad6
DATA|009d279e|2|word||.reloc|0x3b10
DATA|009d27a0|2|word||.reloc|0x3b36
DATA|009d27a2|2|word||.reloc|0x3b56
DATA|009d27a4|2|word||.reloc|0x3b90
DATA|009d27a6|2|word||.reloc|0x3bb6
DATA|009d27a8|2|word||.reloc|0x3bd6
DATA|009d27aa|2|word||.reloc|0x3bf6
DATA|009d27ac|2|word||.reloc|0x3c30
DATA|009d27ae|2|word||.reloc|0x3c56
DATA|009d27b0|2|word||.reloc|0x3c76
DATA|009d27b2|2|word||.reloc|0x3ca6
DATA|009d27b4|2|word||.reloc|0x3cd1
DATA|009d27b6|2|word||.reloc|0x3cf1
DATA|009d27b8|2|word||.reloc|0x3d11
DATA|009d27ba|2|word||.reloc|0x3d21
DATA|009d27bc|2|word||.reloc|0x3d46
DATA|009d27be|2|word||.reloc|0x3d61
DATA|009d27c0|2|word||.reloc|0x3d91
DATA|009d27c2|2|word||.reloc|0x3db1
DATA|009d27c4|2|word||.reloc|0x3df6
DATA|009d27c6|2|word||.reloc|0x3e16
DATA|009d27c8|2|word||.reloc|0x3e31
DATA|009d27ca|2|word||.reloc|0x3e67
DATA|009d27cc|2|word||.reloc|0x3ee1
DATA|009d27ce|2|word||.reloc|0x3f17
DATA|009d27d0|2|word||.reloc|0x3f91
DATA|009d27d2|2|word||.reloc|0x0
DATA|009d27d4|8|IMAGE_BASE_RELOCATION||.reloc|
DATA|009d27dc|2|word||.reloc|0x3041
DATA|009d27de|2|word||.reloc|0x32e5
DATA|009d27e0|2|word||.reloc|0x32fb
DATA|009d27e2|2|word||.reloc|0x3316
DATA|009d27e4|2|word||.reloc|0x3342
DATA|009d27e6|2|word||.reloc|0x3361
DATA|009d27e8|2|word||.reloc|0x33d1
DATA|009d27ea|2|word||.reloc|0x33f1
DATA|009d27ec|2|word||.reloc|0x3411
DATA|009d27ee|2|word||.reloc|0x3431
DATA|009d27f0|2|word||.reloc|0x3466
DATA|009d27f2|2|word||.reloc|0x3486
DATA|009d27f4|2|word||.reloc|0x34a2
DATA|009d27f6|2|word||.reloc|0x34b2
DATA|009d27f8|2|word||.reloc|0x34c4
DATA|009d27fa|2|word||.reloc|0x3502
DATA|009d27fc|2|word||.reloc|0x3512
DATA|009d27fe|2|word||.reloc|0x3524
DATA|009d2800|2|word||.reloc|0x3601
DATA|009d2802|2|word||.reloc|0x3621
DATA|009d2804|2|word||.reloc|0x3649
DATA|009d2806|2|word||.reloc|0x3749
DATA|009d2808|2|word||.reloc|0x3822
DATA|009d280a|2|word||.reloc|0x3852
DATA|009d280c|2|word||.reloc|0x3882
DATA|009d280e|2|word||.reloc|0x38c2
DATA|009d2810|2|word||.reloc|0x3901
DATA|009d2812|2|word||.reloc|0x393a
DATA|009d2814|2|word||.reloc|0x39a2
DATA|009d2816|2|word||.reloc|0x3a02
DATA|009d2818|2|word||.reloc|0x3a2f
DATA|009d281a|2|word||.reloc|0x3a39
DATA|009d281c|2|word||.reloc|0x3a42
DATA|009d281e|2|word||.reloc|0x3a50
DATA|009d2820|2|word||.reloc|0x3a7f
DATA|009d2822|2|word||.reloc|0x3a89
DATA|009d2824|2|word||.reloc|0x3a92
DATA|009d2826|2|word||.reloc|0x3a9c
DATA|009d2828|2|word||.reloc|0x3ab6
DATA|009d282a|2|word||.reloc|0x3ad2
DATA|009d282c|2|word||.reloc|0x3ae2
DATA|009d282e|2|word||.reloc|0x3af0
DATA|009d2830|2|word||.reloc|0x3afe
DATA|009d2832|2|word||.reloc|0x3b0c
DATA|009d2834|2|word||.reloc|0x3b1a
DATA|009d2836|2|word||.reloc|0x3b28
DATA|009d2838|2|word||.reloc|0x3b36
DATA|009d283a|2|word||.reloc|0x3b44
DATA|009d283c|2|word||.reloc|0x3b52
DATA|009d283e|2|word||.reloc|0x3b60
DATA|009d2840|2|word||.reloc|0x3b6e
DATA|009d2842|2|word||.reloc|0x3b7c
DATA|009d2844|2|word||.reloc|0x3b8a
DATA|009d2846|2|word||.reloc|0x3b94
DATA|009d2848|2|word||.reloc|0x3b9e
DATA|009d284a|2|word||.reloc|0x3ba8
DATA|009d284c|2|word||.reloc|0x3bb2
DATA|009d284e|2|word||.reloc|0x3bbc
DATA|009d2850|2|word||.reloc|0x3bc6
DATA|009d2852|2|word||.reloc|0x3bd0
DATA|009d2854|2|word||.reloc|0x3bda
DATA|009d2856|2|word||.reloc|0x3be4
DATA|009d2858|2|word||.reloc|0x3bee
DATA|009d285a|2|word||.reloc|0x3bf8
DATA|009d285c|2|word||.reloc|0x3c02
DATA|009d285e|2|word||.reloc|0x3c10
DATA|009d2860|2|word||.reloc|0x3c27
DATA|009d2862|2|word||.reloc|0x3c37
DATA|009d2864|2|word||.reloc|0x3c3f
DATA|009d2866|2|word||.reloc|0x3c47
DATA|009d2868|2|word||.reloc|0x3c4f
DATA|009d286a|2|word||.reloc|0x3c55
DATA|009d286c|2|word||.reloc|0x3c65
DATA|009d286e|2|word||.reloc|0x3c6d
DATA|009d2870|2|word||.reloc|0x3c77
DATA|009d2872|2|word||.reloc|0x3c7d
DATA|009d2874|2|word||.reloc|0x3c8d
DATA|009d2876|2|word||.reloc|0x3c95
DATA|009d2878|2|word||.reloc|0x3c9f
DATA|009d287a|2|word||.reloc|0x3ca7
DATA|009d287c|2|word||.reloc|0x3cb1
DATA|009d287e|2|word||.reloc|0x3cb9
DATA|009d2880|2|word||.reloc|0x3cc3
DATA|009d2882|2|word||.reloc|0x3cc8
DATA|009d2884|2|word||.reloc|0x3cdb
DATA|009d2886|2|word||.reloc|0x3ce3
DATA|009d2888|2|word||.reloc|0x3ceb
DATA|009d288a|2|word||.reloc|0x3cf1
DATA|009d288c|2|word||.reloc|0x3d01
DATA|009d288e|2|word||.reloc|0x3d09
DATA|009d2890|2|word||.reloc|0x3d13
DATA|009d2892|2|word||.reloc|0x3d19
DATA|009d2894|2|word||.reloc|0x3d29
DATA|009d2896|2|word||.reloc|0x3d31
DATA|009d2898|2|word||.reloc|0x3d3b
DATA|009d289a|2|word||.reloc|0x3d43
DATA|009d289c|2|word||.reloc|0x3d4d
DATA|009d289e|2|word||.reloc|0x3d55
DATA|009d28a0|2|word||.reloc|0x3d5f
DATA|009d28a2|2|word||.reloc|0x3d64
DATA|009d28a4|2|word||.reloc|0x3d77
DATA|009d28a6|2|word||.reloc|0x3d7f
DATA|009d28a8|2|word||.reloc|0x3d87
DATA|009d28aa|2|word||.reloc|0x3d8f
DATA|009d28ac|2|word||.reloc|0x3d99
DATA|009d28ae|2|word||.reloc|0x3da1
DATA|009d28b0|2|word||.reloc|0x3dab
DATA|009d28b2|2|word||.reloc|0x3db1
DATA|009d28b4|2|word||.reloc|0x3dc1
DATA|009d28b6|2|word||.reloc|0x3dc9
DATA|009d28b8|2|word||.reloc|0x3dd3
DATA|009d28ba|2|word||.reloc|0x3ddb
DATA|009d28bc|2|word||.reloc|0x3de5
DATA|009d28be|2|word||.reloc|0x3ded
DATA|009d28c0|2|word||.reloc|0x3df7
DATA|009d28c2|2|word||.reloc|0x3dfc
DATA|009d28c4|2|word||.reloc|0x3e0f
DATA|009d28c6|2|word||.reloc|0x3e17
DATA|009d28c8|2|word||.reloc|0x3e1f
DATA|009d28ca|2|word||.reloc|0x3e27
DATA|009d28cc|2|word||.reloc|0x3e31
DATA|009d28ce|2|word||.reloc|0x3e37
DATA|009d28d0|2|word||.reloc|0x3e47
DATA|009d28d2|2|word||.reloc|0x3e4d
DATA|009d28d4|2|word||.reloc|0x3e5d
DATA|009d28d6|2|word||.reloc|0x3e65
DATA|009d28d8|2|word||.reloc|0x3e6f
DATA|009d28da|2|word||.reloc|0x3e77
DATA|009d28dc|2|word||.reloc|0x3e81
DATA|009d28de|2|word||.reloc|0x3e89
DATA|009d28e0|2|word||.reloc|0x3e93
DATA|009d28e2|2|word||.reloc|0x3e98
DATA|009d28e4|2|word||.reloc|0x3eab
DATA|009d28e6|2|word||.reloc|0x3eb3
DATA|009d28e8|2|word||.reloc|0x3ebb
DATA|009d28ea|2|word||.reloc|0x3ec3
DATA|009d28ec|2|word||.reloc|0x3ecd
DATA|009d28ee|2|word||.reloc|0x3ed3
DATA|009d28f0|2|word||.reloc|0x3ee3
DATA|009d28f2|2|word||.reloc|0x3eeb
DATA|009d28f4|2|word||.reloc|0x3ef5
DATA|009d28f6|2|word||.reloc|0x3efd
DATA|009d28f8|2|word||.reloc|0x3f07
DATA|009d28fa|2|word||.reloc|0x3f0f
DATA|009d28fc|2|word||.reloc|0x3f19
DATA|009d28fe|2|word||.reloc|0x3f21
DATA|009d2900|2|word||.reloc|0x3f2b
DATA|009d2902|2|word||.reloc|0x3f30
DATA|009d2904|2|word||.reloc|0x3f43
DATA|009d2906|2|word||.reloc|0x3f4b
DATA|009d2908|2|word||.reloc|0x3f53
DATA|009d290a|2|word||.reloc|0x3f5b
DATA|009d290c|2|word||.reloc|0x3f65
DATA|009d290e|2|word||.reloc|0x3f6b
DATA|009d2910|2|word||.reloc|0x3f7b
DATA|009d2912|2|word||.reloc|0x3f83
DATA|009d2914|2|word||.reloc|0x3f8d
DATA|009d2916|2|word||.reloc|0x3f93
DATA|009d2918|2|word||.reloc|0x3fa3
DATA|009d291a|2|word||.reloc|0x3fab
DATA|009d291c|2|word||.reloc|0x3fb5
DATA|009d291e|2|word||.reloc|0x3fbd
DATA|009d2920|2|word||.reloc|0x3fc7
DATA|009d2922|2|word||.reloc|0x3fcc
DATA|009d2924|2|word||.reloc|0x3fdf
DATA|009d2926|2|word||.reloc|0x3fe7
DATA|009d2928|2|word||.reloc|0x3fef
DATA|009d292a|2|word||.reloc|0x3ff7
DATA|009d292c|8|IMAGE_BASE_RELOCATION||.reloc|
DATA|009d2934|2|word||.reloc|0x3001
DATA|009d2936|2|word||.reloc|0x3007
DATA|009d2938|2|word||.reloc|0x3017
DATA|009d293a|2|word||.reloc|0x301f
DATA|009d293c|2|word||.reloc|0x3029
DATA|009d293e|2|word||.reloc|0x302f
DATA|009d2940|2|word||.reloc|0x303f
DATA|009d2942|2|word||.reloc|0x3047
DATA|009d2944|2|word||.reloc|0x3051
DATA|009d2946|2|word||.reloc|0x3059
DATA|009d2948|2|word||.reloc|0x3063
DATA|009d294a|2|word||.reloc|0x3068
DATA|009d294c|2|word||.reloc|0x307b
DATA|009d294e|2|word||.reloc|0x3083
DATA|009d2950|2|word||.reloc|0x308b
DATA|009d2952|2|word||.reloc|0x3093
DATA|009d2954|2|word||.reloc|0x309d
DATA|009d2956|2|word||.reloc|0x30a3
DATA|009d2958|2|word||.reloc|0x30b3
DATA|009d295a|2|word||.reloc|0x30bb
DATA|009d295c|2|word||.reloc|0x30c5
DATA|009d295e|2|word||.reloc|0x30cb
DATA|009d2960|2|word||.reloc|0x30db
DATA|009d2962|2|word||.reloc|0x30e3
DATA|009d2964|2|word||.reloc|0x30ed
DATA|009d2966|2|word||.reloc|0x30fb
DATA|009d2968|2|word||.reloc|0x3100
DATA|009d296a|2|word||.reloc|0x3114
DATA|009d296c|2|word||.reloc|0x3118
DATA|009d296e|2|word||.reloc|0x311c
DATA|009d2970|2|word||.reloc|0x3120
DATA|009d2972|2|word||.reloc|0x3124
DATA|009d2974|2|word||.reloc|0x3128
DATA|009d2976|2|word||.reloc|0x312c
DATA|009d2978|2|word||.reloc|0x3130
DATA|009d297a|2|word||.reloc|0x315e
DATA|009d297c|2|word||.reloc|0x316e
DATA|009d297e|2|word||.reloc|0x3176
DATA|009d2980|2|word||.reloc|0x317e
DATA|009d2982|2|word||.reloc|0x3186
DATA|009d2984|2|word||.reloc|0x318e
DATA|009d2986|2|word||.reloc|0x3198
DATA|009d2988|2|word||.reloc|0x31a0
DATA|009d298a|2|word||.reloc|0x31aa
DATA|009d298c|2|word||.reloc|0x31b0
DATA|009d298e|2|word||.reloc|0x31c0
DATA|009d2990|2|word||.reloc|0x31c8
DATA|009d2992|2|word||.reloc|0x31d2
DATA|009d2994|2|word||.reloc|0x31da
DATA|009d2996|2|word||.reloc|0x31e4
DATA|009d2998|2|word||.reloc|0x31ec
DATA|009d299a|2|word||.reloc|0x31f6
DATA|009d299c|2|word||.reloc|0x31fb
DATA|009d299e|2|word||.reloc|0x320c
DATA|009d29a0|2|word||.reloc|0x321a
DATA|009d29a2|2|word||.reloc|0x3222
DATA|009d29a4|2|word||.reloc|0x322a
DATA|009d29a6|2|word||.reloc|0x3234
DATA|009d29a8|2|word||.reloc|0x323c
DATA|009d29aa|2|word||.reloc|0x3246
DATA|009d29ac|2|word||.reloc|0x324c
DATA|009d29ae|2|word||.reloc|0x325c
DATA|009d29b0|2|word||.reloc|0x3264
DATA|009d29b2|2|word||.reloc|0x326e
DATA|009d29b4|2|word||.reloc|0x3276
DATA|009d29b6|2|word||.reloc|0x3280
DATA|009d29b8|2|word||.reloc|0x3288
DATA|009d29ba|2|word||.reloc|0x3292
DATA|009d29bc|2|word||.reloc|0x3297
DATA|009d29be|2|word||.reloc|0x32aa
DATA|009d29c0|2|word||.reloc|0x32b2
DATA|009d29c2|2|word||.reloc|0x32ba
DATA|009d29c4|2|word||.reloc|0x32c0
DATA|009d29c6|2|word||.reloc|0x32d0
DATA|009d29c8|2|word||.reloc|0x32d8
DATA|009d29ca|2|word||.reloc|0x32e2
DATA|009d29cc|2|word||.reloc|0x32e8
DATA|009d29ce|2|word||.reloc|0x32f8
DATA|009d29d0|2|word||.reloc|0x3300
DATA|009d29d2|2|word||.reloc|0x330a
DATA|009d29d4|2|word||.reloc|0x3312
DATA|009d29d6|2|word||.reloc|0x331c
DATA|009d29d8|2|word||.reloc|0x3324
DATA|009d29da|2|word||.reloc|0x332e
DATA|009d29dc|2|word||.reloc|0x3333
DATA|009d29de|2|word||.reloc|0x3346
DATA|009d29e0|2|word||.reloc|0x334e
DATA|009d29e2|2|word||.reloc|0x3356
DATA|009d29e4|2|word||.reloc|0x335c
DATA|009d29e6|2|word||.reloc|0x336c
DATA|009d29e8|2|word||.reloc|0x3374
DATA|009d29ea|2|word||.reloc|0x337e
DATA|009d29ec|2|word||.reloc|0x3384
DATA|009d29ee|2|word||.reloc|0x3394
DATA|009d29f0|2|word||.reloc|0x339c
DATA|009d29f2|2|word||.reloc|0x33a6
DATA|009d29f4|2|word||.reloc|0x33ae
DATA|009d29f6|2|word||.reloc|0x33b8
DATA|009d29f8|2|word||.reloc|0x33c0
DATA|009d29fa|2|word||.reloc|0x33ca
DATA|009d29fc|2|word||.reloc|0x33cf
DATA|009d29fe|2|word||.reloc|0x33e2
DATA|009d2a00|2|word||.reloc|0x33ea
DATA|009d2a02|2|word||.reloc|0x33f2
DATA|009d2a04|2|word||.reloc|0x33f8
DATA|009d2a06|2|word||.reloc|0x3408
DATA|009d2a08|2|word||.reloc|0x3410
DATA|009d2a0a|2|word||.reloc|0x341a
DATA|009d2a0c|2|word||.reloc|0x3422
DATA|009d2a0e|2|word||.reloc|0x342c
DATA|009d2a10|2|word||.reloc|0x3434
DATA|009d2a12|2|word||.reloc|0x343e
DATA|009d2a14|2|word||.reloc|0x3446
DATA|009d2a16|2|word||.reloc|0x3450
DATA|009d2a18|2|word||.reloc|0x3458
DATA|009d2a1a|2|word||.reloc|0x3462
DATA|009d2a1c|2|word||.reloc|0x3467
DATA|009d2a1e|2|word||.reloc|0x347a
DATA|009d2a20|2|word||.reloc|0x3482
DATA|009d2a22|2|word||.reloc|0x348a
DATA|009d2a24|2|word||.reloc|0x3490
DATA|009d2a26|2|word||.reloc|0x34a0
DATA|009d2a28|2|word||.reloc|0x34a8
DATA|009d2a2a|2|word||.reloc|0x34b2
DATA|009d2a2c|2|word||.reloc|0x34ba
DATA|009d2a2e|2|word||.reloc|0x34c4
DATA|009d2a30|2|word||.reloc|0x34ca
DATA|009d2a32|2|word||.reloc|0x34da
DATA|009d2a34|2|word||.reloc|0x34e2
DATA|009d2a36|2|word||.reloc|0x34ec
DATA|009d2a38|2|word||.reloc|0x34f4
DATA|009d2a3a|2|word||.reloc|0x34fe
DATA|009d2a3c|2|word||.reloc|0x3503
DATA|009d2a3e|2|word||.reloc|0x3516
DATA|009d2a40|2|word||.reloc|0x351e
DATA|009d2a42|2|word||.reloc|0x3526
DATA|009d2a44|2|word||.reloc|0x352c
DATA|009d2a46|2|word||.reloc|0x353c
DATA|009d2a48|2|word||.reloc|0x3544
DATA|009d2a4a|2|word||.reloc|0x354e
DATA|009d2a4c|2|word||.reloc|0x3556
DATA|009d2a4e|2|word||.reloc|0x3560
DATA|009d2a50|2|word||.reloc|0x3566
DATA|009d2a52|2|word||.reloc|0x3576
DATA|009d2a54|2|word||.reloc|0x357e
DATA|009d2a56|2|word||.reloc|0x3588
DATA|009d2a58|2|word||.reloc|0x3590
DATA|009d2a5a|2|word||.reloc|0x359a
DATA|009d2a5c|2|word||.reloc|0x359f
DATA|009d2a5e|2|word||.reloc|0x35b2
DATA|009d2a60|2|word||.reloc|0x35ba
DATA|009d2a62|2|word||.reloc|0x35c2
DATA|009d2a64|2|word||.reloc|0x35c8
DATA|009d2a66|2|word||.reloc|0x35d8
DATA|009d2a68|2|word||.reloc|0x35e0
DATA|009d2a6a|2|word||.reloc|0x35ea
DATA|009d2a6c|2|word||.reloc|0x35f2
DATA|009d2a6e|2|word||.reloc|0x35fc
DATA|009d2a70|2|word||.reloc|0x3602
DATA|009d2a72|2|word||.reloc|0x3612
DATA|009d2a74|2|word||.reloc|0x361a
DATA|009d2a76|2|word||.reloc|0x3624
DATA|009d2a78|2|word||.reloc|0x3632
DATA|009d2a7a|2|word||.reloc|0x3637
DATA|009d2a7c|2|word||.reloc|0x364c
DATA|009d2a7e|2|word||.reloc|0x3650
DATA|009d2a80|2|word||.reloc|0x3654
DATA|009d2a82|2|word||.reloc|0x3658
DATA|009d2a84|2|word||.reloc|0x365c
DATA|009d2a86|2|word||.reloc|0x3660
DATA|009d2a88|2|word||.reloc|0x3664
DATA|009d2a8a|2|word||.reloc|0x3668
DATA|009d2a8c|2|word||.reloc|0x3673
DATA|009d2a8e|2|word||.reloc|0x3682
DATA|009d2a90|2|word||.reloc|0x3691
DATA|009d2a92|2|word||.reloc|0x36e9
DATA|009d2a94|2|word||.reloc|0x370c
DATA|009d2a96|2|word||.reloc|0x3730
DATA|009d2a98|2|word||.reloc|0x374b
DATA|009d2a9a|2|word||.reloc|0x375c
DATA|009d2a9c|2|word||.reloc|0x377f
DATA|009d2a9e|2|word||.reloc|0x379e
DATA|009d2aa0|2|word||.reloc|0x37bc
DATA|009d2aa2|2|word||.reloc|0x37e0
DATA|009d2aa4|2|word||.reloc|0x37ff
DATA|009d2aa6|2|word||.reloc|0x3810
DATA|009d2aa8|2|word||.reloc|0x383c
DATA|009d2aaa|2|word||.reloc|0x3856
DATA|009d2aac|2|word||.reloc|0x387c
DATA|009d2aae|2|word||.reloc|0x3884
DATA|009d2ab0|2|word||.reloc|0x3896
DATA|009d2ab2|2|word||.reloc|0x38cf
DATA|009d2ab4|2|word||.reloc|0x38e6
DATA|009d2ab6|2|word||.reloc|0x390f
DATA|009d2ab8|2|word||.reloc|0x3926
DATA|009d2aba|2|word||.reloc|0x3952
DATA|009d2abc|2|word||.reloc|0x3958
DATA|009d2abe|2|word||.reloc|0x3971
DATA|009d2ac0|2|word||.reloc|0x39a2
DATA|009d2ac2|2|word||.reloc|0x39a8
DATA|009d2ac4|2|word||.reloc|0x39d1
DATA|009d2ac6|2|word||.reloc|0x39de
DATA|009d2ac8|2|word||.reloc|0x39fc
DATA|009d2aca|2|word||.reloc|0x3a04
DATA|009d2acc|2|word||.reloc|0x3a10
DATA|009d2ace|2|word||.reloc|0x3a30
DATA|009d2ad0|2|word||.reloc|0x3a4e
DATA|009d2ad2|2|word||.reloc|0x3a5c
DATA|009d2ad4|2|word||.reloc|0x3a7a
DATA|009d2ad6|2|word||.reloc|0x3a98
DATA|009d2ad8|2|word||.reloc|0x3aa5
DATA|009d2ada|2|word||.reloc|0x3adc
DATA|009d2adc|2|word||.reloc|0x3b0c
DATA|009d2ade|2|word||.reloc|0x3b3c
DATA|009d2ae0|2|word||.reloc|0x3b44
DATA|009d2ae2|2|word||.reloc|0x3b6c
DATA|009d2ae4|2|word||.reloc|0x3b74
DATA|009d2ae6|2|word||.reloc|0x3b80
DATA|009d2ae8|2|word||.reloc|0x3b88
DATA|009d2aea|2|word||.reloc|0x3ba2
DATA|009d2aec|2|word||.reloc|0x3bbd
DATA|009d2aee|2|word||.reloc|0x3bc5
DATA|009d2af0|2|word||.reloc|0x3bef
DATA|009d2af2|2|word||.reloc|0x3c1d
DATA|009d2af4|2|word||.reloc|0x3c36
DATA|009d2af6|2|word||.reloc|0x3c4e
DATA|009d2af8|2|word||.reloc|0x3c65
DATA|009d2afa|2|word||.reloc|0x3c71
DATA|009d2afc|2|word||.reloc|0x3c82
DATA|009d2afe|2|word||.reloc|0x3c92
DATA|009d2b00|2|word||.reloc|0x3ca3
DATA|009d2b02|2|word||.reloc|0x3cb4
DATA|009d2b04|2|word||.reloc|0x3cbc
DATA|009d2b06|2|word||.reloc|0x3dd3
DATA|009d2b08|2|word||.reloc|0x3e01
DATA|009d2b0a|2|word||.reloc|0x3e06
DATA|009d2b0c|2|word||.reloc|0x3e12
DATA|009d2b0e|2|word||.reloc|0x3e26
DATA|009d2b10|2|word||.reloc|0x3e4f
DATA|009d2b12|2|word||.reloc|0x3e70
DATA|009d2b14|2|word||.reloc|0x3e95
DATA|009d2b16|2|word||.reloc|0x3ea6
DATA|009d2b18|2|word||.reloc|0x3ecf
DATA|009d2b1a|2|word||.reloc|0x3ef0
DATA|009d2b1c|2|word||.reloc|0x3f15
DATA|009d2b1e|2|word||.reloc|0x3f26
DATA|009d2b20|2|word||.reloc|0x3f54
DATA|009d2b22|2|word||.reloc|0x3f6e
DATA|009d2b24|2|word||.reloc|0x3fa1
DATA|009d2b26|2|word||.reloc|0x3fb1
DATA|009d2b28|2|word||.reloc|0x3fc2
DATA|009d2b2a|2|word||.reloc|0x0
DATA|009d2b2c|8|IMAGE_BASE_RELOCATION||.reloc|
DATA|009d2b34|2|word||.reloc|0x302d
DATA|009d2b36|2|word||.reloc|0x304b
DATA|009d2b38|2|word||.reloc|0x3051
DATA|009d2b3a|2|word||.reloc|0x3061
DATA|009d2b3c|2|word||.reloc|0x3076
DATA|009d2b3e|2|word||.reloc|0x3086
DATA|009d2b40|2|word||.reloc|0x30a6
DATA|009d2b42|2|word||.reloc|0x30d3
DATA|009d2b44|2|word||.reloc|0x30ee
DATA|009d2b46|2|word||.reloc|0x3101
DATA|009d2b48|2|word||.reloc|0x3112
DATA|009d2b4a|2|word||.reloc|0x3168
DATA|009d2b4c|2|word||.reloc|0x3179
DATA|009d2b4e|2|word||.reloc|0x31d2
DATA|009d2b50|2|word||.reloc|0x31e0
DATA|009d2b52|2|word||.reloc|0x3200
DATA|009d2b54|2|word||.reloc|0x3217
DATA|009d2b56|2|word||.reloc|0x3248
DATA|009d2b58|2|word||.reloc|0x324e
DATA|009d2b5a|2|word||.reloc|0x3279
DATA|009d2b5c|2|word||.reloc|0x3286
DATA|009d2b5e|2|word||.reloc|0x3299
DATA|009d2b60|2|word||.reloc|0x32a9
DATA|009d2b62|2|word||.reloc|0x32b2
DATA|009d2b64|2|word||.reloc|0x32b8
DATA|009d2b66|2|word||.reloc|0x32c3
DATA|009d2b68|2|word||.reloc|0x32cd
DATA|009d2b6a|2|word||.reloc|0x32e2
DATA|009d2b6c|2|word||.reloc|0x32ed
DATA|009d2b6e|2|word||.reloc|0x3312
DATA|009d2b70|2|word||.reloc|0x334e
DATA|009d2b72|2|word||.reloc|0x335a
DATA|009d2b74|2|word||.reloc|0x33b6
DATA|009d2b76|2|word||.reloc|0x33c0
DATA|009d2b78|2|word||.reloc|0x33c9
DATA|009d2b7a|2|word||.reloc|0x33d9
DATA|009d2b7c|2|word||.reloc|0x33f7
DATA|009d2b7e|2|word||.reloc|0x33ff
DATA|009d2b80|2|word||.reloc|0x342a
DATA|009d2b82|2|word||.reloc|0x344a
DATA|009d2b84|2|word||.reloc|0x3466
DATA|009d2b86|2|word||.reloc|0x3477
DATA|009d2b88|2|word||.reloc|0x3495
DATA|009d2b8a|2|word||.reloc|0x349d
DATA|009d2b8c|2|word||.reloc|0x34cc
DATA|009d2b8e|2|word||.reloc|0x34e9
DATA|009d2b90|2|word||.reloc|0x34fa
DATA|009d2b92|2|word||.reloc|0x3529
DATA|009d2b94|2|word||.reloc|0x3533
DATA|009d2b96|2|word||.reloc|0x353d
DATA|009d2b98|2|word||.reloc|0x35a1
DATA|009d2b9a|2|word||.reloc|0x35b1
DATA|009d2b9c|2|word||.reloc|0x35bd
DATA|009d2b9e|2|word||.reloc|0x35ca
DATA|009d2ba0|2|word||.reloc|0x35db
DATA|009d2ba2|2|word||.reloc|0x3602
DATA|009d2ba4|2|word||.reloc|0x3618
DATA|009d2ba6|2|word||.reloc|0x362e
DATA|009d2ba8|2|word||.reloc|0x3641
DATA|009d2baa|2|word||.reloc|0x3651
DATA|009d2bac|2|word||.reloc|0x3672
DATA|009d2bae|2|word||.reloc|0x3682
DATA|009d2bb0|2|word||.reloc|0x3692
DATA|009d2bb2|2|word||.reloc|0x369c
DATA|009d2bb4|2|word||.reloc|0x36a6
DATA|009d2bb6|2|word||.reloc|0x36ca
DATA|009d2bb8|2|word||.reloc|0x36ea
DATA|009d2bba|2|word||.reloc|0x370a
DATA|009d2bbc|2|word||.reloc|0x3727
DATA|009d2bbe|2|word||.reloc|0x3747
DATA|009d2bc0|2|word||.reloc|0x3769
DATA|009d2bc2|2|word||.reloc|0x376f
DATA|009d2bc4|2|word||.reloc|0x3779
DATA|009d2bc6|2|word||.reloc|0x3781
DATA|009d2bc8|2|word||.reloc|0x3787
DATA|009d2bca|2|word||.reloc|0x378d
DATA|009d2bcc|2|word||.reloc|0x37a8
DATA|009d2bce|2|word||.reloc|0x37b7
DATA|009d2bd0|2|word||.reloc|0x37bd
DATA|009d2bd2|2|word||.reloc|0x37c6
DATA|009d2bd4|2|word||.reloc|0x37cc
DATA|009d2bd6|2|word||.reloc|0x37d2
DATA|009d2bd8|2|word||.reloc|0x37de
DATA|009d2bda|2|word||.reloc|0x37f3
DATA|009d2bdc|2|word||.reloc|0x3823
DATA|009d2bde|2|word||.reloc|0x3833
DATA|009d2be0|2|word||.reloc|0x3845
DATA|009d2be2|2|word||.reloc|0x3861
DATA|009d2be4|2|word||.reloc|0x38e0
DATA|009d2be6|2|word||.reloc|0x38f2
DATA|009d2be8|2|word||.reloc|0x390b
DATA|009d2bea|2|word||.reloc|0x391f
DATA|009d2bec|2|word||.reloc|0x392b
DATA|009d2bee|2|word||.reloc|0x395b
DATA|009d2bf0|2|word||.reloc|0x398c
DATA|009d2bf2|2|word||.reloc|0x39bd
DATA|009d2bf4|2|word||.reloc|0x39ee
DATA|009d2bf6|2|word||.reloc|0x3a1f
DATA|009d2bf8|2|word||.reloc|0x3a72
DATA|009d2bfa|2|word||.reloc|0x3a82
DATA|009d2bfc|2|word||.reloc|0x3a93
DATA|009d2bfe|2|word||.reloc|0x3aa1
DATA|009d2c00|2|word||.reloc|0x3ab2
DATA|009d2c02|2|word||.reloc|0x3ac2
DATA|009d2c04|2|word||.reloc|0x3ad2
DATA|009d2c06|2|word||.reloc|0x3af1
DATA|009d2c08|2|word||.reloc|0x3b0d
DATA|009d2c0a|2|word||.reloc|0x3bf8
DATA|009d2c0c|2|word||.reloc|0x3bfe
DATA|009d2c0e|2|word||.reloc|0x3c0a
DATA|009d2c10|2|word||.reloc|0x3c11
DATA|009d2c12|2|word||.reloc|0x3c38
DATA|009d2c14|2|word||.reloc|0x3c42
DATA|009d2c16|2|word||.reloc|0x3c49
DATA|009d2c18|2|word||.reloc|0x3c69
DATA|009d2c1a|2|word||.reloc|0x3c73
DATA|009d2c1c|2|word||.reloc|0x3c84
DATA|009d2c1e|2|word||.reloc|0x3cb8
DATA|009d2c20|2|word||.reloc|0x3cc7
DATA|009d2c22|2|word||.reloc|0x3ce3
DATA|009d2c24|2|word||.reloc|0x3ce9
DATA|009d2c26|2|word||.reloc|0x3cf3
DATA|009d2c28|2|word||.reloc|0x3d09
DATA|009d2c2a|2|word||.reloc|0x3d0f
DATA|009d2c2c|2|word||.reloc|0x3d30
DATA|009d2c2e|2|word||.reloc|0x3d36
DATA|009d2c30|2|word||.reloc|0x3d63
DATA|009d2c32|2|word||.reloc|0x3d69
DATA|009d2c34|2|word||.reloc|0x3d78
DATA|009d2c36|2|word||.reloc|0x3d86
DATA|009d2c38|2|word||.reloc|0x3d9a
DATA|009d2c3a|2|word||.reloc|0x3da0
DATA|009d2c3c|2|word||.reloc|0x3dbb
DATA|009d2c3e|2|word||.reloc|0x3dc1
DATA|009d2c40|2|word||.reloc|0x3dd5
DATA|009d2c42|2|word||.reloc|0x3ddb
DATA|009d2c44|2|word||.reloc|0x3e09
DATA|009d2c46|2|word||.reloc|0x3e0f
DATA|009d2c48|2|word||.reloc|0x3e31
DATA|009d2c4a|2|word||.reloc|0x3e37
DATA|009d2c4c|2|word||.reloc|0x3e3e
DATA|009d2c4e|2|word||.reloc|0x3e68
DATA|009d2c50|2|word||.reloc|0x3e85
DATA|009d2c52|2|word||.reloc|0x3ea5
DATA|009d2c54|2|word||.reloc|0x3eb1
DATA|009d2c56|2|word||.reloc|0x3ec8
DATA|009d2c58|2|word||.reloc|0x3ee0
DATA|009d2c5a|2|word||.reloc|0x3ef6
DATA|009d2c5c|2|word||.reloc|0x3f05
DATA|009d2c5e|2|word||.reloc|0x3f11
DATA|009d2c60|2|word||.reloc|0x3f29
DATA|009d2c62|2|word||.reloc|0x3f45
DATA|009d2c64|2|word||.reloc|0x3f62
DATA|009d2c66|2|word||.reloc|0x3f78
DATA|009d2c68|2|word||.reloc|0x3f85
DATA|009d2c6a|2|word||.reloc|0x3f90
DATA|009d2c6c|2|word||.reloc|0x3f9f
DATA|009d2c6e|2|word||.reloc|0x3fac
DATA|009d2c70|2|word||.reloc|0x3fcf
DATA|009d2c72|2|word||.reloc|0x3fd5
DATA|009d2c74|2|word||.reloc|0x3fe2
DATA|009d2c76|2|word||.reloc|0x3ff8
DATA|009d2c78|2|word||.reloc|0x3ffe
DATA|009d2c7a|2|word||.reloc|0x0
DATA|009d2c7c|8|IMAGE_BASE_RELOCATION||.reloc|
DATA|009d2c84|2|word||.reloc|0x300f
DATA|009d2c86|2|word||.reloc|0x301c
DATA|009d2c88|2|word||.reloc|0x303f
DATA|009d2c8a|2|word||.reloc|0x3045
DATA|009d2c8c|2|word||.reloc|0x3051
DATA|009d2c8e|2|word||.reloc|0x306c
DATA|009d2c90|2|word||.reloc|0x3072
DATA|009d2c92|2|word||.reloc|0x3077
DATA|009d2c94|2|word||.reloc|0x307d
DATA|009d2c96|2|word||.reloc|0x308b
DATA|009d2c98|2|word||.reloc|0x30a0
DATA|009d2c9a|2|word||.reloc|0x30a6
DATA|009d2c9c|2|word||.reloc|0x30be
DATA|009d2c9e|2|word||.reloc|0x30c4
DATA|009d2ca0|2|word||.reloc|0x30e5
DATA|009d2ca2|2|word||.reloc|0x30f3
DATA|009d2ca4|2|word||.reloc|0x3100
DATA|009d2ca6|2|word||.reloc|0x310c
DATA|009d2ca8|2|word||.reloc|0x3116
DATA|009d2caa|2|word||.reloc|0x311c
DATA|009d2cac|2|word||.reloc|0x3123
DATA|009d2cae|2|word||.reloc|0x3128
DATA|009d2cb0|2|word||.reloc|0x312d
DATA|009d2cb2|2|word||.reloc|0x3133
DATA|009d2cb4|2|word||.reloc|0x3139
DATA|009d2cb6|2|word||.reloc|0x313e
DATA|009d2cb8|2|word||.reloc|0x3148
DATA|009d2cba|2|word||.reloc|0x3157
DATA|009d2cbc|2|word||.reloc|0x315f
DATA|009d2cbe|2|word||.reloc|0x3165
DATA|009d2cc0|2|word||.reloc|0x316a
DATA|009d2cc2|2|word||.reloc|0x317b
DATA|009d2cc4|2|word||.reloc|0x3183
DATA|009d2cc6|2|word||.reloc|0x318f
DATA|009d2cc8|2|word||.reloc|0x3199
DATA|009d2cca|2|word||.reloc|0x31a1
DATA|009d2ccc|2|word||.reloc|0x31a7
DATA|009d2cce|2|word||.reloc|0x31cf
DATA|009d2cd0|2|word||.reloc|0x31e2
DATA|009d2cd2|2|word||.reloc|0x31e8
DATA|009d2cd4|2|word||.reloc|0x31ff
DATA|009d2cd6|2|word||.reloc|0x3205
DATA|009d2cd8|2|word||.reloc|0x3212
DATA|009d2cda|2|word||.reloc|0x3222
DATA|009d2cdc|2|word||.reloc|0x3231
DATA|009d2cde|2|word||.reloc|0x323e
DATA|009d2ce0|2|word||.reloc|0x3246
DATA|009d2ce2|2|word||.reloc|0x3261
DATA|009d2ce4|2|word||.reloc|0x326e
DATA|009d2ce6|2|word||.reloc|0x3276
DATA|009d2ce8|2|word||.reloc|0x3291
DATA|009d2cea|2|word||.reloc|0x329e
DATA|009d2cec|2|word||.reloc|0x32a6
DATA|009d2cee|2|word||.reloc|0x32c1
DATA|009d2cf0|2|word||.reloc|0x32cd
DATA|009d2cf2|2|word||.reloc|0x32d5
DATA|009d2cf4|2|word||.reloc|0x32f2
DATA|009d2cf6|2|word||.reloc|0x3317
DATA|009d2cf8|2|word||.reloc|0x3322
DATA|009d2cfa|2|word||.reloc|0x3346
DATA|009d2cfc|2|word||.reloc|0x3351
DATA|009d2cfe|2|word||.reloc|0x3357
DATA|009d2d00|2|word||.reloc|0x3360
DATA|009d2d02|2|word||.reloc|0x3372
DATA|009d2d04|2|word||.reloc|0x337a
DATA|009d2d06|2|word||.reloc|0x3384
DATA|009d2d08|2|word||.reloc|0x33ba
DATA|009d2d0a|2|word||.reloc|0x33db
DATA|009d2d0c|2|word||.reloc|0x342c
DATA|009d2d0e|2|word||.reloc|0x3442
DATA|009d2d10|2|word||.reloc|0x345f
DATA|009d2d12|2|word||.reloc|0x34d0
DATA|009d2d14|2|word||.reloc|0x34d6
DATA|009d2d16|2|word||.reloc|0x34df
DATA|009d2d18|2|word||.reloc|0x34e4
DATA|009d2d1a|2|word||.reloc|0x34f0
DATA|009d2d1c|2|word||.reloc|0x34f7
DATA|009d2d1e|2|word||.reloc|0x3501
DATA|009d2d20|2|word||.reloc|0x3529
DATA|009d2d22|2|word||.reloc|0x3547
DATA|009d2d24|2|word||.reloc|0x354d
DATA|009d2d26|2|word||.reloc|0x3556
DATA|009d2d28|2|word||.reloc|0x3561
DATA|009d2d2a|2|word||.reloc|0x3567
DATA|009d2d2c|2|word||.reloc|0x356e
DATA|009d2d2e|2|word||.reloc|0x3578
DATA|009d2d30|2|word||.reloc|0x35ad
DATA|009d2d32|2|word||.reloc|0x35be
DATA|009d2d34|2|word||.reloc|0x37bc
DATA|009d2d36|2|word||.reloc|0x37c6
DATA|009d2d38|2|word||.reloc|0x37d6
DATA|009d2d3a|2|word||.reloc|0x37dc
DATA|009d2d3c|2|word||.reloc|0x37f6
DATA|009d2d3e|2|word||.reloc|0x37fc
DATA|009d2d40|2|word||.reloc|0x3802
DATA|009d2d42|2|word||.reloc|0x3808
DATA|009d2d44|2|word||.reloc|0x380e
DATA|009d2d46|2|word||.reloc|0x3814
DATA|009d2d48|2|word||.reloc|0x381a
DATA|009d2d4a|2|word||.reloc|0x3828
DATA|009d2d4c|2|word||.reloc|0x384f
DATA|009d2d4e|2|word||.reloc|0x3865
DATA|009d2d50|2|word||.reloc|0x387a
DATA|009d2d52|2|word||.reloc|0x3880
DATA|009d2d54|2|word||.reloc|0x3894
DATA|009d2d56|2|word||.reloc|0x389a
DATA|009d2d58|2|word||.reloc|0x38b4
DATA|009d2d5a|2|word||.reloc|0x38bb
DATA|009d2d5c|2|word||.reloc|0x38c3
DATA|009d2d5e|2|word||.reloc|0x38ec
DATA|009d2d60|2|word||.reloc|0x38fa
DATA|009d2d62|2|word||.reloc|0x3965
DATA|009d2d64|2|word||.reloc|0x3a28
DATA|009d2d66|2|word||.reloc|0x3a3e
DATA|009d2d68|2|word||.reloc|0x3a46
DATA|009d2d6a|2|word||.reloc|0x3a5b
DATA|009d2d6c|2|word||.reloc|0x3a9a
DATA|009d2d6e|2|word||.reloc|0x3ab1
DATA|009d2d70|2|word||.reloc|0x3acd
DATA|009d2d72|2|word||.reloc|0x3afb
DATA|009d2d74|2|word||.reloc|0x3b04
DATA|009d2d76|2|word||.reloc|0x3b0a
DATA|009d2d78|2|word||.reloc|0x3b38
DATA|009d2d7a|2|word||.reloc|0x3b59
DATA|009d2d7c|2|word||.reloc|0x3b9a
DATA|009d2d7e|2|word||.reloc|0x3ba9
DATA|009d2d80|2|word||.reloc|0x3c06
DATA|009d2d82|2|word||.reloc|0x3c0b
DATA|009d2d84|2|word||.reloc|0x3c16
DATA|009d2d86|2|word||.reloc|0x3c28
DATA|009d2d88|2|word||.reloc|0x3c43
DATA|009d2d8a|2|word||.reloc|0x3c5b
DATA|009d2d8c|2|word||.reloc|0x3cae
DATA|009d2d8e|2|word||.reloc|0x3cb8
DATA|009d2d90|2|word||.reloc|0x3d03
DATA|009d2d92|2|word||.reloc|0x3d18
DATA|009d2d94|2|word||.reloc|0x3d98
DATA|009d2d96|2|word||.reloc|0x3dae
DATA|009d2d98|2|word||.reloc|0x3dce
DATA|009d2d9a|2|word||.reloc|0x3dd8
DATA|009d2d9c|2|word||.reloc|0x3de5
DATA|009d2d9e|2|word||.reloc|0x3deb
DATA|009d2da0|2|word||.reloc|0x3e1d
DATA|009d2da2|2|word||.reloc|0x3e24
DATA|009d2da4|2|word||.reloc|0x3e2b
DATA|009d2da6|2|word||.reloc|0x3e31
DATA|009d2da8|2|word||.reloc|0x3e58
DATA|009d2daa|2|word||.reloc|0x3e64
DATA|009d2dac|2|word||.reloc|0x3e93
DATA|009d2dae|2|word||.reloc|0x3e9a
DATA|009d2db0|2|word||.reloc|0x3ee5
DATA|009d2db2|2|word||.reloc|0x3f46
DATA|009d2db4|2|word||.reloc|0x3f92
DATA|009d2db6|2|word||.reloc|0x3f9a
DATA|009d2db8|2|word||.reloc|0x3fc8
DATA|009d2dba|2|word||.reloc|0x0
DATA|009d2dbc|8|IMAGE_BASE_RELOCATION||.reloc|
DATA|009d2dc4|2|word||.reloc|0x3025
DATA|009d2dc6|2|word||.reloc|0x31b0
DATA|009d2dc8|2|word||.reloc|0x31bb
DATA|009d2dca|2|word||.reloc|0x31da
DATA|009d2dcc|2|word||.reloc|0x31e6
DATA|009d2dce|2|word||.reloc|0x321a
DATA|009d2dd0|2|word||.reloc|0x3221
DATA|009d2dd2|2|word||.reloc|0x324c
DATA|009d2dd4|2|word||.reloc|0x3304
DATA|009d2dd6|2|word||.reloc|0x3315
DATA|009d2dd8|2|word||.reloc|0x3324
DATA|009d2dda|2|word||.reloc|0x34aa
DATA|009d2ddc|2|word||.reloc|0x3502
DATA|009d2dde|2|word||.reloc|0x3509
DATA|009d2de0|2|word||.reloc|0x3537
DATA|009d2de2|2|word||.reloc|0x356a
DATA|009d2de4|2|word||.reloc|0x3570
DATA|009d2de6|2|word||.reloc|0x357f
DATA|009d2de8|2|word||.reloc|0x3585
DATA|009d2dea|2|word||.reloc|0x3590
DATA|009d2dec|2|word||.reloc|0x35ad
DATA|009d2dee|2|word||.reloc|0x35c4
DATA|009d2df0|2|word||.reloc|0x35d8
DATA|009d2df2|2|word||.reloc|0x35f9
DATA|009d2df4|2|word||.reloc|0x360d
DATA|009d2df6|2|word||.reloc|0x3621
DATA|009d2df8|2|word||.reloc|0x362e
DATA|009d2dfa|2|word||.reloc|0x3633
DATA|009d2dfc|2|word||.reloc|0x3639
DATA|009d2dfe|2|word||.reloc|0x3644
DATA|009d2e00|2|word||.reloc|0x366e
DATA|009d2e02|2|word||.reloc|0x3689
DATA|009d2e04|2|word||.reloc|0x36a1
DATA|009d2e06|2|word||.reloc|0x36ca
DATA|009d2e08|2|word||.reloc|0x36e2
DATA|009d2e0a|2|word||.reloc|0x36fa
DATA|009d2e0c|2|word||.reloc|0x3700
DATA|009d2e0e|2|word||.reloc|0x3706
DATA|009d2e10|2|word||.reloc|0x370c
DATA|009d2e12|2|word||.reloc|0x3712
DATA|009d2e14|2|word||.reloc|0x371d
DATA|009d2e16|2|word||.reloc|0x37fc
DATA|009d2e18|2|word||.reloc|0x3801
DATA|009d2e1a|2|word||.reloc|0x3841
DATA|009d2e1c|2|word||.reloc|0x384b
DATA|009d2e1e|2|word||.reloc|0x3859
DATA|009d2e20|2|word||.reloc|0x3890
DATA|009d2e22|2|word||.reloc|0x3897
DATA|009d2e24|2|word||.reloc|0x38ba
DATA|009d2e26|2|word||.reloc|0x38c5
DATA|009d2e28|2|word||.reloc|0x38cb
DATA|009d2e2a|2|word||.reloc|0x38f5
DATA|009d2e2c|2|word||.reloc|0x3903
DATA|009d2e2e|2|word||.reloc|0x3913
DATA|009d2e30|2|word||.reloc|0x3921
DATA|009d2e32|2|word||.reloc|0x3928
DATA|009d2e34|2|word||.reloc|0x3944
DATA|009d2e36|2|word||.reloc|0x394e
DATA|009d2e38|2|word||.reloc|0x395c
DATA|009d2e3a|2|word||.reloc|0x3963
DATA|009d2e3c|2|word||.reloc|0x3968
DATA|009d2e3e|2|word||.reloc|0x3976
DATA|009d2e40|2|word||.reloc|0x399f
DATA|009d2e42|2|word||.reloc|0x39a4
DATA|009d2e44|2|word||.reloc|0x39aa
DATA|009d2e46|2|word||.reloc|0x39df
DATA|009d2e48|2|word||.reloc|0x39f8
DATA|009d2e4a|2|word||.reloc|0x3a05
DATA|009d2e4c|2|word||.reloc|0x3a13
DATA|009d2e4e|2|word||.reloc|0x3a5b
DATA|009d2e50|2|word||.reloc|0x3b02
DATA|009d2e52|2|word||.reloc|0x3b08
DATA|009d2e54|2|word||.reloc|0x3b2d
DATA|009d2e56|2|word||.reloc|0x3b39
DATA|009d2e58|2|word||.reloc|0x3b64
DATA|009d2e5a|2|word||.reloc|0x3b6b
DATA|009d2e5c|2|word||.reloc|0x3c83
DATA|009d2e5e|2|word||.reloc|0x3c94
DATA|009d2e60|2|word||.reloc|0x3d18
DATA|009d2e62|2|word||.reloc|0x3d26
DATA|009d2e64|2|word||.reloc|0x3d54
DATA|009d2e66|2|word||.reloc|0x3d62
DATA|009d2e68|2|word||.reloc|0x3d6a
DATA|009d2e6a|2|word||.reloc|0x3d78
DATA|009d2e6c|2|word||.reloc|0x3dc6
DATA|009d2e6e|2|word||.reloc|0x3dcd
DATA|009d2e70|2|word||.reloc|0x3ff0
DATA|009d2e72|2|word||.reloc|0x3ff6
DATA|009d2e74|8|IMAGE_BASE_RELOCATION||.reloc|
DATA|009d2e7c|2|word||.reloc|0x3168
DATA|009d2e7e|2|word||.reloc|0x316e
DATA|009d2e80|2|word||.reloc|0x31e8
DATA|009d2e82|2|word||.reloc|0x31ee
DATA|009d2e84|2|word||.reloc|0x31f3
DATA|009d2e86|2|word||.reloc|0x3263
DATA|009d2e88|2|word||.reloc|0x3269
DATA|009d2e8a|2|word||.reloc|0x3320
DATA|009d2e8c|2|word||.reloc|0x3326
DATA|009d2e8e|2|word||.reloc|0x33cb
DATA|009d2e90|2|word||.reloc|0x33d1
DATA|009d2e92|2|word||.reloc|0x348c
DATA|009d2e94|2|word||.reloc|0x3492
DATA|009d2e96|2|word||.reloc|0x356a
DATA|009d2e98|2|word||.reloc|0x3570
DATA|009d2e9a|2|word||.reloc|0x3779
DATA|009d2e9c|2|word||.reloc|0x3781
DATA|009d2e9e|2|word||.reloc|0x378b
DATA|009d2ea0|2|word||.reloc|0x379d
DATA|009d2ea2|2|word||.reloc|0x37a3
DATA|009d2ea4|2|word||.reloc|0x37af
DATA|009d2ea6|2|word||.reloc|0x37b5
DATA|009d2ea8|2|word||.reloc|0x37c1
DATA|009d2eaa|2|word||.reloc|0x37c7
DATA|009d2eac|2|word||.reloc|0x37db
DATA|009d2eae|2|word||.reloc|0x37e1
DATA|009d2eb0|2|word||.reloc|0x37e7
DATA|009d2eb2|2|word||.reloc|0x37ed
DATA|009d2eb4|2|word||.reloc|0x37f9
DATA|009d2eb6|2|word||.reloc|0x37fe
DATA|009d2eb8|2|word||.reloc|0x3803
DATA|009d2eba|2|word||.reloc|0x380a
DATA|009d2ebc|2|word||.reloc|0x3811
DATA|009d2ebe|2|word||.reloc|0x3826
DATA|009d2ec0|2|word||.reloc|0x382b
DATA|009d2ec2|2|word||.reloc|0x3835
DATA|009d2ec4|2|word||.reloc|0x383b
DATA|009d2ec6|2|word||.reloc|0x384a
DATA|009d2ec8|2|word||.reloc|0x3856
DATA|009d2eca|2|word||.reloc|0x3863
DATA|009d2ecc|2|word||.reloc|0x3868
DATA|009d2ece|2|word||.reloc|0x3875
DATA|009d2ed0|2|word||.reloc|0x387a
DATA|009d2ed2|2|word||.reloc|0x3887
DATA|009d2ed4|2|word||.reloc|0x388f
DATA|009d2ed6|2|word||.reloc|0x389a
DATA|009d2ed8|2|word||.reloc|0x38a3
DATA|009d2eda|2|word||.reloc|0x38b0
DATA|009d2edc|2|word||.reloc|0x38be
DATA|009d2ede|2|word||.reloc|0x392d
DATA|009d2ee0|2|word||.reloc|0x3942
DATA|009d2ee2|2|word||.reloc|0x3948
DATA|009d2ee4|2|word||.reloc|0x3967
DATA|009d2ee6|2|word||.reloc|0x3977
DATA|009d2ee8|2|word||.reloc|0x398d
DATA|009d2eea|2|word||.reloc|0x3993
DATA|009d2eec|2|word||.reloc|0x39ac
DATA|009d2eee|2|word||.reloc|0x39ba
DATA|009d2ef0|2|word||.reloc|0x39cd
DATA|009d2ef2|2|word||.reloc|0x39d3
DATA|009d2ef4|2|word||.reloc|0x39ec
DATA|009d2ef6|2|word||.reloc|0x39f2
DATA|009d2ef8|2|word||.reloc|0x3a0d
DATA|009d2efa|2|word||.reloc|0x3a13
DATA|009d2efc|2|word||.reloc|0x3a6c
DATA|009d2efe|2|word||.reloc|0x3a71
DATA|009d2f00|2|word||.reloc|0x3a79
DATA|009d2f02|2|word||.reloc|0x3a8f
DATA|009d2f04|2|word||.reloc|0x3aec
DATA|009d2f06|2|word||.reloc|0x3afe
DATA|009d2f08|2|word||.reloc|0x3b28
DATA|009d2f0a|2|word||.reloc|0x3b3f
DATA|009d2f0c|2|word||.reloc|0x3b51
DATA|009d2f0e|2|word||.reloc|0x3b58
DATA|009d2f10|2|word||.reloc|0x3b5f
DATA|009d2f12|2|word||.reloc|0x3b98
DATA|009d2f14|2|word||.reloc|0x3b9c
DATA|009d2f16|2|word||.reloc|0x3ba0
DATA|009d2f18|2|word||.reloc|0x3ba4
DATA|009d2f1a|2|word||.reloc|0x3ba8
DATA|009d2f1c|2|word||.reloc|0x3bac
DATA|009d2f1e|2|word||.reloc|0x3bb0
DATA|009d2f20|2|word||.reloc|0x3bb4
DATA|009d2f22|2|word||.reloc|0x3bb8
DATA|009d2f24|2|word||.reloc|0x3bbc
DATA|009d2f26|2|word||.reloc|0x3bc0
DATA|009d2f28|2|word||.reloc|0x3bc4
DATA|009d2f2a|2|word||.reloc|0x3bc8
DATA|009d2f2c|2|word||.reloc|0x3bcc
DATA|009d2f2e|2|word||.reloc|0x3c1c
DATA|009d2f30|2|word||.reloc|0x3c20
DATA|009d2f32|2|word||.reloc|0x3c24
DATA|009d2f34|2|word||.reloc|0x3c28
DATA|009d2f36|2|word||.reloc|0x3c2c
DATA|009d2f38|2|word||.reloc|0x3c30
DATA|009d2f3a|2|word||.reloc|0x3c34
DATA|009d2f3c|2|word||.reloc|0x3c38
DATA|009d2f3e|2|word||.reloc|0x3c3c
DATA|009d2f40|2|word||.reloc|0x3c74
DATA|009d2f42|2|word||.reloc|0x3c78
DATA|009d2f44|2|word||.reloc|0x3c7c
DATA|009d2f46|2|word||.reloc|0x3c80
DATA|009d2f48|2|word||.reloc|0x3c84
DATA|009d2f4a|2|word||.reloc|0x3c88
DATA|009d2f4c|2|word||.reloc|0x3c8c
DATA|009d2f4e|2|word||.reloc|0x3c90
DATA|009d2f50|2|word||.reloc|0x3cc8
DATA|009d2f52|2|word||.reloc|0x3ccc
DATA|009d2f54|2|word||.reloc|0x3cd0
DATA|009d2f56|2|word||.reloc|0x3cd4
DATA|009d2f58|2|word||.reloc|0x3cd8
DATA|009d2f5a|2|word||.reloc|0x3cdc
DATA|009d2f5c|2|word||.reloc|0x3ce0
DATA|009d2f5e|2|word||.reloc|0x3d34
DATA|009d2f60|2|word||.reloc|0x3d38
DATA|009d2f62|2|word||.reloc|0x3d3c
DATA|009d2f64|2|word||.reloc|0x3d40
DATA|009d2f66|2|word||.reloc|0x3d44
DATA|009d2f68|2|word||.reloc|0x3d5c
DATA|009d2f6a|2|word||.reloc|0x3d60
DATA|009d2f6c|2|word||.reloc|0x3d64
DATA|009d2f6e|2|word||.reloc|0x3d68
DATA|009d2f70|2|word||.reloc|0x3d6c
DATA|009d2f72|2|word||.reloc|0x3d70
DATA|009d2f74|2|word||.reloc|0x3d74
DATA|009d2f76|2|word||.reloc|0x3d9c
DATA|009d2f78|2|word||.reloc|0x3da0
DATA|009d2f7a|2|word||.reloc|0x3da4
DATA|009d2f7c|2|word||.reloc|0x3da8
DATA|009d2f7e|2|word||.reloc|0x3dac
DATA|009d2f80|2|word||.reloc|0x3db0
DATA|009d2f82|2|word||.reloc|0x3db4
DATA|009d2f84|2|word||.reloc|0x3db8
DATA|009d2f86|2|word||.reloc|0x3dbc
DATA|009d2f88|2|word||.reloc|0x3dc0
DATA|009d2f8a|2|word||.reloc|0x3dc4
DATA|009d2f8c|2|word||.reloc|0x3dc8
DATA|009d2f8e|2|word||.reloc|0x3dcc
DATA|009d2f90|2|word||.reloc|0x3dd0
DATA|009d2f92|2|word||.reloc|0x3dd4
DATA|009d2f94|2|word||.reloc|0x3dd8
DATA|009d2f96|2|word||.reloc|0x3ddc
DATA|009d2f98|2|word||.reloc|0x3de0
DATA|009d2f9a|2|word||.reloc|0x3de4
DATA|009d2f9c|2|word||.reloc|0x3de8
DATA|009d2f9e|2|word||.reloc|0x3dec
DATA|009d2fa0|2|word||.reloc|0x3df0
DATA|009d2fa2|2|word||.reloc|0x3df4
DATA|009d2fa4|2|word||.reloc|0x3df8
DATA|009d2fa6|2|word||.reloc|0x3dfc
DATA|009d2fa8|2|word||.reloc|0x3e00
DATA|009d2faa|2|word||.reloc|0x3e04
DATA|009d2fac|2|word||.reloc|0x3e08
DATA|009d2fae|2|word||.reloc|0x3e0c
DATA|009d2fb0|2|word||.reloc|0x3e10
DATA|009d2fb2|2|word||.reloc|0x3e14
DATA|009d2fb4|2|word||.reloc|0x3e73
DATA|009d2fb6|2|word||.reloc|0x3e88
DATA|009d2fb8|2|word||.reloc|0x3e97
DATA|009d2fba|2|word||.reloc|0x3ea0
DATA|009d2fbc|2|word||.reloc|0x3ef0
DATA|009d2fbe|2|word||.reloc|0x3f0e
DATA|009d2fc0|2|word||.reloc|0x3f16
DATA|009d2fc2|2|word||.reloc|0x3f1c
DATA|009d2fc4|2|word||.reloc|0x3f23
DATA|009d2fc6|2|word||.reloc|0x3f3a
DATA|009d2fc8|2|word||.reloc|0x3f45
DATA|009d2fca|2|word||.reloc|0x3f4b
DATA|009d2fcc|2|word||.reloc|0x3f69
DATA|009d2fce|2|word||.reloc|0x3f86
DATA|009d2fd0|2|word||.reloc|0x3fa3
DATA|009d2fd2|2|word||.reloc|0x3fae
DATA|009d2fd4|2|word||.reloc|0x3fbc
DATA|009d2fd6|2|word||.reloc|0x3fc9
DATA|009d2fd8|8|IMAGE_BASE_RELOCATION||.reloc|
DATA|009d2fe0|2|word||.reloc|0x3165
DATA|009d2fe2|2|word||.reloc|0x316a
DATA|009d2fe4|2|word||.reloc|0x3170
DATA|009d2fe6|2|word||.reloc|0x3177
DATA|009d2fe8|2|word||.reloc|0x317e
DATA|009d2fea|2|word||.reloc|0x3185
DATA|009d2fec|2|word||.reloc|0x3192
DATA|009d2fee|2|word||.reloc|0x31a2
DATA|009d2ff0|2|word||.reloc|0x31bc
DATA|009d2ff2|2|word||.reloc|0x31c1
DATA|009d2ff4|2|word||.reloc|0x31c6
DATA|009d2ff6|2|word||.reloc|0x31d0
DATA|009d2ff8|2|word||.reloc|0x31d5
DATA|009d2ffa|2|word||.reloc|0x31da
DATA|009d2ffc|2|word||.reloc|0x31e4
DATA|009d2ffe|2|word||.reloc|0x31ea
DATA|009d3000|2|word||.reloc|0x31f0
DATA|009d3002|2|word||.reloc|0x31f6
DATA|009d3004|2|word||.reloc|0x31fc
DATA|009d3006|2|word||.reloc|0x3202
DATA|009d3008|2|word||.reloc|0x3208
DATA|009d300a|2|word||.reloc|0x320e
DATA|009d300c|2|word||.reloc|0x3214
DATA|009d300e|2|word||.reloc|0x321a
DATA|009d3010|2|word||.reloc|0x3220
DATA|009d3012|2|word||.reloc|0x3226
DATA|009d3014|2|word||.reloc|0x322b
DATA|009d3016|2|word||.reloc|0x323b
DATA|009d3018|2|word||.reloc|0x3247
DATA|009d301a|2|word||.reloc|0x3252
DATA|009d301c|2|word||.reloc|0x3258
DATA|009d301e|2|word||.reloc|0x3264
DATA|009d3020|2|word||.reloc|0x326b
DATA|009d3022|2|word||.reloc|0x3272
DATA|009d3024|2|word||.reloc|0x327b
DATA|009d3026|2|word||.reloc|0x3281
DATA|009d3028|2|word||.reloc|0x328b
DATA|009d302a|2|word||.reloc|0x3294
DATA|009d302c|2|word||.reloc|0x329b
DATA|009d302e|2|word||.reloc|0x32a9
DATA|009d3030|2|word||.reloc|0x32b0
DATA|009d3032|2|word||.reloc|0x32b7
DATA|009d3034|2|word||.reloc|0x32c6
DATA|009d3036|2|word||.reloc|0x32d4
DATA|009d3038|2|word||.reloc|0x32e1
DATA|009d303a|2|word||.reloc|0x32eb
DATA|009d303c|2|word||.reloc|0x32f8
DATA|009d303e|2|word||.reloc|0x3304
DATA|009d3040|2|word||.reloc|0x330a
DATA|009d3042|2|word||.reloc|0x3317
DATA|009d3044|2|word||.reloc|0x3320
DATA|009d3046|2|word||.reloc|0x3328
DATA|009d3048|2|word||.reloc|0x3336
DATA|009d304a|2|word||.reloc|0x333d
DATA|009d304c|2|word||.reloc|0x3343
DATA|009d304e|2|word||.reloc|0x3349
DATA|009d3050|2|word||.reloc|0x3353
DATA|009d3052|2|word||.reloc|0x3365
DATA|009d3054|2|word||.reloc|0x3376
DATA|009d3056|2|word||.reloc|0x3380
DATA|009d3058|2|word||.reloc|0x338a
DATA|009d305a|2|word||.reloc|0x3391
DATA|009d305c|2|word||.reloc|0x33cd
DATA|009d305e|2|word||.reloc|0x37c5
DATA|009d3060|2|word||.reloc|0x3841
DATA|009d3062|2|word||.reloc|0x387e
DATA|009d3064|2|word||.reloc|0x38a0
DATA|009d3066|2|word||.reloc|0x38bd
DATA|009d3068|2|word||.reloc|0x38cb
DATA|009d306a|2|word||.reloc|0x3906
DATA|009d306c|2|word||.reloc|0x3935
DATA|009d306e|2|word||.reloc|0x3947
DATA|009d3070|2|word||.reloc|0x394f
DATA|009d3072|2|word||.reloc|0x3956
DATA|009d3074|2|word||.reloc|0x396d
DATA|009d3076|2|word||.reloc|0x3974
DATA|009d3078|2|word||.reloc|0x3980
DATA|009d307a|2|word||.reloc|0x3987
DATA|009d307c|2|word||.reloc|0x398f
DATA|009d307e|2|word||.reloc|0x39a2
DATA|009d3080|2|word||.reloc|0x39a8
DATA|009d3082|2|word||.reloc|0x39b5
DATA|009d3084|2|word||.reloc|0x39be
DATA|009d3086|2|word||.reloc|0x39d0
DATA|009d3088|2|word||.reloc|0x39df
DATA|009d308a|2|word||.reloc|0x39ef
DATA|009d308c|2|word||.reloc|0x3a03
DATA|009d308e|2|word||.reloc|0x3a0f
DATA|009d3090|2|word||.reloc|0x3a1b
DATA|009d3092|2|word||.reloc|0x3a2c
DATA|009d3094|2|word||.reloc|0x3a32
DATA|009d3096|2|word||.reloc|0x3a4b
DATA|009d3098|2|word||.reloc|0x3a55
DATA|009d309a|2|word||.reloc|0x3a61
DATA|009d309c|2|word||.reloc|0x3a68
DATA|009d309e|2|word||.reloc|0x3a6f
DATA|009d30a0|2|word||.reloc|0x3a78
DATA|009d30a2|2|word||.reloc|0x3a89
DATA|009d30a4|2|word||.reloc|0x3a9b
DATA|009d30a6|2|word||.reloc|0x3ac4
DATA|009d30a8|2|word||.reloc|0x3ae1
DATA|009d30aa|2|word||.reloc|0x3ae8
DATA|009d30ac|2|word||.reloc|0x3aef
DATA|009d30ae|2|word||.reloc|0x3b02
DATA|009d30b0|2|word||.reloc|0x3b0d
DATA|009d30b2|2|word||.reloc|0x3b19
DATA|009d30b4|2|word||.reloc|0x3b39
DATA|009d30b6|2|word||.reloc|0x3b4d
DATA|009d30b8|2|word||.reloc|0x3b71
DATA|009d30ba|2|word||.reloc|0x3b86
DATA|009d30bc|2|word||.reloc|0x3bc5
DATA|009d30be|2|word||.reloc|0x3bef
DATA|009d30c0|2|word||.reloc|0x3cd5
DATA|009d30c2|2|word||.reloc|0x3d26
DATA|009d30c4|2|word||.reloc|0x3d4e
DATA|009d30c6|2|word||.reloc|0x3d60
DATA|009d30c8|2|word||.reloc|0x3d73
DATA|009d30ca|2|word||.reloc|0x3d7c
DATA|009d30cc|2|word||.reloc|0x3d83
DATA|009d30ce|2|word||.reloc|0x3d97
DATA|009d30d0|2|word||.reloc|0x3da2
DATA|009d30d2|2|word||.reloc|0x3db4
DATA|009d30d4|2|word||.reloc|0x3dbf
DATA|009d30d6|2|word||.reloc|0x3dd3
DATA|009d30d8|2|word||.reloc|0x3de6
DATA|009d30da|2|word||.reloc|0x3ded
DATA|009d30dc|2|word||.reloc|0x3e07
DATA|009d30de|2|word||.reloc|0x3e17
DATA|009d30e0|2|word||.reloc|0x3e2a
DATA|009d30e2|2|word||.reloc|0x3e36
DATA|009d30e4|2|word||.reloc|0x3e46
DATA|009d30e6|2|word||.reloc|0x3e58
DATA|009d30e8|2|word||.reloc|0x3e66
DATA|009d30ea|2|word||.reloc|0x3ed9
DATA|009d30ec|2|word||.reloc|0x3f04
DATA|009d30ee|2|word||.reloc|0x3f09
DATA|009d30f0|2|word||.reloc|0x3f13
DATA|009d30f2|2|word||.reloc|0x3f1f
DATA|009d30f4|2|word||.reloc|0x3f24
DATA|009d30f6|2|word||.reloc|0x3f2c
DATA|009d30f8|2|word||.reloc|0x3f3c
DATA|009d30fa|2|word||.reloc|0x3f44
DATA|009d30fc|2|word||.reloc|0x3f51
DATA|009d30fe|2|word||.reloc|0x3f5b
DATA|009d3100|2|word||.reloc|0x3f62
DATA|009d3102|2|word||.reloc|0x3f70
DATA|009d3104|2|word||.reloc|0x3f75
DATA|009d3106|2|word||.reloc|0x3f7b
DATA|009d3108|2|word||.reloc|0x3f82
DATA|009d310a|2|word||.reloc|0x3f89
DATA|009d310c|2|word||.reloc|0x3f9c
DATA|009d310e|2|word||.reloc|0x3fa3
DATA|009d3110|2|word||.reloc|0x3faa
DATA|009d3112|2|word||.reloc|0x3fb6
DATA|009d3114|2|word||.reloc|0x3fc9
DATA|009d3116|2|word||.reloc|0x3fce
DATA|009d3118|2|word||.reloc|0x3fdf
DATA|009d311a|2|word||.reloc|0x3fe7
DATA|009d311c|2|word||.reloc|0x3ff2
DATA|009d311e|2|word||.reloc|0x3ff7
DATA|009d3120|2|word||.reloc|0x3ffc
DATA|009d3122|2|word||.reloc|0x0
DATA|009d3124|8|IMAGE_BASE_RELOCATION||.reloc|
DATA|009d312c|2|word||.reloc|0x3014
DATA|009d312e|2|word||.reloc|0x301a
DATA|009d3130|2|word||.reloc|0x3034
DATA|009d3132|2|word||.reloc|0x3039
DATA|009d3134|2|word||.reloc|0x304d
DATA|009d3136|2|word||.reloc|0x3063
DATA|009d3138|2|word||.reloc|0x306e
DATA|009d313a|2|word||.reloc|0x3074
DATA|009d313c|2|word||.reloc|0x307d
DATA|009d313e|2|word||.reloc|0x3083
DATA|009d3140|2|word||.reloc|0x30f6
DATA|009d3142|2|word||.reloc|0x3105
DATA|009d3144|2|word||.reloc|0x310f
DATA|009d3146|2|word||.reloc|0x3115
DATA|009d3148|2|word||.reloc|0x312a
DATA|009d314a|2|word||.reloc|0x3130
DATA|009d314c|2|word||.reloc|0x3140
DATA|009d314e|2|word||.reloc|0x314a
DATA|009d3150|2|word||.reloc|0x3151
DATA|009d3152|2|word||.reloc|0x3157
DATA|009d3154|2|word||.reloc|0x315d
DATA|009d3156|2|word||.reloc|0x3170
DATA|009d3158|2|word||.reloc|0x317a
DATA|009d315a|2|word||.reloc|0x3189
DATA|009d315c|2|word||.reloc|0x3198
DATA|009d315e|2|word||.reloc|0x31a3
DATA|009d3160|2|word||.reloc|0x31a9
DATA|009d3162|2|word||.reloc|0x31af
DATA|009d3164|2|word||.reloc|0x31b7
DATA|009d3166|2|word||.reloc|0x31bd
DATA|009d3168|2|word||.reloc|0x31c3
DATA|009d316a|2|word||.reloc|0x31d3
DATA|009d316c|2|word||.reloc|0x31d9
DATA|009d316e|2|word||.reloc|0x31df
DATA|009d3170|2|word||.reloc|0x31e5
DATA|009d3172|2|word||.reloc|0x31eb
DATA|009d3174|2|word||.reloc|0x31f1
DATA|009d3176|2|word||.reloc|0x31f7
DATA|009d3178|2|word||.reloc|0x31fd
DATA|009d317a|2|word||.reloc|0x3203
DATA|009d317c|2|word||.reloc|0x3209
DATA|009d317e|2|word||.reloc|0x320f
DATA|009d3180|2|word||.reloc|0x3215
DATA|009d3182|2|word||.reloc|0x321b
DATA|009d3184|2|word||.reloc|0x3220
DATA|009d3186|2|word||.reloc|0x3226
DATA|009d3188|2|word||.reloc|0x3230
DATA|009d318a|2|word||.reloc|0x3239
DATA|009d318c|2|word||.reloc|0x3243
DATA|009d318e|2|word||.reloc|0x324d
DATA|009d3190|2|word||.reloc|0x3258
DATA|009d3192|2|word||.reloc|0x3262
DATA|009d3194|2|word||.reloc|0x326c
DATA|009d3196|2|word||.reloc|0x3284
DATA|009d3198|2|word||.reloc|0x328a
DATA|009d319a|2|word||.reloc|0x32ac
DATA|009d319c|2|word||.reloc|0x32b8
DATA|009d319e|2|word||.reloc|0x32bf
DATA|009d31a0|2|word||.reloc|0x32c6
DATA|009d31a2|2|word||.reloc|0x32dc
DATA|009d31a4|2|word||.reloc|0x32e4
DATA|009d31a6|2|word||.reloc|0x3310
DATA|009d31a8|2|word||.reloc|0x332f
DATA|009d31aa|2|word||.reloc|0x3360
DATA|009d31ac|2|word||.reloc|0x3392
DATA|009d31ae|2|word||.reloc|0x3398
DATA|009d31b0|2|word||.reloc|0x33a3
DATA|009d31b2|2|word||.reloc|0x33ba
DATA|009d31b4|2|word||.reloc|0x33c8
DATA|009d31b6|2|word||.reloc|0x33d0
DATA|009d31b8|2|word||.reloc|0x33e9
DATA|009d31ba|2|word||.reloc|0x33f6
DATA|009d31bc|2|word||.reloc|0x33fb
DATA|009d31be|2|word||.reloc|0x3411
DATA|009d31c0|2|word||.reloc|0x341e
DATA|009d31c2|2|word||.reloc|0x3423
DATA|009d31c4|2|word||.reloc|0x3431
DATA|009d31c6|2|word||.reloc|0x343b
DATA|009d31c8|2|word||.reloc|0x3444
DATA|009d31ca|2|word||.reloc|0x344c
DATA|009d31cc|2|word||.reloc|0x3457
DATA|009d31ce|2|word||.reloc|0x345f
DATA|009d31d0|2|word||.reloc|0x3467
DATA|009d31d2|2|word||.reloc|0x346d
DATA|009d31d4|2|word||.reloc|0x3473
DATA|009d31d6|2|word||.reloc|0x3478
DATA|009d31d8|2|word||.reloc|0x347e
DATA|009d31da|2|word||.reloc|0x3484
DATA|009d31dc|2|word||.reloc|0x3489
DATA|009d31de|2|word||.reloc|0x348e
DATA|009d31e0|2|word||.reloc|0x3494
DATA|009d31e2|2|word||.reloc|0x349a
DATA|009d31e4|2|word||.reloc|0x349f
DATA|009d31e6|2|word||.reloc|0x34a4
DATA|009d31e8|2|word||.reloc|0x34aa
DATA|009d31ea|2|word||.reloc|0x34af
DATA|009d31ec|2|word||.reloc|0x34b5
DATA|009d31ee|2|word||.reloc|0x34d0
DATA|009d31f0|2|word||.reloc|0x34da
DATA|009d31f2|2|word||.reloc|0x34e5
DATA|009d31f4|2|word||.reloc|0x3577
DATA|009d31f6|2|word||.reloc|0x357f
DATA|009d31f8|2|word||.reloc|0x358c
DATA|009d31fa|2|word||.reloc|0x3592
DATA|009d31fc|2|word||.reloc|0x3611
DATA|009d31fe|2|word||.reloc|0x3618
DATA|009d3200|2|word||.reloc|0x3621
DATA|009d3202|2|word||.reloc|0x3632
DATA|009d3204|2|word||.reloc|0x378d
DATA|009d3206|2|word||.reloc|0x379b
DATA|009d3208|2|word||.reloc|0x37d3
DATA|009d320a|2|word||.reloc|0x3800
DATA|009d320c|2|word||.reloc|0x3a0e
DATA|009d320e|2|word||.reloc|0x3a13
DATA|009d3210|2|word||.reloc|0x3a26
DATA|009d3212|2|word||.reloc|0x3a4c
DATA|009d3214|2|word||.reloc|0x3a59
DATA|009d3216|2|word||.reloc|0x3a66
DATA|009d3218|2|word||.reloc|0x3b3a
DATA|009d321a|2|word||.reloc|0x3b5c
DATA|009d321c|2|word||.reloc|0x3b8c
DATA|009d321e|2|word||.reloc|0x3b93
DATA|009d3220|2|word||.reloc|0x3bbc
DATA|009d3222|2|word||.reloc|0x3bc2
DATA|009d3224|2|word||.reloc|0x3bc9
DATA|009d3226|2|word||.reloc|0x3bd7
DATA|009d3228|2|word||.reloc|0x3bde
DATA|009d322a|2|word||.reloc|0x3be8
DATA|009d322c|2|word||.reloc|0x3bf2
DATA|009d322e|2|word||.reloc|0x3c62
DATA|009d3230|2|word||.reloc|0x3c6a
DATA|009d3232|2|word||.reloc|0x3c77
DATA|009d3234|2|word||.reloc|0x3c88
DATA|009d3236|2|word||.reloc|0x3c93
DATA|009d3238|2|word||.reloc|0x3cdd
DATA|009d323a|2|word||.reloc|0x3cf0
DATA|009d323c|2|word||.reloc|0x3d16
DATA|009d323e|2|word||.reloc|0x3d25
DATA|009d3240|2|word||.reloc|0x3d30
DATA|009d3242|2|word||.reloc|0x3d44
DATA|009d3244|2|word||.reloc|0x3d4f
DATA|009d3246|2|word||.reloc|0x3d5b
DATA|009d3248|2|word||.reloc|0x3d62
DATA|009d324a|2|word||.reloc|0x3d7a
DATA|009d324c|2|word||.reloc|0x3d7f
DATA|009d324e|2|word||.reloc|0x3d87
DATA|009d3250|2|word||.reloc|0x3da1
DATA|009d3252|2|word||.reloc|0x3db6
DATA|009d3254|2|word||.reloc|0x3e38
DATA|009d3256|2|word||.reloc|0x3e71
DATA|009d3258|2|word||.reloc|0x3e95
DATA|009d325a|2|word||.reloc|0x3e9b
DATA|009d325c|2|word||.reloc|0x3ea1
DATA|009d325e|2|word||.reloc|0x3ea7
DATA|009d3260|2|word||.reloc|0x3ead
DATA|009d3262|2|word||.reloc|0x3eb3
DATA|009d3264|2|word||.reloc|0x3eb9
DATA|009d3266|2|word||.reloc|0x3ebf
DATA|009d3268|2|word||.reloc|0x3ec5
DATA|009d326a|2|word||.reloc|0x3ecb
DATA|009d326c|2|word||.reloc|0x3ed0
DATA|009d326e|2|word||.reloc|0x3ed5
DATA|009d3270|2|word||.reloc|0x3edb
DATA|009d3272|2|word||.reloc|0x3ee6
DATA|009d3274|2|word||.reloc|0x3ef0
DATA|009d3276|2|word||.reloc|0x3f08
DATA|009d3278|2|word||.reloc|0x3f74
DATA|009d327a|2|word||.reloc|0x3f91
DATA|009d327c|2|word||.reloc|0x3f97
DATA|009d327e|2|word||.reloc|0x3f9d
DATA|009d3280|2|word||.reloc|0x3fa3
DATA|009d3282|2|word||.reloc|0x3fa8
DATA|009d3284|2|word||.reloc|0x3fae
DATA|009d3286|2|word||.reloc|0x3fb4
DATA|009d3288|2|word||.reloc|0x3fb9
DATA|009d328a|2|word||.reloc|0x3fbf
DATA|009d328c|2|word||.reloc|0x3fca
DATA|009d328e|2|word||.reloc|0x3fe1
DATA|009d3290|8|IMAGE_BASE_RELOCATION||.reloc|
DATA|009d3298|2|word||.reloc|0x322b
DATA|009d329a|2|word||.reloc|0x3386
DATA|009d329c|2|word||.reloc|0x3555
DATA|009d329e|2|word||.reloc|0x3591
DATA|009d32a0|2|word||.reloc|0x3616
DATA|009d32a2|2|word||.reloc|0x3d62
DATA|009d32a4|2|word||.reloc|0x3d70
DATA|009d32a6|2|word||.reloc|0x3d7e
DATA|009d32a8|2|word||.reloc|0x3d8b
DATA|009d32aa|2|word||.reloc|0x3d99
DATA|009d32ac|2|word||.reloc|0x3da7
DATA|009d32ae|2|word||.reloc|0x3db8
DATA|009d32b0|2|word||.reloc|0x3dc6
DATA|009d32b2|2|word||.reloc|0x3dd6
DATA|009d32b4|2|word||.reloc|0x3e20
DATA|009d32b6|2|word||.reloc|0x3e37
DATA|009d32b8|2|word||.reloc|0x3e57
DATA|009d32ba|2|word||.reloc|0x3e6f
DATA|009d32bc|2|word||.reloc|0x3e8e
DATA|009d32be|2|word||.reloc|0x3ea6
DATA|009d32c0|2|word||.reloc|0x3eac
DATA|009d32c2|2|word||.reloc|0x3ebb
DATA|009d32c4|2|word||.reloc|0x3ed5
DATA|009d32c6|2|word||.reloc|0x3edc
DATA|009d32c8|2|word||.reloc|0x3ee6
DATA|009d32ca|2|word||.reloc|0x3eec
DATA|009d32cc|2|word||.reloc|0x3ef7
DATA|009d32ce|2|word||.reloc|0x3efe
DATA|009d32d0|2|word||.reloc|0x3f05
DATA|009d32d2|2|word||.reloc|0x3f0d
DATA|009d32d4|2|word||.reloc|0x3f14
DATA|009d32d6|2|word||.reloc|0x3f24
DATA|009d32d8|2|word||.reloc|0x3f2b
DATA|009d32da|2|word||.reloc|0x3f35
DATA|009d32dc|2|word||.reloc|0x3f3b
DATA|009d32de|2|word||.reloc|0x3f46
DATA|009d32e0|2|word||.reloc|0x3f4d
DATA|009d32e2|2|word||.reloc|0x3f54
DATA|009d32e4|2|word||.reloc|0x3f5c
DATA|009d32e6|2|word||.reloc|0x3f63
DATA|009d32e8|2|word||.reloc|0x3f73
DATA|009d32ea|2|word||.reloc|0x3f7a
DATA|009d32ec|2|word||.reloc|0x3f84
DATA|009d32ee|2|word||.reloc|0x3f8a
DATA|009d32f0|2|word||.reloc|0x3f95
DATA|009d32f2|2|word||.reloc|0x3f9c
DATA|009d32f4|2|word||.reloc|0x3fa3
DATA|009d32f6|2|word||.reloc|0x3fab
DATA|009d32f8|2|word||.reloc|0x3fb2
DATA|009d32fa|2|word||.reloc|0x3fbf
DATA|009d32fc|2|word||.reloc|0x3fc6
DATA|009d32fe|2|word||.reloc|0x3fd0
DATA|009d3300|2|word||.reloc|0x3fd6
DATA|009d3302|2|word||.reloc|0x3fe1
DATA|009d3304|2|word||.reloc|0x3fe8
DATA|009d3306|2|word||.reloc|0x3fef
DATA|009d3308|2|word||.reloc|0x3ff7
DATA|009d330a|2|word||.reloc|0x3ffe
DATA|009d330c|8|IMAGE_BASE_RELOCATION||.reloc|
DATA|009d3314|2|word||.reloc|0x3006
DATA|009d3316|2|word||.reloc|0x3027
DATA|009d3318|2|word||.reloc|0x3034
DATA|009d331a|2|word||.reloc|0x3058
DATA|009d331c|2|word||.reloc|0x3070
DATA|009d331e|2|word||.reloc|0x3078
DATA|009d3320|2|word||.reloc|0x3083
DATA|009d3322|2|word||.reloc|0x308d
DATA|009d3324|2|word||.reloc|0x3093
DATA|009d3326|2|word||.reloc|0x3782
DATA|009d3328|2|word||.reloc|0x3791
DATA|009d332a|2|word||.reloc|0x37a1
DATA|009d332c|2|word||.reloc|0x3b06
DATA|009d332e|2|word||.reloc|0x3c42
DATA|009d3330|2|word||.reloc|0x3c4f
DATA|009d3332|2|word||.reloc|0x3c57
DATA|009d3334|2|word||.reloc|0x3c70
DATA|009d3336|2|word||.reloc|0x3c77
DATA|009d3338|2|word||.reloc|0x3c83
DATA|009d333a|2|word||.reloc|0x3caf
DATA|009d333c|2|word||.reloc|0x3cd3
DATA|009d333e|2|word||.reloc|0x0
DATA|009d3340|8|IMAGE_BASE_RELOCATION||.reloc|
DATA|009d3348|2|word||.reloc|0x3b84
DATA|009d334a|2|word||.reloc|0x3bca
DATA|009d334c|2|word||.reloc|0x3bcf
DATA|009d334e|2|word||.reloc|0x0
DATA|009d3350|8|IMAGE_BASE_RELOCATION||.reloc|
DATA|009d3358|2|word||.reloc|0x316c
DATA|009d335a|2|word||.reloc|0x33f5
DATA|009d335c|2|word||.reloc|0x3445
DATA|009d335e|2|word||.reloc|0x344b
DATA|009d3360|2|word||.reloc|0x345a
DATA|009d3362|2|word||.reloc|0x3460
DATA|009d3364|2|word||.reloc|0x3469
DATA|009d3366|2|word||.reloc|0x346f
DATA|009d3368|2|word||.reloc|0x3479
DATA|009d336a|2|word||.reloc|0x347f
DATA|009d336c|2|word||.reloc|0x3485
DATA|009d336e|2|word||.reloc|0x348b
DATA|009d3370|2|word||.reloc|0x349a
DATA|009d3372|2|word||.reloc|0x34a0
DATA|009d3374|2|word||.reloc|0x34a6
DATA|009d3376|2|word||.reloc|0x34ac
DATA|009d3378|2|word||.reloc|0x34bb
DATA|009d337a|2|word||.reloc|0x34c1
DATA|009d337c|2|word||.reloc|0x34c7
DATA|009d337e|2|word||.reloc|0x34cd
DATA|009d3380|2|word||.reloc|0x34d3
DATA|009d3382|2|word||.reloc|0x34e1
DATA|009d3384|2|word||.reloc|0x34ed
DATA|009d3386|2|word||.reloc|0x34f4
DATA|009d3388|2|word||.reloc|0x34fa
DATA|009d338a|2|word||.reloc|0x37a2
DATA|009d338c|2|word||.reloc|0x37f9
DATA|009d338e|2|word||.reloc|0x381f
DATA|009d3390|2|word||.reloc|0x384a
DATA|009d3392|2|word||.reloc|0x3857
DATA|009d3394|2|word||.reloc|0x3866
DATA|009d3396|2|word||.reloc|0x3874
DATA|009d3398|2|word||.reloc|0x3883
DATA|009d339a|2|word||.reloc|0x388f
DATA|009d339c|2|word||.reloc|0x38a1
DATA|009d339e|2|word||.reloc|0x38ad
DATA|009d33a0|2|word||.reloc|0x38ba
DATA|009d33a2|2|word||.reloc|0x38c7
DATA|009d33a4|2|word||.reloc|0x390d
DATA|009d33a6|2|word||.reloc|0x3920
DATA|009d33a8|2|word||.reloc|0x3934
DATA|009d33aa|2|word||.reloc|0x394b
DATA|009d33ac|2|word||.reloc|0x3990
DATA|009d33ae|2|word||.reloc|0x39a7
DATA|009d33b0|2|word||.reloc|0x39b1
DATA|009d33b2|2|word||.reloc|0x39cc
DATA|009d33b4|2|word||.reloc|0x39dd
DATA|009d33b6|2|word||.reloc|0x39e8
DATA|009d33b8|2|word||.reloc|0x39fb
DATA|009d33ba|2|word||.reloc|0x3a07
DATA|009d33bc|2|word||.reloc|0x3a15
DATA|009d33be|2|word||.reloc|0x3a25
DATA|009d33c0|2|word||.reloc|0x3a35
DATA|009d33c2|2|word||.reloc|0x3a45
DATA|009d33c4|2|word||.reloc|0x3a56
DATA|009d33c6|2|word||.reloc|0x3a5f
DATA|009d33c8|2|word||.reloc|0x3a88
DATA|009d33ca|2|word||.reloc|0x3a92
DATA|009d33cc|2|word||.reloc|0x3a99
DATA|009d33ce|2|word||.reloc|0x3aa0
DATA|009d33d0|2|word||.reloc|0x3ab2
DATA|009d33d2|2|word||.reloc|0x3abe
DATA|009d33d4|2|word||.reloc|0x3acb
DATA|009d33d6|2|word||.reloc|0x3ad2
DATA|009d33d8|2|word||.reloc|0x3ae2
DATA|009d33da|2|word||.reloc|0x3aea
DATA|009d33dc|2|word||.reloc|0x3afa
DATA|009d33de|2|word||.reloc|0x3aff
DATA|009d33e0|2|word||.reloc|0x3b0e
DATA|009d33e2|2|word||.reloc|0x3b2b
DATA|009d33e4|2|word||.reloc|0x3b32
DATA|009d33e6|2|word||.reloc|0x3b4c
DATA|009d33e8|2|word||.reloc|0x3b59
DATA|009d33ea|2|word||.reloc|0x3b6d
DATA|009d33ec|2|word||.reloc|0x3b74
DATA|009d33ee|2|word||.reloc|0x3b91
DATA|009d33f0|2|word||.reloc|0x3b9f
DATA|009d33f2|2|word||.reloc|0x3ba5
DATA|009d33f4|2|word||.reloc|0x3bab
DATA|009d33f6|2|word||.reloc|0x3bb2
DATA|009d33f8|2|word||.reloc|0x3bbf
DATA|009d33fa|2|word||.reloc|0x3bcd
DATA|009d33fc|2|word||.reloc|0x3bde
DATA|009d33fe|2|word||.reloc|0x3bf0
DATA|009d3400|2|word||.reloc|0x3bf7
DATA|009d3402|2|word||.reloc|0x3bfe
DATA|009d3404|2|word||.reloc|0x3c05
DATA|009d3406|2|word||.reloc|0x3c17
DATA|009d3408|2|word||.reloc|0x3c29
DATA|009d340a|2|word||.reloc|0x3c35
DATA|009d340c|2|word||.reloc|0x3c3d
DATA|009d340e|2|word||.reloc|0x3c4c
DATA|009d3410|2|word||.reloc|0x3c8a
DATA|009d3412|2|word||.reloc|0x3ccf
DATA|009d3414|2|word||.reloc|0x3cec
DATA|009d3416|2|word||.reloc|0x3cfb
DATA|009d3418|2|word||.reloc|0x3d0a
DATA|009d341a|2|word||.reloc|0x3d18
DATA|009d341c|2|word||.reloc|0x3d20
DATA|009d341e|2|word||.reloc|0x3d29
DATA|009d3420|2|word||.reloc|0x3d32
DATA|009d3422|2|word||.reloc|0x3d3a
DATA|009d3424|2|word||.reloc|0x3d43
DATA|009d3426|2|word||.reloc|0x3d49
DATA|009d3428|2|word||.reloc|0x3d51
DATA|009d342a|2|word||.reloc|0x3d62
DATA|009d342c|2|word||.reloc|0x3d68
DATA|009d342e|2|word||.reloc|0x3d78
DATA|009d3430|2|word||.reloc|0x3d91
DATA|009d3432|2|word||.reloc|0x3da2
DATA|009d3434|2|word||.reloc|0x3dae
DATA|009d3436|2|word||.reloc|0x3dbb
DATA|009d3438|2|word||.reloc|0x3dc8
DATA|009d343a|2|word||.reloc|0x3dd9
DATA|009d343c|2|word||.reloc|0x3e12
DATA|009d343e|2|word||.reloc|0x3e4b
DATA|009d3440|2|word||.reloc|0x3e59
DATA|009d3442|2|word||.reloc|0x3e68
DATA|009d3444|2|word||.reloc|0x3e7a
DATA|009d3446|2|word||.reloc|0x3ebe
DATA|009d3448|2|word||.reloc|0x3ec8
DATA|009d344a|2|word||.reloc|0x3edc
DATA|009d344c|2|word||.reloc|0x3ee8
DATA|009d344e|2|word||.reloc|0x3eee
DATA|009d3450|2|word||.reloc|0x3efc
DATA|009d3452|2|word||.reloc|0x3f08
DATA|009d3454|2|word||.reloc|0x3f1e
DATA|009d3456|2|word||.reloc|0x3f7a
DATA|009d3458|2|word||.reloc|0x3fbc
DATA|009d345a|2|word||.reloc|0x0
DATA|009d345c|8|IMAGE_BASE_RELOCATION||.reloc|
DATA|009d3464|2|word||.reloc|0x31cd
DATA|009d3466|2|word||.reloc|0x31d6
DATA|009d3468|2|word||.reloc|0x3290
DATA|009d346a|2|word||.reloc|0x32c9
DATA|009d346c|2|word||.reloc|0x339b
DATA|009d346e|2|word||.reloc|0x33b4
DATA|009d3470|2|word||.reloc|0x34a9
DATA|009d3472|2|word||.reloc|0x358c
DATA|009d3474|2|word||.reloc|0x3595
DATA|009d3476|2|word||.reloc|0x359d
DATA|009d3478|2|word||.reloc|0x3646
DATA|009d347a|2|word||.reloc|0x3656
DATA|009d347c|2|word||.reloc|0x3670
DATA|009d347e|2|word||.reloc|0x368b
DATA|009d3480|2|word||.reloc|0x369d
DATA|009d3482|2|word||.reloc|0x36a5
DATA|009d3484|2|word||.reloc|0x36aa
DATA|009d3486|2|word||.reloc|0x36b5
DATA|009d3488|2|word||.reloc|0x36c4
DATA|009d348a|2|word||.reloc|0x36cc
DATA|009d348c|2|word||.reloc|0x36e2
DATA|009d348e|2|word||.reloc|0x3916
DATA|009d3490|2|word||.reloc|0x3cd6
DATA|009d3492|2|word||.reloc|0x3e2b
DATA|009d3494|8|IMAGE_BASE_RELOCATION||.reloc|
DATA|009d349c|2|word||.reloc|0x304b
DATA|009d349e|2|word||.reloc|0x308e
DATA|009d34a0|2|word||.reloc|0x309c
DATA|009d34a2|2|word||.reloc|0x30a8
DATA|009d34a4|2|word||.reloc|0x30b5
DATA|009d34a6|2|word||.reloc|0x30ca
DATA|009d34a8|2|word||.reloc|0x30e0
DATA|009d34aa|2|word||.reloc|0x30f7
DATA|009d34ac|2|word||.reloc|0x3104
DATA|009d34ae|2|word||.reloc|0x3113
DATA|009d34b0|2|word||.reloc|0x3121
DATA|009d34b2|2|word||.reloc|0x3132
DATA|009d34b4|2|word||.reloc|0x3143
DATA|009d34b6|2|word||.reloc|0x3155
DATA|009d34b8|2|word||.reloc|0x3164
DATA|009d34ba|2|word||.reloc|0x3171
DATA|009d34bc|2|word||.reloc|0x317e
DATA|009d34be|2|word||.reloc|0x3190
DATA|009d34c0|2|word||.reloc|0x319f
DATA|009d34c2|2|word||.reloc|0x31b7
DATA|009d34c4|2|word||.reloc|0x31c4
DATA|009d34c6|2|word||.reloc|0x31d1
DATA|009d34c8|2|word||.reloc|0x31da
DATA|009d34ca|2|word||.reloc|0x31e3
DATA|009d34cc|2|word||.reloc|0x321e
DATA|009d34ce|2|word||.reloc|0x322c
DATA|009d34d0|2|word||.reloc|0x326b
DATA|009d34d2|2|word||.reloc|0x327c
DATA|009d34d4|2|word||.reloc|0x328f
DATA|009d34d6|2|word||.reloc|0x32a0
DATA|009d34d8|2|word||.reloc|0x32ac
DATA|009d34da|2|word||.reloc|0x32b7
DATA|009d34dc|2|word||.reloc|0x32c6
DATA|009d34de|2|word||.reloc|0x32d6
DATA|009d34e0|2|word||.reloc|0x3313
DATA|009d34e2|2|word||.reloc|0x3325
DATA|009d34e4|2|word||.reloc|0x3337
DATA|009d34e6|2|word||.reloc|0x3348
DATA|009d34e8|2|word||.reloc|0x3738
DATA|009d34ea|2|word||.reloc|0x388c
DATA|009d34ec|2|word||.reloc|0x3a10
DATA|009d34ee|2|word||.reloc|0x3c1f
DATA|009d34f0|2|word||.reloc|0x3c32
DATA|009d34f2|2|word||.reloc|0x3c8b
DATA|009d34f4|2|word||.reloc|0x3c9b
DATA|009d34f6|2|word||.reloc|0x3cf4
DATA|009d34f8|2|word||.reloc|0x3d04
DATA|009d34fa|2|word||.reloc|0x3d45
DATA|009d34fc|2|word||.reloc|0x3d5b
DATA|009d34fe|2|word||.reloc|0x3d6c
DATA|009d3500|2|word||.reloc|0x3d78
DATA|009d3502|2|word||.reloc|0x3d80
DATA|009d3504|2|word||.reloc|0x3d8e
DATA|009d3506|2|word||.reloc|0x3dc4
DATA|009d3508|2|word||.reloc|0x3dd8
DATA|009d350a|2|word||.reloc|0x3dec
DATA|009d350c|2|word||.reloc|0x3e02
DATA|009d350e|2|word||.reloc|0x3e57
DATA|009d3510|2|word||.reloc|0x3e67
DATA|009d3512|2|word||.reloc|0x3e83
DATA|009d3514|2|word||.reloc|0x3e8f
DATA|009d3516|2|word||.reloc|0x3ead
DATA|009d3518|2|word||.reloc|0x3ec3
DATA|009d351a|2|word||.reloc|0x3eda
DATA|009d351c|2|word||.reloc|0x3ee8
DATA|009d351e|2|word||.reloc|0x3ef7
DATA|009d3520|2|word||.reloc|0x3f0b
DATA|009d3522|2|word||.reloc|0x3f17
DATA|009d3524|2|word||.reloc|0x3f23
DATA|009d3526|2|word||.reloc|0x3f2f
DATA|009d3528|2|word||.reloc|0x3f3b
DATA|009d352a|2|word||.reloc|0x3f48
DATA|009d352c|2|word||.reloc|0x3f54
DATA|009d352e|2|word||.reloc|0x3f66
DATA|009d3530|2|word||.reloc|0x3f75
DATA|009d3532|2|word||.reloc|0x3f8c
DATA|009d3534|2|word||.reloc|0x3f99
DATA|009d3536|2|word||.reloc|0x3fa6
DATA|009d3538|2|word||.reloc|0x3fae
DATA|009d353a|2|word||.reloc|0x3fb7
DATA|009d353c|2|word||.reloc|0x3ffe
DATA|009d353e|2|word||.reloc|0x0
DATA|009d3540|8|IMAGE_BASE_RELOCATION||.reloc|
DATA|009d3548|2|word||.reloc|0x303c
DATA|009d354a|2|word||.reloc|0x304a
DATA|009d354c|2|word||.reloc|0x3058
DATA|009d354e|2|word||.reloc|0x3072
DATA|009d3550|2|word||.reloc|0x3084
DATA|009d3552|2|word||.reloc|0x3097
DATA|009d3554|2|word||.reloc|0x30a9
DATA|009d3556|2|word||.reloc|0x30b4
DATA|009d3558|2|word||.reloc|0x30c0
DATA|009d355a|2|word||.reloc|0x30d0
DATA|009d355c|2|word||.reloc|0x30e4
DATA|009d355e|2|word||.reloc|0x30ff
DATA|009d3560|2|word||.reloc|0x310d
DATA|009d3562|2|word||.reloc|0x311e
DATA|009d3564|2|word||.reloc|0x3159
DATA|009d3566|2|word||.reloc|0x316b
DATA|009d3568|2|word||.reloc|0x3183
DATA|009d356a|2|word||.reloc|0x318f
DATA|009d356c|2|word||.reloc|0x3352
DATA|009d356e|2|word||.reloc|0x3884
DATA|009d3570|2|word||.reloc|0x38af
DATA|009d3572|2|word||.reloc|0x38c1
DATA|009d3574|2|word||.reloc|0x38d0
DATA|009d3576|2|word||.reloc|0x38f5
DATA|009d3578|2|word||.reloc|0x38fb
DATA|009d357a|2|word||.reloc|0x3901
DATA|009d357c|2|word||.reloc|0x3907
DATA|009d357e|2|word||.reloc|0x390d
DATA|009d3580|2|word||.reloc|0x391f
DATA|009d3582|2|word||.reloc|0x3968
DATA|009d3584|2|word||.reloc|0x396e
DATA|009d3586|2|word||.reloc|0x3974
DATA|009d3588|2|word||.reloc|0x397a
DATA|009d358a|2|word||.reloc|0x3980
DATA|009d358c|2|word||.reloc|0x3986
DATA|009d358e|2|word||.reloc|0x398d
DATA|009d3590|2|word||.reloc|0x3994
DATA|009d3592|2|word||.reloc|0x399b
DATA|009d3594|2|word||.reloc|0x3aad
DATA|009d3596|2|word||.reloc|0x3ab6
DATA|009d3598|2|word||.reloc|0x3abc
DATA|009d359a|2|word||.reloc|0x3ac2
DATA|009d359c|2|word||.reloc|0x3ac8
DATA|009d359e|2|word||.reloc|0x3ace
DATA|009d35a0|2|word||.reloc|0x3ad4
DATA|009d35a2|2|word||.reloc|0x3af1
DATA|009d35a4|2|word||.reloc|0x3afd
DATA|009d35a6|2|word||.reloc|0x3b09
DATA|009d35a8|2|word||.reloc|0x3b10
DATA|009d35aa|2|word||.reloc|0x3b18
DATA|009d35ac|2|word||.reloc|0x3b1e
DATA|009d35ae|2|word||.reloc|0x3cef
DATA|009d35b0|2|word||.reloc|0x3d8e
DATA|009d35b2|2|word||.reloc|0x3d9c
DATA|009d35b4|2|word||.reloc|0x3da3
DATA|009d35b6|2|word||.reloc|0x3daa
DATA|009d35b8|2|word||.reloc|0x3dd6
DATA|009d35ba|2|word||.reloc|0x3df7
DATA|009d35bc|2|word||.reloc|0x3e13
DATA|009d35be|2|word||.reloc|0x3e19
DATA|009d35c0|2|word||.reloc|0x3e1e
DATA|009d35c2|2|word||.reloc|0x3e24
DATA|009d35c4|2|word||.reloc|0x3e38
DATA|009d35c6|2|word||.reloc|0x3e3e
DATA|009d35c8|2|word||.reloc|0x3e7d
DATA|009d35ca|2|word||.reloc|0x3f0d
DATA|009d35cc|2|word||.reloc|0x3f17
DATA|009d35ce|2|word||.reloc|0x3f30
DATA|009d35d0|2|word||.reloc|0x3f48
DATA|009d35d2|2|word||.reloc|0x3f5f
DATA|009d35d4|8|IMAGE_BASE_RELOCATION||.reloc|
DATA|009d35dc|2|word||.reloc|0x3006
DATA|009d35de|2|word||.reloc|0x3025
DATA|009d35e0|2|word||.reloc|0x3083
DATA|009d35e2|2|word||.reloc|0x30c8
DATA|009d35e4|2|word||.reloc|0x30f8
DATA|009d35e6|2|word||.reloc|0x31ac
DATA|009d35e8|2|word||.reloc|0x31e6
DATA|009d35ea|2|word||.reloc|0x31f2
DATA|009d35ec|2|word||.reloc|0x320d
DATA|009d35ee|2|word||.reloc|0x3240
DATA|009d35f0|2|word||.reloc|0x3259
DATA|009d35f2|2|word||.reloc|0x3265
DATA|009d35f4|2|word||.reloc|0x3296
DATA|009d35f6|2|word||.reloc|0x32a9
DATA|009d35f8|2|word||.reloc|0x332e
DATA|009d35fa|2|word||.reloc|0x3379
DATA|009d35fc|2|word||.reloc|0x33bd
DATA|009d35fe|2|word||.reloc|0x342a
DATA|009d3600|2|word||.reloc|0x3541
DATA|009d3602|2|word||.reloc|0x35cd
DATA|009d3604|2|word||.reloc|0x35d9
DATA|009d3606|2|word||.reloc|0x381b
DATA|009d3608|2|word||.reloc|0x383d
DATA|009d360a|2|word||.reloc|0x3842
DATA|009d360c|2|word||.reloc|0x38ad
DATA|009d360e|2|word||.reloc|0x38b3
DATA|009d3610|2|word||.reloc|0x38bf
DATA|009d3612|2|word||.reloc|0x38c7
DATA|009d3614|2|word||.reloc|0x3d01
DATA|009d3616|2|word||.reloc|0x3d23
DATA|009d3618|2|word||.reloc|0x3d28
DATA|009d361a|2|word||.reloc|0x3d48
DATA|009d361c|2|word||.reloc|0x3d52
DATA|009d361e|2|word||.reloc|0x3d71
DATA|009d3620|2|word||.reloc|0x3d97
DATA|009d3622|2|word||.reloc|0x3da2
DATA|009d3624|2|word||.reloc|0x3db5
DATA|009d3626|2|word||.reloc|0x3dc5
DATA|009d3628|2|word||.reloc|0x3dcd
DATA|009d362a|2|word||.reloc|0x3ddb
DATA|009d362c|2|word||.reloc|0x3df4
DATA|009d362e|2|word||.reloc|0x3dff
DATA|009d3630|2|word||.reloc|0x3e07
DATA|009d3632|2|word||.reloc|0x3e0d
DATA|009d3634|2|word||.reloc|0x3e24
DATA|009d3636|2|word||.reloc|0x3e2f
DATA|009d3638|2|word||.reloc|0x3e34
DATA|009d363a|2|word||.reloc|0x3e3d
DATA|009d363c|2|word||.reloc|0x3e6d
DATA|009d363e|2|word||.reloc|0x3e78
DATA|009d3640|2|word||.reloc|0x3e99
DATA|009d3642|2|word||.reloc|0x3ea4
DATA|009d3644|2|word||.reloc|0x3eac
DATA|009d3646|2|word||.reloc|0x3eb7
DATA|009d3648|2|word||.reloc|0x3ec2
DATA|009d364a|2|word||.reloc|0x3ed3
DATA|009d364c|2|word||.reloc|0x3edc
DATA|009d364e|2|word||.reloc|0x3ee4
DATA|009d3650|2|word||.reloc|0x3ef7
DATA|009d3652|2|word||.reloc|0x0
DATA|009d3654|8|IMAGE_BASE_RELOCATION||.reloc|
DATA|009d365c|2|word||.reloc|0x31fe
DATA|009d365e|2|word||.reloc|0x358b
DATA|009d3660|2|word||.reloc|0x3a5f
DATA|009d3662|2|word||.reloc|0x3a65
DATA|009d3664|2|word||.reloc|0x3a6f
DATA|009d3666|2|word||.reloc|0x3a75
DATA|009d3668|2|word||.reloc|0x3a7f
DATA|009d366a|2|word||.reloc|0x3a85
DATA|009d366c|2|word||.reloc|0x3a90
DATA|009d366e|2|word||.reloc|0x3a96
DATA|009d3670|2|word||.reloc|0x3a9c
DATA|009d3672|2|word||.reloc|0x3aa6
DATA|009d3674|2|word||.reloc|0x3aae
DATA|009d3676|2|word||.reloc|0x3ab5
DATA|009d3678|2|word||.reloc|0x3ac3
DATA|009d367a|2|word||.reloc|0x3ac7
DATA|009d367c|2|word||.reloc|0x3ad2
DATA|009d367e|2|word||.reloc|0x3ae5
DATA|009d3680|2|word||.reloc|0x3af1
DATA|009d3682|2|word||.reloc|0x3afe
DATA|009d3684|2|word||.reloc|0x3b07
DATA|009d3686|2|word||.reloc|0x3b15
DATA|009d3688|2|word||.reloc|0x3b53
DATA|009d368a|2|word||.reloc|0x3b74
DATA|009d368c|2|word||.reloc|0x3b84
DATA|009d368e|2|word||.reloc|0x3b8f
DATA|009d3690|2|word||.reloc|0x3b99
DATA|009d3692|2|word||.reloc|0x3b9f
DATA|009d3694|2|word||.reloc|0x3ba6
DATA|009d3696|2|word||.reloc|0x3bac
DATA|009d3698|2|word||.reloc|0x3bb2
DATA|009d369a|2|word||.reloc|0x3bb8
DATA|009d369c|2|word||.reloc|0x3bbe
DATA|009d369e|2|word||.reloc|0x3bc4
DATA|009d36a0|2|word||.reloc|0x3bca
DATA|009d36a2|2|word||.reloc|0x3bf0
DATA|009d36a4|2|word||.reloc|0x3bf4
DATA|009d36a6|2|word||.reloc|0x3c03
DATA|009d36a8|2|word||.reloc|0x3c0e
DATA|009d36aa|2|word||.reloc|0x3c1e
DATA|009d36ac|2|word||.reloc|0x3c52
DATA|009d36ae|2|word||.reloc|0x3c6b
DATA|009d36b0|2|word||.reloc|0x3c85
DATA|009d36b2|2|word||.reloc|0x3c9b
DATA|009d36b4|2|word||.reloc|0x3cb9
DATA|009d36b6|2|word||.reloc|0x3cc3
DATA|009d36b8|2|word||.reloc|0x3da4
DATA|009d36ba|2|word||.reloc|0x3db4
DATA|009d36bc|2|word||.reloc|0x3eac
DATA|009d36be|2|word||.reloc|0x0
DATA|009d36c0|8|IMAGE_BASE_RELOCATION||.reloc|
DATA|009d36c8|2|word||.reloc|0x31e5
DATA|009d36ca|2|word||.reloc|0x3311
DATA|009d36cc|2|word||.reloc|0x3317
DATA|009d36ce|2|word||.reloc|0x3324
DATA|009d36d0|2|word||.reloc|0x332d
DATA|009d36d2|2|word||.reloc|0x3712
DATA|009d36d4|2|word||.reloc|0x3719
DATA|009d36d6|2|word||.reloc|0x3720
DATA|009d36d8|2|word||.reloc|0x3877
DATA|009d36da|2|word||.reloc|0x387c
DATA|009d36dc|2|word||.reloc|0x3890
DATA|009d36de|2|word||.reloc|0x38a7
DATA|009d36e0|2|word||.reloc|0x38ad
DATA|009d36e2|2|word||.reloc|0x38b3
DATA|009d36e4|2|word||.reloc|0x3950
DATA|009d36e6|2|word||.reloc|0x3957
DATA|009d36e8|2|word||.reloc|0x396b
DATA|009d36ea|2|word||.reloc|0x397e
DATA|009d36ec|2|word||.reloc|0x3986
DATA|009d36ee|2|word||.reloc|0x3991
DATA|009d36f0|2|word||.reloc|0x3997
DATA|009d36f2|2|word||.reloc|0x3a03
DATA|009d36f4|2|word||.reloc|0x3a24
DATA|009d36f6|2|word||.reloc|0x3a3c
DATA|009d36f8|2|word||.reloc|0x3a44
DATA|009d36fa|2|word||.reloc|0x3a51
DATA|009d36fc|2|word||.reloc|0x3a84
DATA|009d36fe|2|word||.reloc|0x3a91
DATA|009d3700|2|word||.reloc|0x3aa3
DATA|009d3702|2|word||.reloc|0x3aa8
DATA|009d3704|2|word||.reloc|0x3ab2
DATA|009d3706|2|word||.reloc|0x0
DATA|009d3708|8|IMAGE_BASE_RELOCATION||.reloc|
DATA|009d3710|2|word||.reloc|0x31d8
DATA|009d3712|2|word||.reloc|0x31fa
DATA|009d3714|2|word||.reloc|0x3337
DATA|009d3716|2|word||.reloc|0x352d
DATA|009d3718|2|word||.reloc|0x35c0
DATA|009d371a|2|word||.reloc|0x35cc
DATA|009d371c|2|word||.reloc|0x37ba
DATA|009d371e|2|word||.reloc|0x3a5a
DATA|009d3720|2|word||.reloc|0x3a6a
DATA|009d3722|2|word||.reloc|0x3a9b
DATA|009d3724|2|word||.reloc|0x3aa6
DATA|009d3726|2|word||.reloc|0x3ab2
DATA|009d3728|2|word||.reloc|0x3abd
DATA|009d372a|2|word||.reloc|0x3ac3
DATA|009d372c|2|word||.reloc|0x3ac8
DATA|009d372e|2|word||.reloc|0x3ada
DATA|009d3730|2|word||.reloc|0x3ae3
DATA|009d3732|2|word||.reloc|0x3b17
DATA|009d3734|2|word||.reloc|0x3b27
DATA|009d3736|2|word||.reloc|0x3c9e
DATA|009d3738|2|word||.reloc|0x3cbb
DATA|009d373a|2|word||.reloc|0x3cc2
DATA|009d373c|2|word||.reloc|0x3cc9
DATA|009d373e|2|word||.reloc|0x3d21
DATA|009d3740|2|word||.reloc|0x3d2d
DATA|009d3742|2|word||.reloc|0x3d39
DATA|009d3744|2|word||.reloc|0x3d5f
DATA|009d3746|2|word||.reloc|0x3d6c
DATA|009d3748|2|word||.reloc|0x3d78
DATA|009d374a|2|word||.reloc|0x3d84
DATA|009d374c|2|word||.reloc|0x3dc4
DATA|009d374e|2|word||.reloc|0x3dda
DATA|009d3750|2|word||.reloc|0x3e21
DATA|009d3752|2|word||.reloc|0x3e31
DATA|009d3754|2|word||.reloc|0x3e37
DATA|009d3756|2|word||.reloc|0x3e3e
DATA|009d3758|2|word||.reloc|0x3e43
DATA|009d375a|2|word||.reloc|0x3e49
DATA|009d375c|2|word||.reloc|0x3e4f
DATA|009d375e|2|word||.reloc|0x3e56
DATA|009d3760|2|word||.reloc|0x3e5d
DATA|009d3762|2|word||.reloc|0x3e63
DATA|009d3764|2|word||.reloc|0x3e69
DATA|009d3766|2|word||.reloc|0x3e6e
DATA|009d3768|2|word||.reloc|0x3e75
DATA|009d376a|2|word||.reloc|0x3e7b
DATA|009d376c|2|word||.reloc|0x3e81
DATA|009d376e|2|word||.reloc|0x3e86
DATA|009d3770|2|word||.reloc|0x3e8c
DATA|009d3772|2|word||.reloc|0x3e92
DATA|009d3774|2|word||.reloc|0x3e9c
DATA|009d3776|2|word||.reloc|0x3eba
DATA|009d3778|2|word||.reloc|0x3ec5
DATA|009d377a|2|word||.reloc|0x3ed1
DATA|009d377c|2|word||.reloc|0x3fc1
DATA|009d377e|2|word||.reloc|0x0
DATA|009d3780|8|IMAGE_BASE_RELOCATION||.reloc|
DATA|009d3788|2|word||.reloc|0x3066
DATA|009d378a|2|word||.reloc|0x314d
DATA|009d378c|2|word||.reloc|0x319b
DATA|009d378e|2|word||.reloc|0x3211
DATA|009d3790|2|word||.reloc|0x3255
DATA|009d3792|2|word||.reloc|0x328f
DATA|009d3794|2|word||.reloc|0x3524
DATA|009d3796|2|word||.reloc|0x3837
DATA|009d3798|2|word||.reloc|0x3892
DATA|009d379a|2|word||.reloc|0x38f1
DATA|009d379c|2|word||.reloc|0x396e
DATA|009d379e|2|word||.reloc|0x39ce
DATA|009d37a0|2|word||.reloc|0x3b49
DATA|009d37a2|2|word||.reloc|0x3baf
DATA|009d37a4|2|word||.reloc|0x3bfe
DATA|009d37a6|2|word||.reloc|0x3c6b
DATA|009d37a8|2|word||.reloc|0x3c79
DATA|009d37aa|2|word||.reloc|0x3c87
DATA|009d37ac|2|word||.reloc|0x3e5a
DATA|009d37ae|2|word||.reloc|0x3e82
DATA|009d37b0|2|word||.reloc|0x3fd1
DATA|009d37b2|2|word||.reloc|0x3ff0
DATA|009d37b4|8|IMAGE_BASE_RELOCATION||.reloc|
DATA|009d37bc|2|word||.reloc|0x302d
DATA|009d37be|2|word||.reloc|0x3042
DATA|009d37c0|2|word||.reloc|0x3074
DATA|009d37c2|2|word||.reloc|0x3124
DATA|009d37c4|2|word||.reloc|0x324a
DATA|009d37c6|2|word||.reloc|0x3256
DATA|009d37c8|2|word||.reloc|0x33e7
DATA|009d37ca|2|word||.reloc|0x3571
DATA|009d37cc|2|word||.reloc|0x35ee
DATA|009d37ce|2|word||.reloc|0x366c
DATA|009d37d0|2|word||.reloc|0x374c
DATA|009d37d2|2|word||.reloc|0x3863
DATA|009d37d4|2|word||.reloc|0x38a3
DATA|009d37d6|2|word||.reloc|0x38ae
DATA|009d37d8|2|word||.reloc|0x38bf
DATA|009d37da|2|word||.reloc|0x38de
DATA|009d37dc|2|word||.reloc|0x3dda
DATA|009d37de|2|word||.reloc|0x3df9
DATA|009d37e0|8|IMAGE_BASE_RELOCATION||.reloc|
DATA|009d37e8|2|word||.reloc|0x3218
DATA|009d37ea|2|word||.reloc|0x3221
DATA|009d37ec|2|word||.reloc|0x3233
DATA|009d37ee|2|word||.reloc|0x323d
DATA|009d37f0|2|word||.reloc|0x3242
DATA|009d37f2|2|word||.reloc|0x3249
DATA|009d37f4|2|word||.reloc|0x3250
DATA|009d37f6|2|word||.reloc|0x3264
DATA|009d37f8|2|word||.reloc|0x333b
DATA|009d37fa|2|word||.reloc|0x3375
DATA|009d37fc|2|word||.reloc|0x337e
DATA|009d37fe|2|word||.reloc|0x3391
DATA|009d3800|2|word||.reloc|0x3442
DATA|009d3802|2|word||.reloc|0x35a4
DATA|009d3804|2|word||.reloc|0x3798
DATA|009d3806|2|word||.reloc|0x3862
DATA|009d3808|2|word||.reloc|0x3880
DATA|009d380a|2|word||.reloc|0x3890
DATA|009d380c|2|word||.reloc|0x38cb
DATA|009d380e|2|word||.reloc|0x390e
DATA|009d3810|2|word||.reloc|0x3e4d
DATA|009d3812|2|word||.reloc|0x3ec1
DATA|009d3814|8|IMAGE_BASE_RELOCATION||.reloc|
DATA|009d381c|2|word||.reloc|0x3641
DATA|009d381e|2|word||.reloc|0x364f
DATA|009d3820|8|IMAGE_BASE_RELOCATION||.reloc|
DATA|009d3828|2|word||.reloc|0x312c
DATA|009d382a|2|word||.reloc|0x3137
DATA|009d382c|2|word||.reloc|0x32c7
DATA|009d382e|2|word||.reloc|0x32da
DATA|009d3830|2|word||.reloc|0x3305
DATA|009d3832|2|word||.reloc|0x35db
DATA|009d3834|2|word||.reloc|0x35ec
DATA|009d3836|2|word||.reloc|0x3703
DATA|009d3838|2|word||.reloc|0x370a
DATA|009d383a|2|word||.reloc|0x3714
DATA|009d383c|2|word||.reloc|0x3721
DATA|009d383e|2|word||.reloc|0x3735
DATA|009d3840|2|word||.reloc|0x374e
DATA|009d3842|2|word||.reloc|0x3961
DATA|009d3844|2|word||.reloc|0x3a45
DATA|009d3846|2|word||.reloc|0x3a4c
DATA|009d3848|2|word||.reloc|0x3a56
DATA|009d384a|2|word||.reloc|0x3a81
DATA|009d384c|2|word||.reloc|0x3a96
DATA|009d384e|2|word||.reloc|0x3ab0
DATA|009d3850|2|word||.reloc|0x3cbc
DATA|009d3852|2|word||.reloc|0x3cce
DATA|009d3854|2|word||.reloc|0x3ce0
DATA|009d3856|2|word||.reloc|0x3e19
DATA|009d3858|2|word||.reloc|0x3e83
DATA|009d385a|2|word||.reloc|0x3e93
DATA|009d385c|2|word||.reloc|0x3ed0
DATA|009d385e|2|word||.reloc|0x3edc
DATA|009d3860|2|word||.reloc|0x3ee8
DATA|009d3862|2|word||.reloc|0x3ef4
DATA|009d3864|2|word||.reloc|0x3f31
DATA|009d3866|2|word||.reloc|0x0
DATA|009d3868|8|IMAGE_BASE_RELOCATION||.reloc|
DATA|009d3870|2|word||.reloc|0x33a9
DATA|009d3872|2|word||.reloc|0x33b1
DATA|009d3874|2|word||.reloc|0x33b7
DATA|009d3876|2|word||.reloc|0x33c1
DATA|009d3878|2|word||.reloc|0x33cd
DATA|009d387a|2|word||.reloc|0x33f6
DATA|009d387c|2|word||.reloc|0x3413
DATA|009d387e|2|word||.reloc|0x3439
DATA|009d3880|2|word||.reloc|0x3447
DATA|009d3882|2|word||.reloc|0x345c
DATA|009d3884|2|word||.reloc|0x346b
DATA|009d3886|2|word||.reloc|0x34d1
DATA|009d3888|2|word||.reloc|0x35ee
DATA|009d388a|2|word||.reloc|0x3609
DATA|009d388c|2|word||.reloc|0x36d0
DATA|009d388e|2|word||.reloc|0x372b
DATA|009d3890|2|word||.reloc|0x37ac
DATA|009d3892|2|word||.reloc|0x37c1
DATA|009d3894|2|word||.reloc|0x37db
DATA|009d3896|2|word||.reloc|0x385d
DATA|009d3898|2|word||.reloc|0x387e
DATA|009d389a|2|word||.reloc|0x3936
DATA|009d389c|2|word||.reloc|0x3947
DATA|009d389e|2|word||.reloc|0x395a
DATA|009d38a0|2|word||.reloc|0x39fd
DATA|009d38a2|2|word||.reloc|0x3a4a
DATA|009d38a4|2|word||.reloc|0x3a77
DATA|009d38a6|2|word||.reloc|0x3aae
DATA|009d38a8|2|word||.reloc|0x3abe
DATA|009d38aa|2|word||.reloc|0x3af8
DATA|009d38ac|2|word||.reloc|0x3b17
DATA|009d38ae|2|word||.reloc|0x3b41
DATA|009d38b0|2|word||.reloc|0x3b59
DATA|009d38b2|2|word||.reloc|0x3b9e
DATA|009d38b4|2|word||.reloc|0x3bb7
DATA|009d38b6|2|word||.reloc|0x3bc5
DATA|009d38b8|2|word||.reloc|0x3cb3
DATA|009d38ba|2|word||.reloc|0x3d06
DATA|009d38bc|2|word||.reloc|0x3d24
DATA|009d38be|2|word||.reloc|0x3dbd
DATA|009d38c0|2|word||.reloc|0x3dd1
DATA|009d38c2|2|word||.reloc|0x3de8
DATA|009d38c4|2|word||.reloc|0x3df9
DATA|009d38c6|2|word||.reloc|0x3e08
DATA|009d38c8|2|word||.reloc|0x3e17
DATA|009d38ca|2|word||.reloc|0x3e7f
DATA|009d38cc|2|word||.reloc|0x3ea6
DATA|009d38ce|2|word||.reloc|0x3eae
DATA|009d38d0|2|word||.reloc|0x3eca
DATA|009d38d2|2|word||.reloc|0x3ed0
DATA|009d38d4|2|word||.reloc|0x3ee8
DATA|009d38d6|2|word||.reloc|0x3ef1
DATA|009d38d8|2|word||.reloc|0x3f06
DATA|009d38da|2|word||.reloc|0x3f12
DATA|009d38dc|2|word||.reloc|0x3f1f
DATA|009d38de|2|word||.reloc|0x3f2b
DATA|009d38e0|2|word||.reloc|0x3f38
DATA|009d38e2|2|word||.reloc|0x3f43
DATA|009d38e4|2|word||.reloc|0x3f51
DATA|009d38e6|2|word||.reloc|0x3f60
DATA|009d38e8|2|word||.reloc|0x3f65
DATA|009d38ea|2|word||.reloc|0x3f6b
DATA|009d38ec|2|word||.reloc|0x3f71
DATA|009d38ee|2|word||.reloc|0x3f76
DATA|009d38f0|2|word||.reloc|0x3f7c
DATA|009d38f2|2|word||.reloc|0x3f89
DATA|009d38f4|2|word||.reloc|0x3f93
DATA|009d38f6|2|word||.reloc|0x3fa0
DATA|009d38f8|2|word||.reloc|0x3fb2
DATA|009d38fa|2|word||.reloc|0x3fc1
DATA|009d38fc|2|word||.reloc|0x3fc7
DATA|009d38fe|2|word||.reloc|0x3fd3
DATA|009d3900|2|word||.reloc|0x3fd9
DATA|009d3902|2|word||.reloc|0x0
DATA|009d3904|8|IMAGE_BASE_RELOCATION||.reloc|
DATA|009d390c|2|word||.reloc|0x305b
DATA|009d390e|2|word||.reloc|0x3061
DATA|009d3910|2|word||.reloc|0x306b
DATA|009d3912|2|word||.reloc|0x3071
DATA|009d3914|2|word||.reloc|0x3083
DATA|009d3916|2|word||.reloc|0x3094
DATA|009d3918|2|word||.reloc|0x309e
DATA|009d391a|2|word||.reloc|0x30ab
DATA|009d391c|2|word||.reloc|0x30c0
DATA|009d391e|2|word||.reloc|0x3100
DATA|009d3920|2|word||.reloc|0x310f
DATA|009d3922|2|word||.reloc|0x311e
DATA|009d3924|2|word||.reloc|0x3125
DATA|009d3926|2|word||.reloc|0x313a
DATA|009d3928|2|word||.reloc|0x3145
DATA|009d392a|2|word||.reloc|0x3151
DATA|009d392c|2|word||.reloc|0x3158
DATA|009d392e|2|word||.reloc|0x3167
DATA|009d3930|2|word||.reloc|0x316c
DATA|009d3932|2|word||.reloc|0x3172
DATA|009d3934|2|word||.reloc|0x3178
DATA|009d3936|2|word||.reloc|0x317f
DATA|009d3938|2|word||.reloc|0x3184
DATA|009d393a|2|word||.reloc|0x318a
DATA|009d393c|2|word||.reloc|0x3196
DATA|009d393e|2|word||.reloc|0x31a3
DATA|009d3940|2|word||.reloc|0x31af
DATA|009d3942|2|word||.reloc|0x31b5
DATA|009d3944|2|word||.reloc|0x31c2
DATA|009d3946|2|word||.reloc|0x31d6
DATA|009d3948|2|word||.reloc|0x31dc
DATA|009d394a|2|word||.reloc|0x31e9
DATA|009d394c|2|word||.reloc|0x321e
DATA|009d394e|2|word||.reloc|0x3224
DATA|009d3950|2|word||.reloc|0x322a
DATA|009d3952|2|word||.reloc|0x322f
DATA|009d3954|2|word||.reloc|0x3234
DATA|009d3956|2|word||.reloc|0x3239
DATA|009d3958|2|word||.reloc|0x323e
DATA|009d395a|2|word||.reloc|0x3244
DATA|009d395c|2|word||.reloc|0x324a
DATA|009d395e|2|word||.reloc|0x324f
DATA|009d3960|2|word||.reloc|0x3254
DATA|009d3962|2|word||.reloc|0x3259
DATA|009d3964|2|word||.reloc|0x325e
DATA|009d3966|2|word||.reloc|0x3263
DATA|009d3968|2|word||.reloc|0x3268
DATA|009d396a|2|word||.reloc|0x326d
DATA|009d396c|2|word||.reloc|0x3273
DATA|009d396e|2|word||.reloc|0x3278
DATA|009d3970|2|word||.reloc|0x327e
DATA|009d3972|2|word||.reloc|0x32a2
DATA|009d3974|2|word||.reloc|0x349f
DATA|009d3976|2|word||.reloc|0x34be
DATA|009d3978|2|word||.reloc|0x3504
DATA|009d397a|2|word||.reloc|0x35e3
DATA|009d397c|2|word||.reloc|0x386a
DATA|009d397e|2|word||.reloc|0x387b
DATA|009d3980|2|word||.reloc|0x389d
DATA|009d3982|2|word||.reloc|0x38e6
DATA|009d3984|2|word||.reloc|0x38f6
DATA|009d3986|2|word||.reloc|0x3a62
DATA|009d3988|2|word||.reloc|0x3bd3
DATA|009d398a|2|word||.reloc|0x3bea
DATA|009d398c|2|word||.reloc|0x3c17
DATA|009d398e|2|word||.reloc|0x3f46
DATA|009d3990|2|word||.reloc|0x3f69
DATA|009d3992|2|word||.reloc|0x0
DATA|009d3994|8|IMAGE_BASE_RELOCATION||.reloc|
DATA|009d399c|2|word||.reloc|0x3017
DATA|009d399e|2|word||.reloc|0x3767
DATA|009d39a0|2|word||.reloc|0x3783
DATA|009d39a2|2|word||.reloc|0x3790
DATA|009d39a4|2|word||.reloc|0x3799
DATA|009d39a6|2|word||.reloc|0x37a0
DATA|009d39a8|2|word||.reloc|0x37ab
DATA|009d39aa|2|word||.reloc|0x37b6
DATA|009d39ac|2|word||.reloc|0x37bd
DATA|009d39ae|2|word||.reloc|0x37c7
DATA|009d39b0|2|word||.reloc|0x37f6
DATA|009d39b2|2|word||.reloc|0x3803
DATA|009d39b4|2|word||.reloc|0x3812
DATA|009d39b6|2|word||.reloc|0x3835
DATA|009d39b8|2|word||.reloc|0x384e
DATA|009d39ba|2|word||.reloc|0x38bc
DATA|009d39bc|2|word||.reloc|0x38c7
DATA|009d39be|2|word||.reloc|0x38ce
DATA|009d39c0|2|word||.reloc|0x38da
DATA|009d39c2|2|word||.reloc|0x3994
DATA|009d39c4|2|word||.reloc|0x3d12
DATA|009d39c6|2|word||.reloc|0x3e04
DATA|009d39c8|2|word||.reloc|0x3e1a
DATA|009d39ca|2|word||.reloc|0x3e38
DATA|009d39cc|2|word||.reloc|0x3fbc
DATA|009d39ce|2|word||.reloc|0x0
DATA|009d39d0|8|IMAGE_BASE_RELOCATION||.reloc|
DATA|009d39d8|2|word||.reloc|0x3150
DATA|009d39da|2|word||.reloc|0x3197
DATA|009d39dc|2|word||.reloc|0x31c1
DATA|009d39de|2|word||.reloc|0x31fc
DATA|009d39e0|2|word||.reloc|0x320c
DATA|009d39e2|2|word||.reloc|0x3219
DATA|009d39e4|2|word||.reloc|0x3281
DATA|009d39e6|2|word||.reloc|0x32b2
DATA|009d39e8|2|word||.reloc|0x32b7
DATA|009d39ea|2|word||.reloc|0x32bf
DATA|009d39ec|2|word||.reloc|0x32c9
DATA|009d39ee|2|word||.reloc|0x32cf
DATA|009d39f0|2|word||.reloc|0x32d8
DATA|009d39f2|2|word||.reloc|0x32de
DATA|009d39f4|2|word||.reloc|0x33da
DATA|009d39f6|2|word||.reloc|0x34b1
DATA|009d39f8|2|word||.reloc|0x34c3
DATA|009d39fa|2|word||.reloc|0x34c9
DATA|009d39fc|2|word||.reloc|0x34ce
DATA|009d39fe|2|word||.reloc|0x34d3
DATA|009d3a00|2|word||.reloc|0x34e1
DATA|009d3a02|2|word||.reloc|0x34e9
DATA|009d3a04|2|word||.reloc|0x34f1
DATA|009d3a06|2|word||.reloc|0x34fb
DATA|009d3a08|2|word||.reloc|0x3501
DATA|009d3a0a|2|word||.reloc|0x350d
DATA|009d3a0c|2|word||.reloc|0x3519
DATA|009d3a0e|2|word||.reloc|0x3525
DATA|009d3a10|2|word||.reloc|0x352d
DATA|009d3a12|2|word||.reloc|0x3532
DATA|009d3a14|2|word||.reloc|0x3545
DATA|009d3a16|2|word||.reloc|0x354e
DATA|009d3a18|2|word||.reloc|0x3555
DATA|009d3a1a|2|word||.reloc|0x355c
DATA|009d3a1c|2|word||.reloc|0x3561
DATA|009d3a1e|2|word||.reloc|0x3566
DATA|009d3a20|2|word||.reloc|0x3572
DATA|009d3a22|2|word||.reloc|0x3582
DATA|009d3a24|2|word||.reloc|0x3588
DATA|009d3a26|2|word||.reloc|0x3591
DATA|009d3a28|2|word||.reloc|0x3598
DATA|009d3a2a|2|word||.reloc|0x359e
DATA|009d3a2c|2|word||.reloc|0x35a4
DATA|009d3a2e|2|word||.reloc|0x35ab
DATA|009d3a30|2|word||.reloc|0x35b2
DATA|009d3a32|2|word||.reloc|0x35b9
DATA|009d3a34|2|word||.reloc|0x35bf
DATA|009d3a36|2|word||.reloc|0x35c5
DATA|009d3a38|2|word||.reloc|0x35cb
DATA|009d3a3a|2|word||.reloc|0x35d2
DATA|009d3a3c|2|word||.reloc|0x35d9
DATA|009d3a3e|2|word||.reloc|0x35e0
DATA|009d3a40|2|word||.reloc|0x35e7
DATA|009d3a42|2|word||.reloc|0x35ee
DATA|009d3a44|2|word||.reloc|0x35f5
DATA|009d3a46|2|word||.reloc|0x35fe
DATA|009d3a48|2|word||.reloc|0x360d
DATA|009d3a4a|2|word||.reloc|0x3616
DATA|009d3a4c|2|word||.reloc|0x361d
DATA|009d3a4e|2|word||.reloc|0x3626
DATA|009d3a50|2|word||.reloc|0x362d
DATA|009d3a52|2|word||.reloc|0x3633
DATA|009d3a54|2|word||.reloc|0x3639
DATA|009d3a56|2|word||.reloc|0x363f
DATA|009d3a58|2|word||.reloc|0x3645
DATA|009d3a5a|2|word||.reloc|0x364e
DATA|009d3a5c|2|word||.reloc|0x3653
DATA|009d3a5e|2|word||.reloc|0x3658
DATA|009d3a60|2|word||.reloc|0x365d
DATA|009d3a62|2|word||.reloc|0x3662
DATA|009d3a64|2|word||.reloc|0x3667
DATA|009d3a66|2|word||.reloc|0x366c
DATA|009d3a68|2|word||.reloc|0x3671
DATA|009d3a6a|2|word||.reloc|0x3676
DATA|009d3a6c|2|word||.reloc|0x367b
DATA|009d3a6e|2|word||.reloc|0x3680
DATA|009d3a70|2|word||.reloc|0x3687
DATA|009d3a72|2|word||.reloc|0x368e
DATA|009d3a74|2|word||.reloc|0x3695
DATA|009d3a76|2|word||.reloc|0x369c
DATA|009d3a78|2|word||.reloc|0x36a8
DATA|009d3a7a|2|word||.reloc|0x36b3
DATA|009d3a7c|2|word||.reloc|0x36bf
DATA|009d3a7e|2|word||.reloc|0x36cb
DATA|009d3a80|2|word||.reloc|0x36d6
DATA|009d3a82|2|word||.reloc|0x36e2
DATA|009d3a84|2|word||.reloc|0x36ee
DATA|009d3a86|2|word||.reloc|0x36fa
DATA|009d3a88|2|word||.reloc|0x3700
DATA|009d3a8a|2|word||.reloc|0x3706
DATA|009d3a8c|2|word||.reloc|0x370c
DATA|009d3a8e|2|word||.reloc|0x3712
DATA|009d3a90|2|word||.reloc|0x3718
DATA|009d3a92|2|word||.reloc|0x371e
DATA|009d3a94|2|word||.reloc|0x3731
DATA|009d3a96|2|word||.reloc|0x3747
DATA|009d3a98|2|word||.reloc|0x374c
DATA|009d3a9a|2|word||.reloc|0x375f
DATA|009d3a9c|2|word||.reloc|0x3764
DATA|009d3a9e|2|word||.reloc|0x3777
DATA|009d3aa0|2|word||.reloc|0x377c
DATA|009d3aa2|2|word||.reloc|0x378f
DATA|009d3aa4|2|word||.reloc|0x37b0
DATA|009d3aa6|2|word||.reloc|0x37c2
DATA|009d3aa8|2|word||.reloc|0x37d1
DATA|009d3aaa|2|word||.reloc|0x37d6
DATA|009d3aac|2|word||.reloc|0x37e2
DATA|009d3aae|2|word||.reloc|0x37ec
DATA|009d3ab0|2|word||.reloc|0x37fc
DATA|009d3ab2|2|word||.reloc|0x3817
DATA|009d3ab4|2|word||.reloc|0x381d
DATA|009d3ab6|2|word||.reloc|0x3848
DATA|009d3ab8|2|word||.reloc|0x3854
DATA|009d3aba|2|word||.reloc|0x3860
DATA|009d3abc|2|word||.reloc|0x386c
DATA|009d3abe|2|word||.reloc|0x3878
DATA|009d3ac0|2|word||.reloc|0x3881
DATA|009d3ac2|2|word||.reloc|0x3889
DATA|009d3ac4|2|word||.reloc|0x388f
DATA|009d3ac6|2|word||.reloc|0x38b9
DATA|009d3ac8|2|word||.reloc|0x38c0
DATA|009d3aca|2|word||.reloc|0x38c5
DATA|009d3acc|2|word||.reloc|0x38f5
DATA|009d3ace|2|word||.reloc|0x39a3
DATA|009d3ad0|2|word||.reloc|0x39e5
DATA|009d3ad2|2|word||.reloc|0x3a51
DATA|009d3ad4|2|word||.reloc|0x3a5e
DATA|009d3ad6|2|word||.reloc|0x3a66
DATA|009d3ad8|2|word||.reloc|0x3add
DATA|009d3ada|2|word||.reloc|0x3aea
DATA|009d3adc|2|word||.reloc|0x3b26
DATA|009d3ade|2|word||.reloc|0x3b63
DATA|009d3ae0|2|word||.reloc|0x3b82
DATA|009d3ae2|2|word||.reloc|0x3ba0
DATA|009d3ae4|2|word||.reloc|0x3bb8
DATA|009d3ae6|2|word||.reloc|0x3bc7
DATA|009d3ae8|2|word||.reloc|0x3c12
DATA|009d3aea|2|word||.reloc|0x3c25
DATA|009d3aec|2|word||.reloc|0x3c36
DATA|009d3aee|2|word||.reloc|0x3c4a
DATA|009d3af0|2|word||.reloc|0x3c63
DATA|009d3af2|2|word||.reloc|0x3c77
DATA|009d3af4|2|word||.reloc|0x3c88
DATA|009d3af6|2|word||.reloc|0x3c9c
DATA|009d3af8|2|word||.reloc|0x3cb2
DATA|009d3afa|2|word||.reloc|0x3cc6
DATA|009d3afc|2|word||.reloc|0x3cd4
DATA|009d3afe|2|word||.reloc|0x3ce0
DATA|009d3b00|2|word||.reloc|0x3cec
DATA|009d3b02|2|word||.reloc|0x3cf7
DATA|009d3b04|2|word||.reloc|0x3cfe
DATA|009d3b06|2|word||.reloc|0x3d1c
DATA|009d3b08|2|word||.reloc|0x3d20
DATA|009d3b0a|2|word||.reloc|0x3d24
DATA|009d3b0c|2|word||.reloc|0x3d28
DATA|009d3b0e|2|word||.reloc|0x3d2c
DATA|009d3b10|2|word||.reloc|0x3d30
DATA|009d3b12|2|word||.reloc|0x3d34
DATA|009d3b14|2|word||.reloc|0x3d41
DATA|009d3b16|2|word||.reloc|0x3d47
DATA|009d3b18|2|word||.reloc|0x3d4c
DATA|009d3b1a|2|word||.reloc|0x3d5a
DATA|009d3b1c|2|word||.reloc|0x3d61
DATA|009d3b1e|2|word||.reloc|0x3d6b
DATA|009d3b20|2|word||.reloc|0x3d81
DATA|009d3b22|2|word||.reloc|0x3d8b
DATA|009d3b24|2|word||.reloc|0x3d91
DATA|009d3b26|2|word||.reloc|0x3d9b
DATA|009d3b28|2|word||.reloc|0x3da1
DATA|009d3b2a|2|word||.reloc|0x3db9
DATA|009d3b2c|2|word||.reloc|0x3dc6
DATA|009d3b2e|2|word||.reloc|0x3dd0
DATA|009d3b30|2|word||.reloc|0x3dd6
DATA|009d3b32|2|word||.reloc|0x3de3
DATA|009d3b34|2|word||.reloc|0x3de9
DATA|009d3b36|2|word||.reloc|0x3dfe
DATA|009d3b38|2|word||.reloc|0x3e0c
DATA|009d3b3a|2|word||.reloc|0x3e20
DATA|009d3b3c|2|word||.reloc|0x3e28
DATA|009d3b3e|2|word||.reloc|0x3e41
DATA|009d3b40|2|word||.reloc|0x3ecb
DATA|009d3b42|2|word||.reloc|0x0
DATA|009d3b44|8|IMAGE_BASE_RELOCATION||.reloc|
DATA|009d3b4c|2|word||.reloc|0x3012
DATA|009d3b4e|2|word||.reloc|0x3019
DATA|009d3b50|2|word||.reloc|0x304b
DATA|009d3b52|2|word||.reloc|0x346c
DATA|009d3b54|2|word||.reloc|0x361a
DATA|009d3b56|2|word||.reloc|0x3622
DATA|009d3b58|2|word||.reloc|0x362e
DATA|009d3b5a|2|word||.reloc|0x3648
DATA|009d3b5c|2|word||.reloc|0x3652
DATA|009d3b5e|2|word||.reloc|0x365a
DATA|009d3b60|2|word||.reloc|0x365f
DATA|009d3b62|2|word||.reloc|0x3666
DATA|009d3b64|2|word||.reloc|0x368e
DATA|009d3b66|2|word||.reloc|0x3699
DATA|009d3b68|2|word||.reloc|0x36c1
DATA|009d3b6a|2|word||.reloc|0x36cc
DATA|009d3b6c|2|word||.reloc|0x36de
DATA|009d3b6e|2|word||.reloc|0x36e4
DATA|009d3b70|2|word||.reloc|0x36ee
DATA|009d3b72|2|word||.reloc|0x36f5
DATA|009d3b74|2|word||.reloc|0x36fb
DATA|009d3b76|2|word||.reloc|0x370b
DATA|009d3b78|2|word||.reloc|0x3724
DATA|009d3b7a|2|word||.reloc|0x372c
DATA|009d3b7c|2|word||.reloc|0x3767
DATA|009d3b7e|2|word||.reloc|0x3803
DATA|009d3b80|2|word||.reloc|0x3811
DATA|009d3b82|2|word||.reloc|0x3983
DATA|009d3b84|2|word||.reloc|0x3988
DATA|009d3b86|2|word||.reloc|0x39f3
DATA|009d3b88|2|word||.reloc|0x39f8
DATA|009d3b8a|2|word||.reloc|0x3b23
DATA|009d3b8c|2|word||.reloc|0x3b32
DATA|009d3b8e|2|word||.reloc|0x3b55
DATA|009d3b90|2|word||.reloc|0x3b5f
DATA|009d3b92|2|word||.reloc|0x3b82
DATA|009d3b94|2|word||.reloc|0x3b88
DATA|009d3b96|2|word||.reloc|0x3b95
DATA|009d3b98|2|word||.reloc|0x3ba1
DATA|009d3b9a|2|word||.reloc|0x3bac
DATA|009d3b9c|2|word||.reloc|0x3bd3
DATA|009d3b9e|2|word||.reloc|0x3be5
DATA|009d3ba0|2|word||.reloc|0x3c0d
DATA|009d3ba2|2|word||.reloc|0x3c17
DATA|009d3ba4|2|word||.reloc|0x3c36
DATA|009d3ba6|2|word||.reloc|0x3c3c
DATA|009d3ba8|2|word||.reloc|0x3c41
DATA|009d3baa|2|word||.reloc|0x3c4b
DATA|009d3bac|2|word||.reloc|0x3c57
DATA|009d3bae|2|word||.reloc|0x3c62
DATA|009d3bb0|2|word||.reloc|0x3c73
DATA|009d3bb2|2|word||.reloc|0x3c7c
DATA|009d3bb4|2|word||.reloc|0x3c85
DATA|009d3bb6|2|word||.reloc|0x3c90
DATA|009d3bb8|2|word||.reloc|0x3c99
DATA|009d3bba|2|word||.reloc|0x3ca0
DATA|009d3bbc|2|word||.reloc|0x3cae
DATA|009d3bbe|2|word||.reloc|0x3cdd
DATA|009d3bc0|2|word||.reloc|0x3cfe
DATA|009d3bc2|2|word||.reloc|0x3d10
DATA|009d3bc4|2|word||.reloc|0x3d52
DATA|009d3bc6|2|word||.reloc|0x3d79
DATA|009d3bc8|2|word||.reloc|0x3d87
DATA|009d3bca|2|word||.reloc|0x3dce
DATA|009d3bcc|2|word||.reloc|0x3df8
DATA|009d3bce|2|word||.reloc|0x3e59
DATA|009d3bd0|2|word||.reloc|0x3ea2
DATA|009d3bd2|2|word||.reloc|0x3eb1
DATA|009d3bd4|2|word||.reloc|0x3ebb
DATA|009d3bd6|2|word||.reloc|0x3ec1
DATA|009d3bd8|2|word||.reloc|0x3ec7
DATA|009d3bda|2|word||.reloc|0x3ecd
DATA|009d3bdc|2|word||.reloc|0x3ed3
DATA|009d3bde|2|word||.reloc|0x3ed9
DATA|009d3be0|2|word||.reloc|0x3edf
DATA|009d3be2|2|word||.reloc|0x3ee5
DATA|009d3be4|2|word||.reloc|0x3eeb
DATA|009d3be6|2|word||.reloc|0x3ef8
DATA|009d3be8|2|word||.reloc|0x3efd
DATA|009d3bea|2|word||.reloc|0x3f02
DATA|009d3bec|2|word||.reloc|0x3f0f
DATA|009d3bee|2|word||.reloc|0x3f1b
DATA|009d3bf0|2|word||.reloc|0x3fa2
DATA|009d3bf2|2|word||.reloc|0x3fb9
DATA|009d3bf4|2|word||.reloc|0x3fcb
DATA|009d3bf6|2|word||.reloc|0x3fd0
DATA|009d3bf8|2|word||.reloc|0x3fdf
DATA|009d3bfa|2|word||.reloc|0x3fee
DATA|009d3bfc|2|word||.reloc|0x3ffe
DATA|009d3bfe|2|word||.reloc|0x0
DATA|009d3c00|8|IMAGE_BASE_RELOCATION||.reloc|
DATA|009d3c08|2|word||.reloc|0x300f
DATA|009d3c0a|2|word||.reloc|0x3020
DATA|009d3c0c|2|word||.reloc|0x3031
DATA|009d3c0e|2|word||.reloc|0x3042
DATA|009d3c10|2|word||.reloc|0x3053
DATA|009d3c12|2|word||.reloc|0x3067
DATA|009d3c14|2|word||.reloc|0x3095
DATA|009d3c16|2|word||.reloc|0x30c7
DATA|009d3c18|2|word||.reloc|0x30d2
DATA|009d3c1a|2|word||.reloc|0x30d8
DATA|009d3c1c|2|word||.reloc|0x30e3
DATA|009d3c1e|2|word||.reloc|0x30f7
DATA|009d3c20|2|word||.reloc|0x3100
DATA|009d3c22|2|word||.reloc|0x3105
DATA|009d3c24|2|word||.reloc|0x3113
DATA|009d3c26|2|word||.reloc|0x3126
DATA|009d3c28|2|word||.reloc|0x3134
DATA|009d3c2a|2|word||.reloc|0x313a
DATA|009d3c2c|2|word||.reloc|0x3141
DATA|009d3c2e|2|word||.reloc|0x3146
DATA|009d3c30|2|word||.reloc|0x314e
DATA|009d3c32|2|word||.reloc|0x3156
DATA|009d3c34|2|word||.reloc|0x315c
DATA|009d3c36|2|word||.reloc|0x3162
DATA|009d3c38|2|word||.reloc|0x3168
DATA|009d3c3a|2|word||.reloc|0x316e
DATA|009d3c3c|2|word||.reloc|0x3179
DATA|009d3c3e|2|word||.reloc|0x317f
DATA|009d3c40|2|word||.reloc|0x3188
DATA|009d3c42|2|word||.reloc|0x3196
DATA|009d3c44|2|word||.reloc|0x31a9
DATA|009d3c46|2|word||.reloc|0x31cc
DATA|009d3c48|2|word||.reloc|0x31e1
DATA|009d3c4a|2|word||.reloc|0x31e7
DATA|009d3c4c|2|word||.reloc|0x31f8
DATA|009d3c4e|2|word||.reloc|0x322a
DATA|009d3c50|2|word||.reloc|0x323e
DATA|009d3c52|2|word||.reloc|0x3256
DATA|009d3c54|2|word||.reloc|0x325c
DATA|009d3c56|2|word||.reloc|0x3261
DATA|009d3c58|2|word||.reloc|0x326e
DATA|009d3c5a|2|word||.reloc|0x3274
DATA|009d3c5c|2|word||.reloc|0x3279
DATA|009d3c5e|2|word||.reloc|0x3285
DATA|009d3c60|2|word||.reloc|0x3291
DATA|009d3c62|2|word||.reloc|0x329b
DATA|009d3c64|2|word||.reloc|0x32a0
DATA|009d3c66|2|word||.reloc|0x32a6
DATA|009d3c68|2|word||.reloc|0x32b3
DATA|009d3c6a|2|word||.reloc|0x32bf
DATA|009d3c6c|2|word||.reloc|0x32c4
DATA|009d3c6e|2|word||.reloc|0x32ce
DATA|009d3c70|2|word||.reloc|0x32d4
DATA|009d3c72|2|word||.reloc|0x32d9
DATA|009d3c74|2|word||.reloc|0x32e7
DATA|009d3c76|2|word||.reloc|0x32f6
DATA|009d3c78|2|word||.reloc|0x32fb
DATA|009d3c7a|2|word||.reloc|0x3310
DATA|009d3c7c|2|word||.reloc|0x331d
DATA|009d3c7e|2|word||.reloc|0x3329
DATA|009d3c80|2|word||.reloc|0x3336
DATA|009d3c82|2|word||.reloc|0x3343
DATA|009d3c84|2|word||.reloc|0x334f
DATA|009d3c86|2|word||.reloc|0x335c
DATA|009d3c88|2|word||.reloc|0x3369
DATA|009d3c8a|2|word||.reloc|0x3383
DATA|009d3c8c|2|word||.reloc|0x338a
DATA|009d3c8e|2|word||.reloc|0x33a4
DATA|009d3c90|2|word||.reloc|0x33b0
DATA|009d3c92|2|word||.reloc|0x33b9
DATA|009d3c94|2|word||.reloc|0x33c3
DATA|009d3c96|2|word||.reloc|0x33d2
DATA|009d3c98|2|word||.reloc|0x33de
DATA|009d3c9a|2|word||.reloc|0x33e7
DATA|009d3c9c|2|word||.reloc|0x33ef
DATA|009d3c9e|2|word||.reloc|0x33ff
DATA|009d3ca0|2|word||.reloc|0x340b
DATA|009d3ca2|2|word||.reloc|0x3413
DATA|009d3ca4|2|word||.reloc|0x341c
DATA|009d3ca6|2|word||.reloc|0x3430
DATA|009d3ca8|2|word||.reloc|0x3437
DATA|009d3caa|2|word||.reloc|0x3443
DATA|009d3cac|2|word||.reloc|0x344f
DATA|009d3cae|2|word||.reloc|0x3463
DATA|009d3cb0|2|word||.reloc|0x3479
DATA|009d3cb2|2|word||.reloc|0x3486
DATA|009d3cb4|2|word||.reloc|0x3492
DATA|009d3cb6|2|word||.reloc|0x34a7
DATA|009d3cb8|2|word||.reloc|0x34b6
DATA|009d3cba|2|word||.reloc|0x34ca
DATA|009d3cbc|2|word||.reloc|0x34d0
DATA|009d3cbe|2|word||.reloc|0x34e1
DATA|009d3cc0|2|word||.reloc|0x34e7
DATA|009d3cc2|2|word||.reloc|0x34f8
DATA|009d3cc4|2|word||.reloc|0x34fe
DATA|009d3cc6|2|word||.reloc|0x3513
DATA|009d3cc8|2|word||.reloc|0x3519
DATA|009d3cca|2|word||.reloc|0x3526
DATA|009d3ccc|2|word||.reloc|0x3531
DATA|009d3cce|2|word||.reloc|0x353c
DATA|009d3cd0|2|word||.reloc|0x3557
DATA|009d3cd2|2|word||.reloc|0x3563
DATA|009d3cd4|2|word||.reloc|0x356f
DATA|009d3cd6|2|word||.reloc|0x3582
DATA|009d3cd8|2|word||.reloc|0x3597
DATA|009d3cda|2|word||.reloc|0x35aa
DATA|009d3cdc|2|word||.reloc|0x35bc
DATA|009d3cde|2|word||.reloc|0x35d0
DATA|009d3ce0|2|word||.reloc|0x35dd
DATA|009d3ce2|2|word||.reloc|0x35e4
DATA|009d3ce4|2|word||.reloc|0x35fc
DATA|009d3ce6|2|word||.reloc|0x3617
DATA|009d3ce8|2|word||.reloc|0x3623
DATA|009d3cea|2|word||.reloc|0x362a
DATA|009d3cec|2|word||.reloc|0x3637
DATA|009d3cee|2|word||.reloc|0x3653
DATA|009d3cf0|2|word||.reloc|0x365c
DATA|009d3cf2|2|word||.reloc|0x3665
DATA|009d3cf4|2|word||.reloc|0x367b
DATA|009d3cf6|2|word||.reloc|0x368c
DATA|009d3cf8|2|word||.reloc|0x36a4
DATA|009d3cfa|2|word||.reloc|0x36b3
DATA|009d3cfc|2|word||.reloc|0x36c3
DATA|009d3cfe|2|word||.reloc|0x36c8
DATA|009d3d00|2|word||.reloc|0x36e8
DATA|009d3d02|2|word||.reloc|0x36ee
DATA|009d3d04|2|word||.reloc|0x36f5
DATA|009d3d06|2|word||.reloc|0x3709
DATA|009d3d08|2|word||.reloc|0x3717
DATA|009d3d0a|2|word||.reloc|0x3720
DATA|009d3d0c|2|word||.reloc|0x373b
DATA|009d3d0e|2|word||.reloc|0x374c
DATA|009d3d10|2|word||.reloc|0x375f
DATA|009d3d12|2|word||.reloc|0x3764
DATA|009d3d14|2|word||.reloc|0x380d
DATA|009d3d16|2|word||.reloc|0x382c
DATA|009d3d18|2|word||.reloc|0x383f
DATA|009d3d1a|2|word||.reloc|0x3845
DATA|009d3d1c|2|word||.reloc|0x3853
DATA|009d3d1e|2|word||.reloc|0x387a
DATA|009d3d20|2|word||.reloc|0x3886
DATA|009d3d22|2|word||.reloc|0x3892
DATA|009d3d24|2|word||.reloc|0x38a6
DATA|009d3d26|2|word||.reloc|0x38c6
DATA|009d3d28|2|word||.reloc|0x38d2
DATA|009d3d2a|2|word||.reloc|0x38de
DATA|009d3d2c|2|word||.reloc|0x38ea
DATA|009d3d2e|2|word||.reloc|0x3907
DATA|009d3d30|2|word||.reloc|0x390d
DATA|009d3d32|2|word||.reloc|0x3914
DATA|009d3d34|2|word||.reloc|0x3943
DATA|009d3d36|2|word||.reloc|0x3950
DATA|009d3d38|2|word||.reloc|0x395d
DATA|009d3d3a|2|word||.reloc|0x396a
DATA|009d3d3c|2|word||.reloc|0x3999
DATA|009d3d3e|2|word||.reloc|0x39a6
DATA|009d3d40|2|word||.reloc|0x39b3
DATA|009d3d42|2|word||.reloc|0x39c0
DATA|009d3d44|2|word||.reloc|0x39eb
DATA|009d3d46|2|word||.reloc|0x39fd
DATA|009d3d48|2|word||.reloc|0x3a02
DATA|009d3d4a|2|word||.reloc|0x3ab6
DATA|009d3d4c|2|word||.reloc|0x3ad5
DATA|009d3d4e|2|word||.reloc|0x3aee
DATA|009d3d50|2|word||.reloc|0x3afb
DATA|009d3d52|2|word||.reloc|0x3b08
DATA|009d3d54|2|word||.reloc|0x3b14
DATA|009d3d56|2|word||.reloc|0x3b23
DATA|009d3d58|2|word||.reloc|0x3b3a
DATA|009d3d5a|2|word||.reloc|0x3b50
DATA|009d3d5c|2|word||.reloc|0x3b6f
DATA|009d3d5e|2|word||.reloc|0x3c1d
DATA|009d3d60|2|word||.reloc|0x3d85
DATA|009d3d62|2|word||.reloc|0x3dad
DATA|009d3d64|2|word||.reloc|0x3e36
DATA|009d3d66|2|word||.reloc|0x3e4c
DATA|009d3d68|2|word||.reloc|0x3e65
DATA|009d3d6a|2|word||.reloc|0x3e6d
DATA|009d3d6c|2|word||.reloc|0x3e7f
DATA|009d3d6e|2|word||.reloc|0x3e85
DATA|009d3d70|2|word||.reloc|0x3ea0
DATA|009d3d72|2|word||.reloc|0x3f19
DATA|009d3d74|2|word||.reloc|0x3f2f
DATA|009d3d76|2|word||.reloc|0x3f48
DATA|009d3d78|2|word||.reloc|0x3f50
DATA|009d3d7a|2|word||.reloc|0x3f62
DATA|009d3d7c|2|word||.reloc|0x3f68
DATA|009d3d7e|2|word||.reloc|0x3f83
DATA|009d3d80|8|IMAGE_BASE_RELOCATION||.reloc|
DATA|009d3d88|2|word||.reloc|0x303c
DATA|009d3d8a|2|word||.reloc|0x3044
DATA|009d3d8c|2|word||.reloc|0x304c
DATA|009d3d8e|2|word||.reloc|0x3053
DATA|009d3d90|2|word||.reloc|0x308d
DATA|009d3d92|2|word||.reloc|0x3094
DATA|009d3d94|2|word||.reloc|0x30a4
DATA|009d3d96|2|word||.reloc|0x3148
DATA|009d3d98|2|word||.reloc|0x3161
DATA|009d3d9a|2|word||.reloc|0x3169
DATA|009d3d9c|2|word||.reloc|0x31e4
DATA|009d3d9e|2|word||.reloc|0x31ff
DATA|009d3da0|2|word||.reloc|0x3207
DATA|009d3da2|2|word||.reloc|0x3219
DATA|009d3da4|2|word||.reloc|0x321f
DATA|009d3da6|2|word||.reloc|0x3243
DATA|009d3da8|2|word||.reloc|0x32d9
DATA|009d3daa|2|word||.reloc|0x32f2
DATA|009d3dac|2|word||.reloc|0x32fa
DATA|009d3dae|2|word||.reloc|0x3375
DATA|009d3db0|2|word||.reloc|0x338b
DATA|009d3db2|2|word||.reloc|0x3393
DATA|009d3db4|2|word||.reloc|0x339b
DATA|009d3db6|2|word||.reloc|0x33b1
DATA|009d3db8|2|word||.reloc|0x33c1
DATA|009d3dba|2|word||.reloc|0x33e9
DATA|009d3dbc|2|word||.reloc|0x33ef
DATA|009d3dbe|2|word||.reloc|0x347e
DATA|009d3dc0|2|word||.reloc|0x3497
DATA|009d3dc2|2|word||.reloc|0x349f
DATA|009d3dc4|2|word||.reloc|0x351a
DATA|009d3dc6|2|word||.reloc|0x3535
DATA|009d3dc8|2|word||.reloc|0x353d
DATA|009d3dca|2|word||.reloc|0x354f
DATA|009d3dcc|2|word||.reloc|0x3555
DATA|009d3dce|2|word||.reloc|0x3582
DATA|009d3dd0|2|word||.reloc|0x358a
DATA|009d3dd2|2|word||.reloc|0x3599
DATA|009d3dd4|2|word||.reloc|0x35a0
DATA|009d3dd6|2|word||.reloc|0x35a7
DATA|009d3dd8|2|word||.reloc|0x35e7
DATA|009d3dda|2|word||.reloc|0x35f8
DATA|009d3ddc|2|word||.reloc|0x3624
DATA|009d3dde|2|word||.reloc|0x362c
DATA|009d3de0|2|word||.reloc|0x3637
DATA|009d3de2|2|word||.reloc|0x363f
DATA|009d3de4|2|word||.reloc|0x365b
DATA|009d3de6|2|word||.reloc|0x3673
DATA|009d3de8|2|word||.reloc|0x3687
DATA|009d3dea|2|word||.reloc|0x3692
DATA|009d3dec|2|word||.reloc|0x36a0
DATA|009d3dee|2|word||.reloc|0x36a9
DATA|009d3df0|2|word||.reloc|0x36c7
DATA|009d3df2|2|word||.reloc|0x3720
DATA|009d3df4|2|word||.reloc|0x3727
DATA|009d3df6|2|word||.reloc|0x3733
DATA|009d3df8|2|word||.reloc|0x373a
DATA|009d3dfa|2|word||.reloc|0x3744
DATA|009d3dfc|2|word||.reloc|0x3750
DATA|009d3dfe|2|word||.reloc|0x3761
DATA|009d3e00|2|word||.reloc|0x377c
DATA|009d3e02|2|word||.reloc|0x3799
DATA|009d3e04|2|word||.reloc|0x37b4
DATA|009d3e06|2|word||.reloc|0x37ca
DATA|009d3e08|2|word||.reloc|0x37e0
DATA|009d3e0a|2|word||.reloc|0x3811
DATA|009d3e0c|2|word||.reloc|0x3818
DATA|009d3e0e|2|word||.reloc|0x381f
DATA|009d3e10|2|word||.reloc|0x3840
DATA|009d3e12|2|word||.reloc|0x3848
DATA|009d3e14|2|word||.reloc|0x3850
DATA|009d3e16|2|word||.reloc|0x3857
DATA|009d3e18|2|word||.reloc|0x386f
DATA|009d3e1a|2|word||.reloc|0x3883
DATA|009d3e1c|2|word||.reloc|0x38c2
DATA|009d3e1e|2|word||.reloc|0x38dd
DATA|009d3e20|2|word||.reloc|0x38f3
DATA|009d3e22|2|word||.reloc|0x390f
DATA|009d3e24|2|word||.reloc|0x392b
DATA|009d3e26|2|word||.reloc|0x3955
DATA|009d3e28|2|word||.reloc|0x3a20
DATA|009d3e2a|2|word||.reloc|0x3a2a
DATA|009d3e2c|2|word||.reloc|0x3a32
DATA|009d3e2e|2|word||.reloc|0x3a3a
DATA|009d3e30|2|word||.reloc|0x3a41
DATA|009d3e32|2|word||.reloc|0x3a48
DATA|009d3e34|2|word||.reloc|0x3a74
DATA|009d3e36|2|word||.reloc|0x3ae6
DATA|009d3e38|2|word||.reloc|0x3b49
DATA|009d3e3a|2|word||.reloc|0x3b7b
DATA|009d3e3c|2|word||.reloc|0x3b82
DATA|009d3e3e|2|word||.reloc|0x3b89
DATA|009d3e40|2|word||.reloc|0x3cc2
DATA|009d3e42|2|word||.reloc|0x3cd9
DATA|009d3e44|2|word||.reloc|0x3ce5
DATA|009d3e46|2|word||.reloc|0x3cf8
DATA|009d3e48|2|word||.reloc|0x3d17
DATA|009d3e4a|2|word||.reloc|0x3d1c
DATA|009d3e4c|2|word||.reloc|0x3d30
DATA|009d3e4e|2|word||.reloc|0x3d69
DATA|009d3e50|2|word||.reloc|0x3d7b
DATA|009d3e52|2|word||.reloc|0x3d88
DATA|009d3e54|2|word||.reloc|0x3d91
DATA|009d3e56|2|word||.reloc|0x3d9c
DATA|009d3e58|2|word||.reloc|0x3da3
DATA|009d3e5a|2|word||.reloc|0x3dd6
DATA|009d3e5c|2|word||.reloc|0x3de9
DATA|009d3e5e|2|word||.reloc|0x3e00
DATA|009d3e60|2|word||.reloc|0x3e30
DATA|009d3e62|2|word||.reloc|0x3e36
DATA|009d3e64|2|word||.reloc|0x3e4f
DATA|009d3e66|2|word||.reloc|0x3e60
DATA|009d3e68|2|word||.reloc|0x3e73
DATA|009d3e6a|2|word||.reloc|0x3e8a
DATA|009d3e6c|2|word||.reloc|0x3eaf
DATA|009d3e6e|2|word||.reloc|0x3eb4
DATA|009d3e70|2|word||.reloc|0x3ec4
DATA|009d3e72|2|word||.reloc|0x3ed6
DATA|009d3e74|2|word||.reloc|0x3edc
DATA|009d3e76|2|word||.reloc|0x3ef3
DATA|009d3e78|2|word||.reloc|0x3f08
DATA|009d3e7a|2|word||.reloc|0x3f11
DATA|009d3e7c|2|word||.reloc|0x3f1f
DATA|009d3e7e|2|word||.reloc|0x3f28
DATA|009d3e80|2|word||.reloc|0x3f3f
DATA|009d3e82|2|word||.reloc|0x3f59
DATA|009d3e84|2|word||.reloc|0x3f7c
DATA|009d3e86|2|word||.reloc|0x3f82
DATA|009d3e88|2|word||.reloc|0x3f90
DATA|009d3e8a|2|word||.reloc|0x3f9d
DATA|009d3e8c|2|word||.reloc|0x3fa6
DATA|009d3e8e|2|word||.reloc|0x3fbb
DATA|009d3e90|2|word||.reloc|0x3fcf
DATA|009d3e92|2|word||.reloc|0x3fdc
DATA|009d3e94|2|word||.reloc|0x3fe7
DATA|009d3e96|2|word||.reloc|0x3ff1
DATA|009d3e98|8|IMAGE_BASE_RELOCATION||.reloc|
DATA|009d3ea0|2|word||.reloc|0x3004
DATA|009d3ea2|2|word||.reloc|0x301d
DATA|009d3ea4|2|word||.reloc|0x302f
DATA|009d3ea6|2|word||.reloc|0x3051
DATA|009d3ea8|2|word||.reloc|0x3061
DATA|009d3eaa|2|word||.reloc|0x3076
DATA|009d3eac|2|word||.reloc|0x308a
DATA|009d3eae|2|word||.reloc|0x3097
DATA|009d3eb0|2|word||.reloc|0x30a2
DATA|009d3eb2|2|word||.reloc|0x30ac
DATA|009d3eb4|2|word||.reloc|0x30bf
DATA|009d3eb6|2|word||.reloc|0x30d8
DATA|009d3eb8|2|word||.reloc|0x30ea
DATA|009d3eba|2|word||.reloc|0x310e
DATA|009d3ebc|2|word||.reloc|0x311e
DATA|009d3ebe|2|word||.reloc|0x3133
DATA|009d3ec0|2|word||.reloc|0x3147
DATA|009d3ec2|2|word||.reloc|0x3154
DATA|009d3ec4|2|word||.reloc|0x315f
DATA|009d3ec6|2|word||.reloc|0x3169
DATA|009d3ec8|2|word||.reloc|0x317c
DATA|009d3eca|2|word||.reloc|0x3195
DATA|009d3ecc|2|word||.reloc|0x31a7
DATA|009d3ece|2|word||.reloc|0x31cb
DATA|009d3ed0|2|word||.reloc|0x31db
DATA|009d3ed2|2|word||.reloc|0x31f0
DATA|009d3ed4|2|word||.reloc|0x3204
DATA|009d3ed6|2|word||.reloc|0x3211
DATA|009d3ed8|2|word||.reloc|0x321c
DATA|009d3eda|2|word||.reloc|0x3226
DATA|009d3edc|2|word||.reloc|0x3239
DATA|009d3ede|2|word||.reloc|0x3252
DATA|009d3ee0|2|word||.reloc|0x3264
DATA|009d3ee2|2|word||.reloc|0x3288
DATA|009d3ee4|2|word||.reloc|0x3298
DATA|009d3ee6|2|word||.reloc|0x329d
DATA|009d3ee8|2|word||.reloc|0x32b4
DATA|009d3eea|2|word||.reloc|0x32ba
DATA|009d3eec|2|word||.reloc|0x32cf
DATA|009d3eee|2|word||.reloc|0x32d4
DATA|009d3ef0|2|word||.reloc|0x32e8
DATA|009d3ef2|2|word||.reloc|0x32ee
DATA|009d3ef4|2|word||.reloc|0x3303
DATA|009d3ef6|2|word||.reloc|0x3308
DATA|009d3ef8|2|word||.reloc|0x331d
DATA|009d3efa|2|word||.reloc|0x3323
DATA|009d3efc|2|word||.reloc|0x3333
DATA|009d3efe|2|word||.reloc|0x3349
DATA|009d3f00|2|word||.reloc|0x335c
DATA|009d3f02|2|word||.reloc|0x3364
DATA|009d3f04|2|word||.reloc|0x3372
DATA|009d3f06|2|word||.reloc|0x338f
DATA|009d3f08|2|word||.reloc|0x3399
DATA|009d3f0a|2|word||.reloc|0x33a3
DATA|009d3f0c|2|word||.reloc|0x33ad
DATA|009d3f0e|2|word||.reloc|0x33b7
DATA|009d3f10|2|word||.reloc|0x33c1
DATA|009d3f12|2|word||.reloc|0x33ee
DATA|009d3f14|2|word||.reloc|0x33f4
DATA|009d3f16|2|word||.reloc|0x33fe
DATA|009d3f18|2|word||.reloc|0x3438
DATA|009d3f1a|2|word||.reloc|0x3443
DATA|009d3f1c|2|word||.reloc|0x3452
DATA|009d3f1e|2|word||.reloc|0x345b
DATA|009d3f20|2|word||.reloc|0x3465
DATA|009d3f22|2|word||.reloc|0x347e
DATA|009d3f24|2|word||.reloc|0x348e
DATA|009d3f26|2|word||.reloc|0x3494
DATA|009d3f28|2|word||.reloc|0x34aa
DATA|009d3f2a|2|word||.reloc|0x34c8
DATA|009d3f2c|2|word||.reloc|0x34e7
DATA|009d3f2e|2|word||.reloc|0x34fa
DATA|009d3f30|2|word||.reloc|0x3b0f
DATA|009d3f32|2|word||.reloc|0x3b1d
DATA|009d3f34|2|word||.reloc|0x3b52
DATA|009d3f36|2|word||.reloc|0x3b59
DATA|009d3f38|2|word||.reloc|0x3b6b
DATA|009d3f3a|2|word||.reloc|0x3b7c
DATA|009d3f3c|2|word||.reloc|0x3b86
DATA|009d3f3e|2|word||.reloc|0x3b90
DATA|009d3f40|2|word||.reloc|0x3b9a
DATA|009d3f42|2|word||.reloc|0x3ba4
DATA|009d3f44|2|word||.reloc|0x3bae
DATA|009d3f46|2|word||.reloc|0x3bb8
DATA|009d3f48|2|word||.reloc|0x3bcb
DATA|009d3f4a|2|word||.reloc|0x3c14
DATA|009d3f4c|2|word||.reloc|0x3c58
DATA|009d3f4e|2|word||.reloc|0x3c8f
DATA|009d3f50|2|word||.reloc|0x3deb
DATA|009d3f52|2|word||.reloc|0x3df5
DATA|009d3f54|2|word||.reloc|0x3e02
DATA|009d3f56|2|word||.reloc|0x3e1a
DATA|009d3f58|2|word||.reloc|0x3e33
DATA|009d3f5a|2|word||.reloc|0x3e3c
DATA|009d3f5c|2|word||.reloc|0x3e4b
DATA|009d3f5e|2|word||.reloc|0x3e51
DATA|009d3f60|2|word||.reloc|0x3e69
DATA|009d3f62|2|word||.reloc|0x3e6e
DATA|009d3f64|2|word||.reloc|0x3e77
DATA|009d3f66|2|word||.reloc|0x3e7c
DATA|009d3f68|2|word||.reloc|0x3e9a
DATA|009d3f6a|2|word||.reloc|0x3ea1
DATA|009d3f6c|2|word||.reloc|0x3ea8
DATA|009d3f6e|2|word||.reloc|0x3eb1
DATA|009d3f70|2|word||.reloc|0x3eca
DATA|009d3f72|2|word||.reloc|0x3ed1
DATA|009d3f74|2|word||.reloc|0x3ed8
DATA|009d3f76|2|word||.reloc|0x3ee1
DATA|009d3f78|2|word||.reloc|0x3ef3
DATA|009d3f7a|2|word||.reloc|0x3ef9
DATA|009d3f7c|2|word||.reloc|0x3f16
DATA|009d3f7e|2|word||.reloc|0x3f1d
DATA|009d3f80|2|word||.reloc|0x3f26
DATA|009d3f82|2|word||.reloc|0x3f2e
DATA|009d3f84|2|word||.reloc|0x3f43
DATA|009d3f86|2|word||.reloc|0x3f4a
DATA|009d3f88|2|word||.reloc|0x3f53
DATA|009d3f8a|2|word||.reloc|0x3f5b
DATA|009d3f8c|2|word||.reloc|0x3f66
DATA|009d3f8e|2|word||.reloc|0x3f7a
DATA|009d3f90|2|word||.reloc|0x3f8c
DATA|009d3f92|2|word||.reloc|0x3f94
DATA|009d3f94|2|word||.reloc|0x3f9a
DATA|009d3f96|2|word||.reloc|0x3faa
DATA|009d3f98|2|word||.reloc|0x3fb0
DATA|009d3f9a|2|word||.reloc|0x3fbe
DATA|009d3f9c|2|word||.reloc|0x3fcf
DATA|009d3f9e|2|word||.reloc|0x3fda
DATA|009d3fa0|2|word||.reloc|0x3fe8
DATA|009d3fa2|2|word||.reloc|0x3ff2
DATA|009d3fa4|8|IMAGE_BASE_RELOCATION||.reloc|
DATA|009d3fac|2|word||.reloc|0x3002
DATA|009d3fae|2|word||.reloc|0x3008
DATA|009d3fb0|2|word||.reloc|0x300f
DATA|009d3fb2|2|word||.reloc|0x301d
DATA|009d3fb4|2|word||.reloc|0x3024
DATA|009d3fb6|2|word||.reloc|0x3036
DATA|009d3fb8|2|word||.reloc|0x304b
DATA|009d3fba|2|word||.reloc|0x3059
DATA|009d3fbc|2|word||.reloc|0x305f
DATA|009d3fbe|2|word||.reloc|0x3075
DATA|009d3fc0|2|word||.reloc|0x30a9
DATA|009d3fc2|2|word||.reloc|0x30b1
DATA|009d3fc4|2|word||.reloc|0x30c5
DATA|009d3fc6|2|word||.reloc|0x30cf
DATA|009d3fc8|2|word||.reloc|0x30d9
DATA|009d3fca|2|word||.reloc|0x30f2
DATA|009d3fcc|2|word||.reloc|0x30fe
DATA|009d3fce|2|word||.reloc|0x3106
DATA|009d3fd0|2|word||.reloc|0x310c
DATA|009d3fd2|2|word||.reloc|0x3123
DATA|009d3fd4|2|word||.reloc|0x3147
DATA|009d3fd6|2|word||.reloc|0x3152
DATA|009d3fd8|2|word||.reloc|0x3159
DATA|009d3fda|2|word||.reloc|0x3180
DATA|009d3fdc|2|word||.reloc|0x318b
DATA|009d3fde|2|word||.reloc|0x325c
DATA|009d3fe0|2|word||.reloc|0x3276
DATA|009d3fe2|2|word||.reloc|0x327e
DATA|009d3fe4|2|word||.reloc|0x3282
DATA|009d3fe6|2|word||.reloc|0x32b2
DATA|009d3fe8|2|word||.reloc|0x32c4
DATA|009d3fea|2|word||.reloc|0x32c9
DATA|009d3fec|2|word||.reloc|0x32e2
DATA|009d3fee|2|word||.reloc|0x32ee
DATA|009d3ff0|2|word||.reloc|0x3312
DATA|009d3ff2|2|word||.reloc|0x3342
DATA|009d3ff4|2|word||.reloc|0x334d
DATA|009d3ff6|2|word||.reloc|0x3355
DATA|009d3ff8|2|word||.reloc|0x3359
DATA|009d3ffa|2|word||.reloc|0x3366
DATA|009d3ffc|2|word||.reloc|0x3372
DATA|009d3ffe|2|word||.reloc|0x3383
DATA|009d4000|2|word||.reloc|0x3395
DATA|009d4002|2|word||.reloc|0x33cd
DATA|009d4004|2|word||.reloc|0x33db
DATA|009d4006|2|word||.reloc|0x33ef
DATA|009d4008|2|word||.reloc|0x3427
DATA|009d400a|2|word||.reloc|0x3432
DATA|009d400c|2|word||.reloc|0x343a
DATA|009d400e|2|word||.reloc|0x343e
DATA|009d4010|2|word||.reloc|0x344b
DATA|009d4012|2|word||.reloc|0x3452
DATA|009d4014|2|word||.reloc|0x346e
DATA|009d4016|2|word||.reloc|0x3487
DATA|009d4018|2|word||.reloc|0x3490
DATA|009d401a|2|word||.reloc|0x3497
DATA|009d401c|2|word||.reloc|0x34b3
DATA|009d401e|2|word||.reloc|0x34b9
DATA|009d4020|2|word||.reloc|0x34c1
DATA|009d4022|2|word||.reloc|0x34d5
DATA|009d4024|2|word||.reloc|0x34dd
DATA|009d4026|2|word||.reloc|0x34f7
DATA|009d4028|2|word||.reloc|0x34fe
DATA|009d402a|2|word||.reloc|0x3507
DATA|009d402c|2|word||.reloc|0x350d
DATA|009d402e|2|word||.reloc|0x3522
DATA|009d4030|2|word||.reloc|0x3529
DATA|009d4032|2|word||.reloc|0x3532
DATA|009d4034|2|word||.reloc|0x353a
DATA|009d4036|2|word||.reloc|0x3545
DATA|009d4038|2|word||.reloc|0x3559
DATA|009d403a|2|word||.reloc|0x356b
DATA|009d403c|2|word||.reloc|0x3573
DATA|009d403e|2|word||.reloc|0x3579
DATA|009d4040|2|word||.reloc|0x3589
DATA|009d4042|2|word||.reloc|0x358f
DATA|009d4044|2|word||.reloc|0x359d
DATA|009d4046|2|word||.reloc|0x35ad
DATA|009d4048|2|word||.reloc|0x35b9
DATA|009d404a|2|word||.reloc|0x35c7
DATA|009d404c|2|word||.reloc|0x35d1
DATA|009d404e|2|word||.reloc|0x35dd
DATA|009d4050|2|word||.reloc|0x35e3
DATA|009d4052|2|word||.reloc|0x35ea
DATA|009d4054|2|word||.reloc|0x35f8
DATA|009d4056|2|word||.reloc|0x35ff
DATA|009d4058|2|word||.reloc|0x3611
DATA|009d405a|2|word||.reloc|0x3622
DATA|009d405c|2|word||.reloc|0x3630
DATA|009d405e|2|word||.reloc|0x3636
DATA|009d4060|2|word||.reloc|0x3644
DATA|009d4062|2|word||.reloc|0x364a
DATA|009d4064|2|word||.reloc|0x364f
DATA|009d4066|2|word||.reloc|0x3655
DATA|009d4068|2|word||.reloc|0x365f
DATA|009d406a|2|word||.reloc|0x366b
DATA|009d406c|2|word||.reloc|0x3675
DATA|009d406e|2|word||.reloc|0x367c
DATA|009d4070|2|word||.reloc|0x3683
DATA|009d4072|2|word||.reloc|0x368d
DATA|009d4074|2|word||.reloc|0x3697
DATA|009d4076|2|word||.reloc|0x36a1
DATA|009d4078|2|word||.reloc|0x36af
DATA|009d407a|2|word||.reloc|0x36b9
DATA|009d407c|2|word||.reloc|0x36c4
DATA|009d407e|2|word||.reloc|0x36ca
DATA|009d4080|2|word||.reloc|0x36e0
DATA|009d4082|2|word||.reloc|0x36f9
DATA|009d4084|2|word||.reloc|0x3708
DATA|009d4086|2|word||.reloc|0x3727
DATA|009d4088|2|word||.reloc|0x373f
DATA|009d408a|2|word||.reloc|0x374b
DATA|009d408c|2|word||.reloc|0x3758
DATA|009d408e|2|word||.reloc|0x3760
DATA|009d4090|2|word||.reloc|0x3765
DATA|009d4092|2|word||.reloc|0x376b
DATA|009d4094|2|word||.reloc|0x3782
DATA|009d4096|2|word||.reloc|0x378a
DATA|009d4098|2|word||.reloc|0x3790
DATA|009d409a|2|word||.reloc|0x3795
DATA|009d409c|2|word||.reloc|0x37b4
DATA|009d409e|2|word||.reloc|0x37c3
DATA|009d40a0|2|word||.reloc|0x37d2
DATA|009d40a2|2|word||.reloc|0x37da
DATA|009d40a4|2|word||.reloc|0x37df
DATA|009d40a6|2|word||.reloc|0x37e5
DATA|009d40a8|2|word||.reloc|0x37fc
DATA|009d40aa|2|word||.reloc|0x3804
DATA|009d40ac|2|word||.reloc|0x3809
DATA|009d40ae|2|word||.reloc|0x380e
DATA|009d40b0|2|word||.reloc|0x381d
DATA|009d40b2|2|word||.reloc|0x382c
DATA|009d40b4|2|word||.reloc|0x383b
DATA|009d40b6|2|word||.reloc|0x3842
DATA|009d40b8|2|word||.reloc|0x384a
DATA|009d40ba|2|word||.reloc|0x3850
DATA|009d40bc|2|word||.reloc|0x385b
DATA|009d40be|2|word||.reloc|0x3863
DATA|009d40c0|2|word||.reloc|0x386c
DATA|009d40c2|2|word||.reloc|0x3876
DATA|009d40c4|2|word||.reloc|0x387d
DATA|009d40c6|2|word||.reloc|0x3885
DATA|009d40c8|2|word||.reloc|0x388e
DATA|009d40ca|2|word||.reloc|0x38b7
DATA|009d40cc|2|word||.reloc|0x38c3
DATA|009d40ce|2|word||.reloc|0x38ce
DATA|009d40d0|2|word||.reloc|0x38db
DATA|009d40d2|2|word||.reloc|0x393a
DATA|009d40d4|2|word||.reloc|0x3950
DATA|009d40d6|2|word||.reloc|0x3968
DATA|009d40d8|2|word||.reloc|0x3979
DATA|009d40da|2|word||.reloc|0x398d
DATA|009d40dc|2|word||.reloc|0x39a3
DATA|009d40de|2|word||.reloc|0x39aa
DATA|009d40e0|2|word||.reloc|0x39b2
DATA|009d40e2|2|word||.reloc|0x39f5
DATA|009d40e4|2|word||.reloc|0x39fb
DATA|009d40e6|2|word||.reloc|0x39ff
DATA|009d40e8|2|word||.reloc|0x3a04
DATA|009d40ea|2|word||.reloc|0x3a13
DATA|009d40ec|2|word||.reloc|0x3a2d
DATA|009d40ee|2|word||.reloc|0x3a73
DATA|009d40f0|2|word||.reloc|0x3abb
DATA|009d40f2|2|word||.reloc|0x3ad8
DATA|009d40f4|2|word||.reloc|0x3ade
DATA|009d40f6|2|word||.reloc|0x3ae4
DATA|009d40f8|2|word||.reloc|0x3ae9
DATA|009d40fa|2|word||.reloc|0x3aee
DATA|009d40fc|2|word||.reloc|0x3af3
DATA|009d40fe|2|word||.reloc|0x3af8
DATA|009d4100|2|word||.reloc|0x3afe
DATA|009d4102|2|word||.reloc|0x3b03
DATA|009d4104|2|word||.reloc|0x3b08
DATA|009d4106|2|word||.reloc|0x3b0d
DATA|009d4108|2|word||.reloc|0x3b12
DATA|009d410a|2|word||.reloc|0x3b17
DATA|009d410c|2|word||.reloc|0x3b1c
DATA|009d410e|2|word||.reloc|0x3b21
DATA|009d4110|2|word||.reloc|0x3b26
DATA|009d4112|2|word||.reloc|0x3b2b
DATA|009d4114|2|word||.reloc|0x3b31
DATA|009d4116|2|word||.reloc|0x3b7e
DATA|009d4118|2|word||.reloc|0x3b92
DATA|009d411a|2|word||.reloc|0x3bb9
DATA|009d411c|2|word||.reloc|0x3bd4
DATA|009d411e|2|word||.reloc|0x3bf9
DATA|009d4120|2|word||.reloc|0x3c3e
DATA|009d4122|2|word||.reloc|0x3c47
DATA|009d4124|2|word||.reloc|0x3c4d
DATA|009d4126|2|word||.reloc|0x3c51
DATA|009d4128|2|word||.reloc|0x3c5a
DATA|009d412a|2|word||.reloc|0x3c6f
DATA|009d412c|2|word||.reloc|0x3ccb
DATA|009d412e|2|word||.reloc|0x3ce7
DATA|009d4130|2|word||.reloc|0x3d21
DATA|009d4132|2|word||.reloc|0x3d54
DATA|009d4134|2|word||.reloc|0x3d87
DATA|009d4136|2|word||.reloc|0x3dba
DATA|009d4138|2|word||.reloc|0x3ded
DATA|009d413a|2|word||.reloc|0x3e20
DATA|009d413c|2|word||.reloc|0x3e53
DATA|009d413e|2|word||.reloc|0x3e86
DATA|009d4140|2|word||.reloc|0x3eba
DATA|009d4142|2|word||.reloc|0x3ede
DATA|009d4144|2|word||.reloc|0x3f11
DATA|009d4146|2|word||.reloc|0x3f44
DATA|009d4148|2|word||.reloc|0x3f77
DATA|009d414a|2|word||.reloc|0x3fa6
DATA|009d414c|2|word||.reloc|0x3fba
DATA|009d414e|2|word||.reloc|0x0
DATA|009d4150|8|IMAGE_BASE_RELOCATION||.reloc|
DATA|009d4158|2|word||.reloc|0x3061
DATA|009d415a|2|word||.reloc|0x309c
DATA|009d415c|2|word||.reloc|0x30a1
DATA|009d415e|2|word||.reloc|0x30a7
DATA|009d4160|2|word||.reloc|0x30b3
DATA|009d4162|2|word||.reloc|0x30b8
DATA|009d4164|2|word||.reloc|0x30c6
DATA|009d4166|2|word||.reloc|0x30e0
DATA|009d4168|2|word||.reloc|0x30e4
DATA|009d416a|2|word||.reloc|0x30e8
DATA|009d416c|2|word||.reloc|0x30ec
DATA|009d416e|2|word||.reloc|0x30f0
DATA|009d4170|2|word||.reloc|0x3109
DATA|009d4172|2|word||.reloc|0x3168
DATA|009d4174|2|word||.reloc|0x3183
DATA|009d4176|2|word||.reloc|0x321b
DATA|009d4178|2|word||.reloc|0x3222
DATA|009d417a|2|word||.reloc|0x322c
DATA|009d417c|2|word||.reloc|0x3239
DATA|009d417e|2|word||.reloc|0x3246
DATA|009d4180|2|word||.reloc|0x3250
DATA|009d4182|2|word||.reloc|0x3256
DATA|009d4184|2|word||.reloc|0x325e
DATA|009d4186|2|word||.reloc|0x326f
DATA|009d4188|2|word||.reloc|0x32c5
DATA|009d418a|2|word||.reloc|0x32cd
DATA|009d418c|2|word||.reloc|0x32de
DATA|009d418e|2|word||.reloc|0x3672
DATA|009d4190|2|word||.reloc|0x368f
DATA|009d4192|2|word||.reloc|0x369f
DATA|009d4194|2|word||.reloc|0x36bd
DATA|009d4196|2|word||.reloc|0x36c3
DATA|009d4198|2|word||.reloc|0x36d2
DATA|009d419a|2|word||.reloc|0x3709
DATA|009d419c|2|word||.reloc|0x3722
DATA|009d419e|2|word||.reloc|0x372f
DATA|009d41a0|2|word||.reloc|0x3737
DATA|009d41a2|2|word||.reloc|0x3741
DATA|009d41a4|2|word||.reloc|0x374e
DATA|009d41a6|2|word||.reloc|0x375d
DATA|009d41a8|2|word||.reloc|0x3763
DATA|009d41aa|2|word||.reloc|0x3777
DATA|009d41ac|2|word||.reloc|0x3782
DATA|009d41ae|2|word||.reloc|0x378c
DATA|009d41b0|2|word||.reloc|0x37ef
DATA|009d41b2|2|word||.reloc|0x381b
DATA|009d41b4|2|word||.reloc|0x382d
DATA|009d41b6|2|word||.reloc|0x383a
DATA|009d41b8|2|word||.reloc|0x386c
DATA|009d41ba|2|word||.reloc|0x388d
DATA|009d41bc|2|word||.reloc|0x38a8
DATA|009d41be|2|word||.reloc|0x38d4
DATA|009d41c0|2|word||.reloc|0x38e6
DATA|009d41c2|2|word||.reloc|0x38f3
DATA|009d41c4|2|word||.reloc|0x3925
DATA|009d41c6|2|word||.reloc|0x3946
DATA|009d41c8|2|word||.reloc|0x3961
DATA|009d41ca|2|word||.reloc|0x398d
DATA|009d41cc|2|word||.reloc|0x399f
DATA|009d41ce|2|word||.reloc|0x39ac
DATA|009d41d0|2|word||.reloc|0x39de
DATA|009d41d2|2|word||.reloc|0x39ff
DATA|009d41d4|2|word||.reloc|0x3a1d
DATA|009d41d6|2|word||.reloc|0x3a4e
DATA|009d41d8|2|word||.reloc|0x3a60
DATA|009d41da|2|word||.reloc|0x3a6d
DATA|009d41dc|2|word||.reloc|0x3a9f
DATA|009d41de|2|word||.reloc|0x3ac0
DATA|009d41e0|2|word||.reloc|0x3ad9
DATA|009d41e2|2|word||.reloc|0x3b0a
DATA|009d41e4|2|word||.reloc|0x3b1c
DATA|009d41e6|2|word||.reloc|0x3b29
DATA|009d41e8|2|word||.reloc|0x3b5b
DATA|009d41ea|2|word||.reloc|0x3b7c
DATA|009d41ec|2|word||.reloc|0x3b9c
DATA|009d41ee|2|word||.reloc|0x3bc8
DATA|009d41f0|2|word||.reloc|0x3bda
DATA|009d41f2|2|word||.reloc|0x3be7
DATA|009d41f4|2|word||.reloc|0x3c19
DATA|009d41f6|2|word||.reloc|0x3c3a
DATA|009d41f8|2|word||.reloc|0x3c55
DATA|009d41fa|2|word||.reloc|0x3c81
DATA|009d41fc|2|word||.reloc|0x3c93
DATA|009d41fe|2|word||.reloc|0x3ca0
DATA|009d4200|2|word||.reloc|0x3cd2
DATA|009d4202|2|word||.reloc|0x3cf3
DATA|009d4204|2|word||.reloc|0x3d0e
DATA|009d4206|2|word||.reloc|0x3d3a
DATA|009d4208|2|word||.reloc|0x3d4c
DATA|009d420a|2|word||.reloc|0x3d59
DATA|009d420c|2|word||.reloc|0x3d8b
DATA|009d420e|2|word||.reloc|0x3dac
DATA|009d4210|2|word||.reloc|0x3e17
DATA|009d4212|2|word||.reloc|0x3e31
DATA|009d4214|2|word||.reloc|0x3e50
DATA|009d4216|2|word||.reloc|0x3e57
DATA|009d4218|2|word||.reloc|0x3e61
DATA|009d421a|2|word||.reloc|0x3e6e
DATA|009d421c|2|word||.reloc|0x3e7b
DATA|009d421e|2|word||.reloc|0x3e85
DATA|009d4220|2|word||.reloc|0x3e8b
DATA|009d4222|2|word||.reloc|0x3e93
DATA|009d4224|2|word||.reloc|0x3ea4
DATA|009d4226|2|word||.reloc|0x3eea
DATA|009d4228|2|word||.reloc|0x3ef8
DATA|009d422a|2|word||.reloc|0x3f06
DATA|009d422c|2|word||.reloc|0x3f12
DATA|009d422e|2|word||.reloc|0x3f24
DATA|009d4230|2|word||.reloc|0x3f38
DATA|009d4232|2|word||.reloc|0x3f46
DATA|009d4234|2|word||.reloc|0x3f54
DATA|009d4236|2|word||.reloc|0x3faf
DATA|009d4238|2|word||.reloc|0x3fca
DATA|009d423a|2|word||.reloc|0x3fe8
DATA|009d423c|2|word||.reloc|0x3fef
DATA|009d423e|2|word||.reloc|0x3ff9
DATA|009d4240|8|IMAGE_BASE_RELOCATION||.reloc|
DATA|009d4248|2|word||.reloc|0x3006
DATA|009d424a|2|word||.reloc|0x3013
DATA|009d424c|2|word||.reloc|0x301d
DATA|009d424e|2|word||.reloc|0x3023
DATA|009d4250|2|word||.reloc|0x302b
DATA|009d4252|2|word||.reloc|0x303c
DATA|009d4254|2|word||.reloc|0x3095
DATA|009d4256|2|word||.reloc|0x30a3
DATA|009d4258|2|word||.reloc|0x30af
DATA|009d425a|2|word||.reloc|0x30c3
DATA|009d425c|2|word||.reloc|0x30cf
DATA|009d425e|2|word||.reloc|0x30e3
DATA|009d4260|2|word||.reloc|0x30f1
DATA|009d4262|2|word||.reloc|0x30ff
DATA|009d4264|2|word||.reloc|0x315a
DATA|009d4266|2|word||.reloc|0x3175
DATA|009d4268|2|word||.reloc|0x3193
DATA|009d426a|2|word||.reloc|0x319a
DATA|009d426c|2|word||.reloc|0x31a4
DATA|009d426e|2|word||.reloc|0x31b1
DATA|009d4270|2|word||.reloc|0x31be
DATA|009d4272|2|word||.reloc|0x31c8
DATA|009d4274|2|word||.reloc|0x31ce
DATA|009d4276|2|word||.reloc|0x31d6
DATA|009d4278|2|word||.reloc|0x31e7
DATA|009d427a|2|word||.reloc|0x3269
DATA|009d427c|2|word||.reloc|0x3271
DATA|009d427e|2|word||.reloc|0x3282
DATA|009d4280|2|word||.reloc|0x32de
DATA|009d4282|2|word||.reloc|0x32e6
DATA|009d4284|2|word||.reloc|0x32f7
DATA|009d4286|2|word||.reloc|0x339e
DATA|009d4288|2|word||.reloc|0x33ac
DATA|009d428a|2|word||.reloc|0x33ba
DATA|009d428c|2|word||.reloc|0x374d
DATA|009d428e|2|word||.reloc|0x38f0
DATA|009d4290|2|word||.reloc|0x38f4
DATA|009d4292|2|word||.reloc|0x38f8
DATA|009d4294|2|word||.reloc|0x38fc
DATA|009d4296|2|word||.reloc|0x3900
DATA|009d4298|2|word||.reloc|0x3904
DATA|009d429a|2|word||.reloc|0x3912
DATA|009d429c|2|word||.reloc|0x3920
DATA|009d429e|2|word||.reloc|0x3930
DATA|009d42a0|2|word||.reloc|0x3940
DATA|009d42a2|2|word||.reloc|0x3950
DATA|009d42a4|2|word||.reloc|0x3960
DATA|009d42a6|2|word||.reloc|0x3970
DATA|009d42a8|2|word||.reloc|0x3980
DATA|009d42aa|2|word||.reloc|0x3990
DATA|009d42ac|2|word||.reloc|0x39a0
DATA|009d42ae|2|word||.reloc|0x39b0
DATA|009d42b0|2|word||.reloc|0x39c0
DATA|009d42b2|2|word||.reloc|0x39d0
DATA|009d42b4|2|word||.reloc|0x3bf4
DATA|009d42b6|2|word||.reloc|0x3c00
DATA|009d42b8|2|word||.reloc|0x3c10
DATA|009d42ba|2|word||.reloc|0x3c20
DATA|009d42bc|2|word||.reloc|0x3c30
DATA|009d42be|2|word||.reloc|0x3c40
DATA|009d42c0|2|word||.reloc|0x3c50
DATA|009d42c2|2|word||.reloc|0x3c60
DATA|009d42c4|2|word||.reloc|0x3c70
DATA|009d42c6|2|word||.reloc|0x3c80
DATA|009d42c8|2|word||.reloc|0x3c90
DATA|009d42ca|2|word||.reloc|0x3ca0
DATA|009d42cc|2|word||.reloc|0x3cb0
DATA|009d42ce|2|word||.reloc|0x3cc0
DATA|009d42d0|2|word||.reloc|0x3cd0
DATA|009d42d2|2|word||.reloc|0x3ce0
DATA|009d42d4|2|word||.reloc|0x3cf0
DATA|009d42d6|2|word||.reloc|0x3d00
DATA|009d42d8|2|word||.reloc|0x3d10
DATA|009d42da|2|word||.reloc|0x3d20
DATA|009d42dc|2|word||.reloc|0x3d30
DATA|009d42de|2|word||.reloc|0x3d40
DATA|009d42e0|2|word||.reloc|0x3d50
DATA|009d42e2|2|word||.reloc|0x3d60
DATA|009d42e4|2|word||.reloc|0x3d70
DATA|009d42e6|2|word||.reloc|0x3d80
DATA|009d42e8|2|word||.reloc|0x3d90
DATA|009d42ea|2|word||.reloc|0x3da0
DATA|009d42ec|2|word||.reloc|0x3db0
DATA|009d42ee|2|word||.reloc|0x3dc0
DATA|009d42f0|2|word||.reloc|0x3dd0
DATA|009d42f2|2|word||.reloc|0x3de0
DATA|009d42f4|2|word||.reloc|0x3df0
DATA|009d42f6|2|word||.reloc|0x3e00
DATA|009d42f8|2|word||.reloc|0x3e10
DATA|009d42fa|2|word||.reloc|0x3e20
DATA|009d42fc|2|word||.reloc|0x3e30
DATA|009d42fe|2|word||.reloc|0x3e40
DATA|009d4300|2|word||.reloc|0x3e50
DATA|009d4302|2|word||.reloc|0x3e60
DATA|009d4304|2|word||.reloc|0x3e70
DATA|009d4306|2|word||.reloc|0x3e80
DATA|009d4308|2|word||.reloc|0x3e90
DATA|009d430a|2|word||.reloc|0x3ea0
DATA|009d430c|2|word||.reloc|0x3eb0
DATA|009d430e|2|word||.reloc|0x3ec0
DATA|009d4310|2|word||.reloc|0x3ed0
DATA|009d4312|2|word||.reloc|0x3ee0
DATA|009d4314|2|word||.reloc|0x3ef0
DATA|009d4316|2|word||.reloc|0x3f00
DATA|009d4318|2|word||.reloc|0x3f10
DATA|009d431a|2|word||.reloc|0x3f20
DATA|009d431c|2|word||.reloc|0x3f30
DATA|009d431e|2|word||.reloc|0x3f40
DATA|009d4320|2|word||.reloc|0x3f50
DATA|009d4322|2|word||.reloc|0x3f60
DATA|009d4324|2|word||.reloc|0x3f70
DATA|009d4326|2|word||.reloc|0x3f80
DATA|009d4328|2|word||.reloc|0x3f90
DATA|009d432a|2|word||.reloc|0x3fa0
DATA|009d432c|2|word||.reloc|0x3fb0
DATA|009d432e|2|word||.reloc|0x3fc0
DATA|009d4330|2|word||.reloc|0x3fd0
DATA|009d4332|2|word||.reloc|0x3fe0
DATA|009d4334|2|word||.reloc|0x3ff0
DATA|009d4336|2|word||.reloc|0x0
DATA|009d4338|8|IMAGE_BASE_RELOCATION||.reloc|
DATA|009d4340|2|word||.reloc|0x3000
DATA|009d4342|2|word||.reloc|0x3010
DATA|009d4344|2|word||.reloc|0x3020
DATA|009d4346|2|word||.reloc|0x3030
DATA|009d4348|2|word||.reloc|0x3040
DATA|009d434a|2|word||.reloc|0x3050
DATA|009d434c|2|word||.reloc|0x3060
DATA|009d434e|2|word||.reloc|0x3070
DATA|009d4350|2|word||.reloc|0x3080
DATA|009d4352|2|word||.reloc|0x3090
DATA|009d4354|2|word||.reloc|0x30a0
DATA|009d4356|2|word||.reloc|0x30b0
DATA|009d4358|2|word||.reloc|0x30c0
DATA|009d435a|2|word||.reloc|0x30d0
DATA|009d435c|2|word||.reloc|0x30e0
DATA|009d435e|2|word||.reloc|0x30f0
DATA|009d4360|2|word||.reloc|0x3100
DATA|009d4362|2|word||.reloc|0x3110
DATA|009d4364|2|word||.reloc|0x3120
DATA|009d4366|2|word||.reloc|0x3130
DATA|009d4368|2|word||.reloc|0x3140
DATA|009d436a|2|word||.reloc|0x3150
DATA|009d436c|2|word||.reloc|0x3160
DATA|009d436e|2|word||.reloc|0x3170
DATA|009d4370|2|word||.reloc|0x3180
DATA|009d4372|2|word||.reloc|0x3190
DATA|009d4374|2|word||.reloc|0x31a0
DATA|009d4376|2|word||.reloc|0x31b0
DATA|009d4378|2|word||.reloc|0x31c0
DATA|009d437a|2|word||.reloc|0x31d0
DATA|009d437c|2|word||.reloc|0x31e0
DATA|009d437e|2|word||.reloc|0x31f0
DATA|009d4380|2|word||.reloc|0x3200
DATA|009d4382|2|word||.reloc|0x3210
DATA|009d4384|2|word||.reloc|0x3220
DATA|009d4386|2|word||.reloc|0x3230
DATA|009d4388|2|word||.reloc|0x3240
DATA|009d438a|2|word||.reloc|0x3250
DATA|009d438c|2|word||.reloc|0x3260
DATA|009d438e|2|word||.reloc|0x3270
DATA|009d4390|2|word||.reloc|0x3280
DATA|009d4392|2|word||.reloc|0x3290
DATA|009d4394|2|word||.reloc|0x32a0
DATA|009d4396|2|word||.reloc|0x32b0
DATA|009d4398|2|word||.reloc|0x32c0
DATA|009d439a|2|word||.reloc|0x32d0
DATA|009d439c|2|word||.reloc|0x32e0
DATA|009d439e|2|word||.reloc|0x32f0
DATA|009d43a0|2|word||.reloc|0x3300
DATA|009d43a2|2|word||.reloc|0x3310
DATA|009d43a4|2|word||.reloc|0x3320
DATA|009d43a6|2|word||.reloc|0x3330
DATA|009d43a8|2|word||.reloc|0x3340
DATA|009d43aa|2|word||.reloc|0x3350
DATA|009d43ac|2|word||.reloc|0x3360
DATA|009d43ae|2|word||.reloc|0x3370
DATA|009d43b0|2|word||.reloc|0x3380
DATA|009d43b2|2|word||.reloc|0x3390
DATA|009d43b4|2|word||.reloc|0x33a0
DATA|009d43b6|2|word||.reloc|0x33b0
DATA|009d43b8|2|word||.reloc|0x33c0
DATA|009d43ba|2|word||.reloc|0x33d0
DATA|009d43bc|2|word||.reloc|0x33e0
DATA|009d43be|2|word||.reloc|0x33f0
DATA|009d43c0|2|word||.reloc|0x3400
DATA|009d43c2|2|word||.reloc|0x3410
DATA|009d43c4|2|word||.reloc|0x3420
DATA|009d43c6|2|word||.reloc|0x3430
DATA|009d43c8|2|word||.reloc|0x3440
DATA|009d43ca|2|word||.reloc|0x3450
DATA|009d43cc|2|word||.reloc|0x3460
DATA|009d43ce|2|word||.reloc|0x3470
DATA|009d43d0|2|word||.reloc|0x3480
DATA|009d43d2|2|word||.reloc|0x3490
DATA|009d43d4|2|word||.reloc|0x34a0
DATA|009d43d6|2|word||.reloc|0x34b0
DATA|009d43d8|2|word||.reloc|0x34c0
DATA|009d43da|2|word||.reloc|0x34d0
DATA|009d43dc|2|word||.reloc|0x34e0
DATA|009d43de|2|word||.reloc|0x34f0
DATA|009d43e0|2|word||.reloc|0x3500
DATA|009d43e2|2|word||.reloc|0x3510
DATA|009d43e4|2|word||.reloc|0x3520
DATA|009d43e6|2|word||.reloc|0x3530
DATA|009d43e8|2|word||.reloc|0x3540
DATA|009d43ea|2|word||.reloc|0x3550
DATA|009d43ec|2|word||.reloc|0x3560
DATA|009d43ee|2|word||.reloc|0x3570
DATA|009d43f0|2|word||.reloc|0x3580
DATA|009d43f2|2|word||.reloc|0x3590
DATA|009d43f4|2|word||.reloc|0x35a0
DATA|009d43f6|2|word||.reloc|0x35b0
DATA|009d43f8|2|word||.reloc|0x35c0
DATA|009d43fa|2|word||.reloc|0x35d0
DATA|009d43fc|2|word||.reloc|0x35e0
DATA|009d43fe|2|word||.reloc|0x35f0
DATA|009d4400|2|word||.reloc|0x3600
DATA|009d4402|2|word||.reloc|0x3610
DATA|009d4404|2|word||.reloc|0x3620
DATA|009d4406|2|word||.reloc|0x3630
DATA|009d4408|2|word||.reloc|0x3640
DATA|009d440a|2|word||.reloc|0x3650
DATA|009d440c|2|word||.reloc|0x3660
DATA|009d440e|2|word||.reloc|0x3670
DATA|009d4410|2|word||.reloc|0x3680
DATA|009d4412|2|word||.reloc|0x3690
DATA|009d4414|2|word||.reloc|0x36a0
DATA|009d4416|2|word||.reloc|0x36b0
DATA|009d4418|2|word||.reloc|0x36c0
DATA|009d441a|2|word||.reloc|0x36d0
DATA|009d441c|2|word||.reloc|0x36e0
DATA|009d441e|2|word||.reloc|0x36f0
DATA|009d4420|2|word||.reloc|0x3700
DATA|009d4422|2|word||.reloc|0x3710
DATA|009d4424|2|word||.reloc|0x3720
DATA|009d4426|2|word||.reloc|0x3730
DATA|009d4428|2|word||.reloc|0x3740
DATA|009d442a|2|word||.reloc|0x3750
DATA|009d442c|2|word||.reloc|0x3760
DATA|009d442e|2|word||.reloc|0x3770
DATA|009d4430|2|word||.reloc|0x3780
DATA|009d4432|2|word||.reloc|0x3790
DATA|009d4434|2|word||.reloc|0x37a0
DATA|009d4436|2|word||.reloc|0x37b0
DATA|009d4438|2|word||.reloc|0x37c0
DATA|009d443a|2|word||.reloc|0x37d0
DATA|009d443c|2|word||.reloc|0x37e0
DATA|009d443e|2|word||.reloc|0x37f0
DATA|009d4440|2|word||.reloc|0x3800
DATA|009d4442|2|word||.reloc|0x3810
DATA|009d4444|2|word||.reloc|0x3820
DATA|009d4446|2|word||.reloc|0x3830
DATA|009d4448|2|word||.reloc|0x3840
DATA|009d444a|2|word||.reloc|0x3850
DATA|009d444c|2|word||.reloc|0x3860
DATA|009d444e|2|word||.reloc|0x3870
DATA|009d4450|2|word||.reloc|0x3880
DATA|009d4452|2|word||.reloc|0x3890
DATA|009d4454|2|word||.reloc|0x38a0
DATA|009d4456|2|word||.reloc|0x38b0
DATA|009d4458|2|word||.reloc|0x38c0
DATA|009d445a|2|word||.reloc|0x38d0
DATA|009d445c|2|word||.reloc|0x38e0
DATA|009d445e|2|word||.reloc|0x38f0
DATA|009d4460|2|word||.reloc|0x3900
DATA|009d4462|2|word||.reloc|0x3910
DATA|009d4464|2|word||.reloc|0x3920
DATA|009d4466|2|word||.reloc|0x3930
DATA|009d4468|2|word||.reloc|0x3940
DATA|009d446a|2|word||.reloc|0x3950
DATA|009d446c|2|word||.reloc|0x3960
DATA|009d446e|2|word||.reloc|0x3970
DATA|009d4470|2|word||.reloc|0x3980
DATA|009d4472|2|word||.reloc|0x3990
DATA|009d4474|2|word||.reloc|0x39a0
DATA|009d4476|2|word||.reloc|0x39b0
DATA|009d4478|2|word||.reloc|0x39c0
DATA|009d447a|2|word||.reloc|0x39d0
DATA|009d447c|2|word||.reloc|0x39e0
DATA|009d447e|2|word||.reloc|0x39f0
DATA|009d4480|2|word||.reloc|0x3a00
DATA|009d4482|2|word||.reloc|0x3a10
DATA|009d4484|2|word||.reloc|0x3a20
DATA|009d4486|2|word||.reloc|0x3a30
DATA|009d4488|2|word||.reloc|0x3a40
DATA|009d448a|2|word||.reloc|0x3a50
DATA|009d448c|2|word||.reloc|0x3a60
DATA|009d448e|2|word||.reloc|0x3a70
DATA|009d4490|2|word||.reloc|0x3a80
DATA|009d4492|2|word||.reloc|0x3a90
DATA|009d4494|2|word||.reloc|0x3aa0
DATA|009d4496|2|word||.reloc|0x3ab0
DATA|009d4498|2|word||.reloc|0x3ac0
DATA|009d449a|2|word||.reloc|0x3ad0
DATA|009d449c|2|word||.reloc|0x3ae0
DATA|009d449e|2|word||.reloc|0x3af0
DATA|009d44a0|2|word||.reloc|0x3b00
DATA|009d44a2|2|word||.reloc|0x3b10
DATA|009d44a4|2|word||.reloc|0x3b20
DATA|009d44a6|2|word||.reloc|0x3b30
DATA|009d44a8|2|word||.reloc|0x3b40
DATA|009d44aa|2|word||.reloc|0x3b50
DATA|009d44ac|2|word||.reloc|0x3b60
DATA|009d44ae|2|word||.reloc|0x3b70
DATA|009d44b0|2|word||.reloc|0x3b80
DATA|009d44b2|2|word||.reloc|0x3b90
DATA|009d44b4|2|word||.reloc|0x3ba0
DATA|009d44b6|2|word||.reloc|0x3bb0
DATA|009d44b8|2|word||.reloc|0x3bc0
DATA|009d44ba|2|word||.reloc|0x3bd0
DATA|009d44bc|2|word||.reloc|0x3be0
DATA|009d44be|2|word||.reloc|0x3bf0
DATA|009d44c0|2|word||.reloc|0x3c14
DATA|009d44c2|2|word||.reloc|0x3c1a
DATA|009d44c4|2|word||.reloc|0x3c20
DATA|009d44c6|2|word||.reloc|0x3c31
DATA|009d44c8|2|word||.reloc|0x3ca9
DATA|009d44ca|2|word||.reloc|0x3cc8
DATA|009d44cc|2|word||.reloc|0x3cd2
DATA|009d44ce|2|word||.reloc|0x3ceb
DATA|009d44d0|2|word||.reloc|0x3d01
DATA|009d44d2|2|word||.reloc|0x3d07
DATA|009d44d4|2|word||.reloc|0x3d0b
DATA|009d44d6|2|word||.reloc|0x3d10
DATA|009d44d8|2|word||.reloc|0x3d16
DATA|009d44da|2|word||.reloc|0x3d1a
DATA|009d44dc|2|word||.reloc|0x3d20
DATA|009d44de|2|word||.reloc|0x3d24
DATA|009d44e0|2|word||.reloc|0x3d2a
DATA|009d44e2|2|word||.reloc|0x3d2e
DATA|009d44e4|2|word||.reloc|0x3d33
DATA|009d44e6|2|word||.reloc|0x3da9
DATA|009d44e8|2|word||.reloc|0x3db3
DATA|009d44ea|2|word||.reloc|0x3dc6
DATA|009d44ec|2|word||.reloc|0x3de2
DATA|009d44ee|2|word||.reloc|0x3de9
DATA|009d44f0|2|word||.reloc|0x3e07
DATA|009d44f2|2|word||.reloc|0x3e24
DATA|009d44f4|2|word||.reloc|0x3e31
DATA|009d44f6|2|word||.reloc|0x3e66
DATA|009d44f8|2|word||.reloc|0x3e70
DATA|009d44fa|2|word||.reloc|0x3e81
DATA|009d44fc|2|word||.reloc|0x3ea6
DATA|009d44fe|2|word||.reloc|0x3ead
DATA|009d4500|2|word||.reloc|0x3f19
DATA|009d4502|2|word||.reloc|0x3f23
DATA|009d4504|2|word||.reloc|0x3f2d
DATA|009d4506|2|word||.reloc|0x3f33
DATA|009d4508|2|word||.reloc|0x3ff9
DATA|009d450a|2|word||.reloc|0x0
DATA|009d450c|8|IMAGE_BASE_RELOCATION||.reloc|
DATA|009d4514|2|word||.reloc|0x3003
DATA|009d4516|2|word||.reloc|0x30ba
DATA|009d4518|2|word||.reloc|0x30c4
DATA|009d451a|2|word||.reloc|0x3259
DATA|009d451c|2|word||.reloc|0x32e9
DATA|009d451e|2|word||.reloc|0x3350
DATA|009d4520|2|word||.reloc|0x3357
DATA|009d4522|2|word||.reloc|0x3401
DATA|009d4524|2|word||.reloc|0x376d
DATA|009d4526|2|word||.reloc|0x3781
DATA|009d4528|2|word||.reloc|0x37cf
DATA|009d452a|2|word||.reloc|0x37e2
DATA|009d452c|2|word||.reloc|0x3805
DATA|009d452e|2|word||.reloc|0x3811
DATA|009d4530|2|word||.reloc|0x382d
DATA|009d4532|2|word||.reloc|0x384a
DATA|009d4534|2|word||.reloc|0x3864
DATA|009d4536|2|word||.reloc|0x3897
DATA|009d4538|2|word||.reloc|0x38ad
DATA|009d453a|2|word||.reloc|0x3a5d
DATA|009d453c|2|word||.reloc|0x3a67
DATA|009d453e|2|word||.reloc|0x3a91
DATA|009d4540|2|word||.reloc|0x3a9c
DATA|009d4542|2|word||.reloc|0x3aa1
DATA|009d4544|2|word||.reloc|0x3aae
DATA|009d4546|2|word||.reloc|0x3ab3
DATA|009d4548|2|word||.reloc|0x3b01
DATA|009d454a|2|word||.reloc|0x3b14
DATA|009d454c|2|word||.reloc|0x3b1b
DATA|009d454e|2|word||.reloc|0x3b2b
DATA|009d4550|2|word||.reloc|0x3b35
DATA|009d4552|2|word||.reloc|0x3b3d
DATA|009d4554|2|word||.reloc|0x3b47
DATA|009d4556|2|word||.reloc|0x3b5c
DATA|009d4558|2|word||.reloc|0x3b68
DATA|009d455a|2|word||.reloc|0x3b6d
DATA|009d455c|2|word||.reloc|0x3b7a
DATA|009d455e|2|word||.reloc|0x3b7f
DATA|009d4560|2|word||.reloc|0x3b92
DATA|009d4562|2|word||.reloc|0x3b9c
DATA|009d4564|2|word||.reloc|0x3ecf
DATA|009d4566|2|word||.reloc|0x3ed9
DATA|009d4568|2|word||.reloc|0x3fb2
DATA|009d456a|2|word||.reloc|0x3fe8
DATA|009d456c|8|IMAGE_BASE_RELOCATION||.reloc|
DATA|009d4574|2|word||.reloc|0x3050
DATA|009d4576|2|word||.reloc|0x3058
DATA|009d4578|2|word||.reloc|0x31a1
DATA|009d457a|2|word||.reloc|0x31bd
DATA|009d457c|2|word||.reloc|0x320d
DATA|009d457e|2|word||.reloc|0x3217
DATA|009d4580|2|word||.reloc|0x3231
DATA|009d4582|2|word||.reloc|0x3252
DATA|009d4584|2|word||.reloc|0x3259
DATA|009d4586|2|word||.reloc|0x32a5
DATA|009d4588|2|word||.reloc|0x32af
DATA|009d458a|2|word||.reloc|0x32eb
DATA|009d458c|2|word||.reloc|0x32f5
DATA|009d458e|2|word||.reloc|0x338f
DATA|009d4590|2|word||.reloc|0x339c
DATA|009d4592|2|word||.reloc|0x33ac
DATA|009d4594|2|word||.reloc|0x33b9
DATA|009d4596|2|word||.reloc|0x34a0
DATA|009d4598|2|word||.reloc|0x34f7
DATA|009d459a|2|word||.reloc|0x3515
DATA|009d459c|2|word||.reloc|0x357a
DATA|009d459e|2|word||.reloc|0x358c
DATA|009d45a0|2|word||.reloc|0x35d3
DATA|009d45a2|2|word||.reloc|0x35de
DATA|009d45a4|2|word||.reloc|0x35f0
DATA|009d45a6|2|word||.reloc|0x364f
DATA|009d45a8|2|word||.reloc|0x3657
DATA|009d45aa|2|word||.reloc|0x36bd
DATA|009d45ac|2|word||.reloc|0x36c7
DATA|009d45ae|2|word||.reloc|0x3731
DATA|009d45b0|2|word||.reloc|0x374c
DATA|009d45b2|2|word||.reloc|0x375c
DATA|009d45b4|2|word||.reloc|0x376a
DATA|009d45b6|2|word||.reloc|0x377b
DATA|009d45b8|2|word||.reloc|0x378b
DATA|009d45ba|2|word||.reloc|0x3795
DATA|009d45bc|2|word||.reloc|0x379c
DATA|009d45be|2|word||.reloc|0x37ab
DATA|009d45c0|2|word||.reloc|0x37b4
DATA|009d45c2|2|word||.reloc|0x37c5
DATA|009d45c4|2|word||.reloc|0x37e1
DATA|009d45c6|2|word||.reloc|0x37f6
DATA|009d45c8|2|word||.reloc|0x3a53
DATA|009d45ca|2|word||.reloc|0x3a6c
DATA|009d45cc|2|word||.reloc|0x3a7b
DATA|009d45ce|2|word||.reloc|0x3ac8
DATA|009d45d0|2|word||.reloc|0x3ae0
DATA|009d45d2|2|word||.reloc|0x3ae7
DATA|009d45d4|2|word||.reloc|0x3aef
DATA|009d45d6|2|word||.reloc|0x3af4
DATA|009d45d8|2|word||.reloc|0x3af8
DATA|009d45da|2|word||.reloc|0x3afc
DATA|009d45dc|2|word||.reloc|0x3b25
DATA|009d45de|2|word||.reloc|0x3b4b
DATA|009d45e0|2|word||.reloc|0x3b65
DATA|009d45e2|2|word||.reloc|0x3b6c
DATA|009d45e4|2|word||.reloc|0x3b70
DATA|009d45e6|2|word||.reloc|0x3b74
DATA|009d45e8|2|word||.reloc|0x3b78
DATA|009d45ea|2|word||.reloc|0x3b7c
DATA|009d45ec|2|word||.reloc|0x3b80
DATA|009d45ee|2|word||.reloc|0x3b84
DATA|009d45f0|2|word||.reloc|0x3b88
DATA|009d45f2|2|word||.reloc|0x3bd2
DATA|009d45f4|2|word||.reloc|0x3bd8
DATA|009d45f6|2|word||.reloc|0x3bdc
DATA|009d45f8|2|word||.reloc|0x3be0
DATA|009d45fa|2|word||.reloc|0x3be4
DATA|009d45fc|2|word||.reloc|0x3c4a
DATA|009d45fe|2|word||.reloc|0x3c55
DATA|009d4600|2|word||.reloc|0x3c70
DATA|009d4602|2|word||.reloc|0x3c77
DATA|009d4604|2|word||.reloc|0x3c7c
DATA|009d4606|2|word||.reloc|0x3c80
DATA|009d4608|2|word||.reloc|0x3c84
DATA|009d460a|2|word||.reloc|0x3ca1
DATA|009d460c|2|word||.reloc|0x3ccb
DATA|009d460e|2|word||.reloc|0x3cfd
DATA|009d4610|2|word||.reloc|0x3d04
DATA|009d4612|2|word||.reloc|0x3d08
DATA|009d4614|2|word||.reloc|0x3d0c
DATA|009d4616|2|word||.reloc|0x3d10
DATA|009d4618|2|word||.reloc|0x3d14
DATA|009d461a|2|word||.reloc|0x3d18
DATA|009d461c|2|word||.reloc|0x3d1c
DATA|009d461e|2|word||.reloc|0x3d20
DATA|009d4620|2|word||.reloc|0x3d6a
DATA|009d4622|2|word||.reloc|0x3d70
DATA|009d4624|2|word||.reloc|0x3d74
DATA|009d4626|2|word||.reloc|0x3d78
DATA|009d4628|2|word||.reloc|0x3d7c
DATA|009d462a|2|word||.reloc|0x3eb6
DATA|009d462c|2|word||.reloc|0x3ebb
DATA|009d462e|2|word||.reloc|0x3ed8
DATA|009d4630|2|word||.reloc|0x3ee2
DATA|009d4632|2|word||.reloc|0x3ef0
DATA|009d4634|2|word||.reloc|0x3efb
DATA|009d4636|2|word||.reloc|0x3f03
DATA|009d4638|2|word||.reloc|0x3f2d
DATA|009d463a|2|word||.reloc|0x3f32
DATA|009d463c|2|word||.reloc|0x3f3c
DATA|009d463e|2|word||.reloc|0x3f45
DATA|009d4640|2|word||.reloc|0x3f68
DATA|009d4642|2|word||.reloc|0x3fc4
DATA|009d4644|2|word||.reloc|0x3fe5
DATA|009d4646|2|word||.reloc|0x0
DATA|009d4648|8|IMAGE_BASE_RELOCATION||.reloc|
DATA|009d4650|2|word||.reloc|0x3052
DATA|009d4652|2|word||.reloc|0x3072
DATA|009d4654|2|word||.reloc|0x3081
DATA|009d4656|2|word||.reloc|0x30ab
DATA|009d4658|2|word||.reloc|0x30b2
DATA|009d465a|2|word||.reloc|0x30c3
DATA|009d465c|2|word||.reloc|0x30ca
DATA|009d465e|2|word||.reloc|0x30e1
DATA|009d4660|2|word||.reloc|0x30ee
DATA|009d4662|2|word||.reloc|0x30f5
DATA|009d4664|2|word||.reloc|0x3103
DATA|009d4666|2|word||.reloc|0x3113
DATA|009d4668|2|word||.reloc|0x314a
DATA|009d466a|2|word||.reloc|0x3151
DATA|009d466c|2|word||.reloc|0x315b
DATA|009d466e|2|word||.reloc|0x315f
DATA|009d4670|2|word||.reloc|0x3164
DATA|009d4672|2|word||.reloc|0x316e
DATA|009d4674|2|word||.reloc|0x3172
DATA|009d4676|2|word||.reloc|0x317b
DATA|009d4678|2|word||.reloc|0x3181
DATA|009d467a|2|word||.reloc|0x318a
DATA|009d467c|2|word||.reloc|0x3221
DATA|009d467e|2|word||.reloc|0x3227
DATA|009d4680|2|word||.reloc|0x322e
DATA|009d4682|2|word||.reloc|0x3238
DATA|009d4684|2|word||.reloc|0x3262
DATA|009d4686|2|word||.reloc|0x3268
DATA|009d4688|2|word||.reloc|0x3273
DATA|009d468a|2|word||.reloc|0x3279
DATA|009d468c|2|word||.reloc|0x3292
DATA|009d468e|2|word||.reloc|0x3299
DATA|009d4690|2|word||.reloc|0x32a1
DATA|009d4692|2|word||.reloc|0x32b6
DATA|009d4694|2|word||.reloc|0x32eb
DATA|009d4696|2|word||.reloc|0x32fb
DATA|009d4698|2|word||.reloc|0x3302
DATA|009d469a|2|word||.reloc|0x3366
DATA|009d469c|2|word||.reloc|0x3385
DATA|009d469e|2|word||.reloc|0x3396
DATA|009d46a0|2|word||.reloc|0x3418
DATA|009d46a2|2|word||.reloc|0x3421
DATA|009d46a4|2|word||.reloc|0x3443
DATA|009d46a6|2|word||.reloc|0x34e7
DATA|009d46a8|2|word||.reloc|0x34fe
DATA|009d46aa|2|word||.reloc|0x3517
DATA|009d46ac|2|word||.reloc|0x352b
DATA|009d46ae|2|word||.reloc|0x3543
DATA|009d46b0|2|word||.reloc|0x3594
DATA|009d46b2|2|word||.reloc|0x35ea
DATA|009d46b4|2|word||.reloc|0x3641
DATA|009d46b6|2|word||.reloc|0x3856
DATA|009d46b8|2|word||.reloc|0x3871
DATA|009d46ba|2|word||.reloc|0x3877
DATA|009d46bc|2|word||.reloc|0x3880
DATA|009d46be|2|word||.reloc|0x3887
DATA|009d46c0|2|word||.reloc|0x38b7
DATA|009d46c2|2|word||.reloc|0x38d5
DATA|009d46c4|2|word||.reloc|0x38e5
DATA|009d46c6|2|word||.reloc|0x3907
DATA|009d46c8|2|word||.reloc|0x3978
DATA|009d46ca|2|word||.reloc|0x39f1
DATA|009d46cc|2|word||.reloc|0x3a02
DATA|009d46ce|2|word||.reloc|0x3a85
DATA|009d46d0|2|word||.reloc|0x3a8e
DATA|009d46d2|2|word||.reloc|0x3a98
DATA|009d46d4|2|word||.reloc|0x3aaa
DATA|009d46d6|2|word||.reloc|0x3b31
DATA|009d46d8|2|word||.reloc|0x3b3f
DATA|009d46da|2|word||.reloc|0x3b49
DATA|009d46dc|2|word||.reloc|0x3bdd
DATA|009d46de|2|word||.reloc|0x3bef
DATA|009d46e0|2|word||.reloc|0x3c45
DATA|009d46e2|2|word||.reloc|0x3c58
DATA|009d46e4|2|word||.reloc|0x3c75
DATA|009d46e6|2|word||.reloc|0x3c84
DATA|009d46e8|2|word||.reloc|0x3c8d
DATA|009d46ea|2|word||.reloc|0x3c99
DATA|009d46ec|2|word||.reloc|0x3cf6
DATA|009d46ee|2|word||.reloc|0x3d05
DATA|009d46f0|2|word||.reloc|0x3d21
DATA|009d46f2|2|word||.reloc|0x3d30
DATA|009d46f4|2|word||.reloc|0x3de6
DATA|009d46f6|2|word||.reloc|0x3ded
DATA|009d46f8|2|word||.reloc|0x3dfa
DATA|009d46fa|2|word||.reloc|0x3e0c
DATA|009d46fc|2|word||.reloc|0x3e25
DATA|009d46fe|2|word||.reloc|0x3e31
DATA|009d4700|2|word||.reloc|0x3e3d
DATA|009d4702|2|word||.reloc|0x3e42
DATA|009d4704|2|word||.reloc|0x3e5c
DATA|009d4706|2|word||.reloc|0x3e9f
DATA|009d4708|2|word||.reloc|0x3ebf
DATA|009d470a|2|word||.reloc|0x3ed1
DATA|009d470c|2|word||.reloc|0x3ed7
DATA|009d470e|2|word||.reloc|0x3eef
DATA|009d4710|2|word||.reloc|0x3f16
DATA|009d4712|2|word||.reloc|0x3f2e
DATA|009d4714|2|word||.reloc|0x3f35
DATA|009d4716|2|word||.reloc|0x3f44
DATA|009d4718|2|word||.reloc|0x3f61
DATA|009d471a|2|word||.reloc|0x3f75
DATA|009d471c|2|word||.reloc|0x3f89
DATA|009d471e|2|word||.reloc|0x3f9c
DATA|009d4720|2|word||.reloc|0x3fa6
DATA|009d4722|2|word||.reloc|0x3fc6
DATA|009d4724|2|word||.reloc|0x3fde
DATA|009d4726|2|word||.reloc|0x3fe5
DATA|009d4728|8|IMAGE_BASE_RELOCATION||.reloc|
DATA|009d4730|2|word||.reloc|0x3003
DATA|009d4732|2|word||.reloc|0x3026
DATA|009d4734|2|word||.reloc|0x303d
DATA|009d4736|2|word||.reloc|0x3047
DATA|009d4738|2|word||.reloc|0x3066
DATA|009d473a|2|word||.reloc|0x3079
DATA|009d473c|2|word||.reloc|0x308e
DATA|009d473e|2|word||.reloc|0x3098
DATA|009d4740|2|word||.reloc|0x30dc
DATA|009d4742|2|word||.reloc|0x30e4
DATA|009d4744|2|word||.reloc|0x30ff
DATA|009d4746|2|word||.reloc|0x3117
DATA|009d4748|2|word||.reloc|0x3155
DATA|009d474a|2|word||.reloc|0x315e
DATA|009d474c|2|word||.reloc|0x3175
DATA|009d474e|2|word||.reloc|0x3180
DATA|009d4750|2|word||.reloc|0x31ab
DATA|009d4752|2|word||.reloc|0x31be
DATA|009d4754|2|word||.reloc|0x31e5
DATA|009d4756|2|word||.reloc|0x31fa
DATA|009d4758|2|word||.reloc|0x321b
DATA|009d475a|2|word||.reloc|0x3223
DATA|009d475c|2|word||.reloc|0x3258
DATA|009d475e|2|word||.reloc|0x3295
DATA|009d4760|2|word||.reloc|0x329c
DATA|009d4762|2|word||.reloc|0x3381
DATA|009d4764|2|word||.reloc|0x3398
DATA|009d4766|2|word||.reloc|0x33db
DATA|009d4768|2|word||.reloc|0x345a
DATA|009d476a|2|word||.reloc|0x3469
DATA|009d476c|2|word||.reloc|0x3480
DATA|009d476e|2|word||.reloc|0x34bc
DATA|009d4770|2|word||.reloc|0x34c3
DATA|009d4772|2|word||.reloc|0x35bd
DATA|009d4774|2|word||.reloc|0x35c4
DATA|009d4776|2|word||.reloc|0x3601
DATA|009d4778|2|word||.reloc|0x368d
DATA|009d477a|2|word||.reloc|0x3694
DATA|009d477c|2|word||.reloc|0x3763
DATA|009d477e|2|word||.reloc|0x37c5
DATA|009d4780|2|word||.reloc|0x37ff
DATA|009d4782|2|word||.reloc|0x38df
DATA|009d4784|2|word||.reloc|0x38fd
DATA|009d4786|2|word||.reloc|0x3914
DATA|009d4788|2|word||.reloc|0x3c7c
DATA|009d478a|2|word||.reloc|0x3c80
DATA|009d478c|2|word||.reloc|0x3c84
DATA|009d478e|2|word||.reloc|0x3c88
DATA|009d4790|2|word||.reloc|0x3c8c
DATA|009d4792|2|word||.reloc|0x3c90
DATA|009d4794|2|word||.reloc|0x3c94
DATA|009d4796|2|word||.reloc|0x3c98
DATA|009d4798|2|word||.reloc|0x3c9c
DATA|009d479a|2|word||.reloc|0x3ca0
DATA|009d479c|2|word||.reloc|0x3ca4
DATA|009d479e|2|word||.reloc|0x3ca8
DATA|009d47a0|2|word||.reloc|0x3cac
DATA|009d47a2|2|word||.reloc|0x3cb0
DATA|009d47a4|2|word||.reloc|0x3cc8
DATA|009d47a6|2|word||.reloc|0x3ccc
DATA|009d47a8|2|word||.reloc|0x3cd0
DATA|009d47aa|2|word||.reloc|0x3cd4
DATA|009d47ac|2|word||.reloc|0x3cd8
DATA|009d47ae|2|word||.reloc|0x3d0c
DATA|009d47b0|2|word||.reloc|0x3d10
DATA|009d47b2|2|word||.reloc|0x3d14
DATA|009d47b4|2|word||.reloc|0x3d18
DATA|009d47b6|2|word||.reloc|0x3d1c
DATA|009d47b8|2|word||.reloc|0x3d20
DATA|009d47ba|2|word||.reloc|0x3d24
DATA|009d47bc|2|word||.reloc|0x3d28
DATA|009d47be|2|word||.reloc|0x3d2c
DATA|009d47c0|2|word||.reloc|0x3d30
DATA|009d47c2|2|word||.reloc|0x3d34
DATA|009d47c4|2|word||.reloc|0x3d38
DATA|009d47c6|2|word||.reloc|0x3d3c
DATA|009d47c8|2|word||.reloc|0x3d40
DATA|009d47ca|2|word||.reloc|0x3d44
DATA|009d47cc|2|word||.reloc|0x3d48
DATA|009d47ce|2|word||.reloc|0x3d4c
DATA|009d47d0|2|word||.reloc|0x3f1c
DATA|009d47d2|2|word||.reloc|0x3f28
DATA|009d47d4|2|word||.reloc|0x3f35
DATA|009d47d6|2|word||.reloc|0x3f3c
DATA|009d47d8|2|word||.reloc|0x3f4d
DATA|009d47da|2|word||.reloc|0x3f65
DATA|009d47dc|2|word||.reloc|0x3f70
DATA|009d47de|2|word||.reloc|0x0
DATA|009d47e0|8|IMAGE_BASE_RELOCATION||.reloc|
DATA|009d47e8|2|word||.reloc|0x3006
DATA|009d47ea|2|word||.reloc|0x3029
DATA|009d47ec|2|word||.reloc|0x3030
DATA|009d47ee|2|word||.reloc|0x30ff
DATA|009d47f0|2|word||.reloc|0x313f
DATA|009d47f2|2|word||.reloc|0x3145
DATA|009d47f4|2|word||.reloc|0x3194
DATA|009d47f6|2|word||.reloc|0x31af
DATA|009d47f8|2|word||.reloc|0x31bc
DATA|009d47fa|2|word||.reloc|0x31d1
DATA|009d47fc|2|word||.reloc|0x31f2
DATA|009d47fe|2|word||.reloc|0x3211
DATA|009d4800|2|word||.reloc|0x3230
DATA|009d4802|2|word||.reloc|0x328c
DATA|009d4804|2|word||.reloc|0x3293
DATA|009d4806|2|word||.reloc|0x3347
DATA|009d4808|2|word||.reloc|0x334d
DATA|009d480a|2|word||.reloc|0x337c
DATA|009d480c|2|word||.reloc|0x3380
DATA|009d480e|2|word||.reloc|0x3384
DATA|009d4810|2|word||.reloc|0x3388
DATA|009d4812|2|word||.reloc|0x338c
DATA|009d4814|2|word||.reloc|0x3390
DATA|009d4816|2|word||.reloc|0x3394
DATA|009d4818|2|word||.reloc|0x3398
DATA|009d481a|2|word||.reloc|0x339c
DATA|009d481c|2|word||.reloc|0x33a0
DATA|009d481e|2|word||.reloc|0x33f5
DATA|009d4820|2|word||.reloc|0x3406
DATA|009d4822|2|word||.reloc|0x3422
DATA|009d4824|2|word||.reloc|0x343b
DATA|009d4826|2|word||.reloc|0x3447
DATA|009d4828|2|word||.reloc|0x34a9
DATA|009d482a|2|word||.reloc|0x34b2
DATA|009d482c|2|word||.reloc|0x34bd
DATA|009d482e|2|word||.reloc|0x3522
DATA|009d4830|2|word||.reloc|0x3537
DATA|009d4832|2|word||.reloc|0x36bf
DATA|009d4834|2|word||.reloc|0x36da
DATA|009d4836|2|word||.reloc|0x378d
DATA|009d4838|2|word||.reloc|0x37c0
DATA|009d483a|2|word||.reloc|0x37fc
DATA|009d483c|2|word||.reloc|0x3803
DATA|009d483e|2|word||.reloc|0x3914
DATA|009d4840|2|word||.reloc|0x391b
DATA|009d4842|2|word||.reloc|0x3942
DATA|009d4844|2|word||.reloc|0x3956
DATA|009d4846|2|word||.reloc|0x3aec
DATA|009d4848|2|word||.reloc|0x3b1a
DATA|009d484a|2|word||.reloc|0x3cdf
DATA|009d484c|2|word||.reloc|0x3cfb
DATA|009d484e|2|word||.reloc|0x3d3e
DATA|009d4850|2|word||.reloc|0x3e31
DATA|009d4852|2|word||.reloc|0x3e47
DATA|009d4854|2|word||.reloc|0x3e6d
DATA|009d4856|2|word||.reloc|0x3e86
DATA|009d4858|8|IMAGE_BASE_RELOCATION||.reloc|
DATA|009d4860|2|word||.reloc|0x3000
DATA|009d4862|2|word||.reloc|0x3015
DATA|009d4864|2|word||.reloc|0x304e
DATA|009d4866|2|word||.reloc|0x3075
DATA|009d4868|2|word||.reloc|0x3081
DATA|009d486a|2|word||.reloc|0x3097
DATA|009d486c|2|word||.reloc|0x3149
DATA|009d486e|2|word||.reloc|0x315e
DATA|009d4870|2|word||.reloc|0x31c6
DATA|009d4872|2|word||.reloc|0x324d
DATA|009d4874|2|word||.reloc|0x32fc
DATA|009d4876|2|word||.reloc|0x3300
DATA|009d4878|2|word||.reloc|0x3304
DATA|009d487a|2|word||.reloc|0x3308
DATA|009d487c|2|word||.reloc|0x330c
DATA|009d487e|2|word||.reloc|0x3310
DATA|009d4880|2|word||.reloc|0x3314
DATA|009d4882|2|word||.reloc|0x3318
DATA|009d4884|2|word||.reloc|0x331c
DATA|009d4886|2|word||.reloc|0x3370
DATA|009d4888|2|word||.reloc|0x3374
DATA|009d488a|2|word||.reloc|0x3378
DATA|009d488c|2|word||.reloc|0x337c
DATA|009d488e|2|word||.reloc|0x3380
DATA|009d4890|2|word||.reloc|0x3384
DATA|009d4892|2|word||.reloc|0x3388
DATA|009d4894|2|word||.reloc|0x338c
DATA|009d4896|2|word||.reloc|0x3390
DATA|009d4898|2|word||.reloc|0x3394
DATA|009d489a|2|word||.reloc|0x3398
DATA|009d489c|2|word||.reloc|0x339c
DATA|009d489e|2|word||.reloc|0x33c1
DATA|009d48a0|2|word||.reloc|0x33e1
DATA|009d48a2|2|word||.reloc|0x34a1
DATA|009d48a4|2|word||.reloc|0x34ac
DATA|009d48a6|2|word||.reloc|0x35a6
DATA|009d48a8|2|word||.reloc|0x35fe
DATA|009d48aa|2|word||.reloc|0x3748
DATA|009d48ac|2|word||.reloc|0x377c
DATA|009d48ae|2|word||.reloc|0x37ca
DATA|009d48b0|2|word||.reloc|0x3866
DATA|009d48b2|2|word||.reloc|0x3b3d
DATA|009d48b4|2|word||.reloc|0x3b7e
DATA|009d48b6|2|word||.reloc|0x3c04
DATA|009d48b8|2|word||.reloc|0x3c08
DATA|009d48ba|2|word||.reloc|0x3c0c
DATA|009d48bc|2|word||.reloc|0x3c10
DATA|009d48be|2|word||.reloc|0x3cba
DATA|009d48c0|2|word||.reloc|0x3cc7
DATA|009d48c2|2|word||.reloc|0x3ccc
DATA|009d48c4|2|word||.reloc|0x3ce2
DATA|009d48c6|2|word||.reloc|0x3d0b
DATA|009d48c8|2|word||.reloc|0x3d18
DATA|009d48ca|2|word||.reloc|0x3d1d
DATA|009d48cc|2|word||.reloc|0x3d33
DATA|009d48ce|2|word||.reloc|0x3d6e
DATA|009d48d0|2|word||.reloc|0x3d7b
DATA|009d48d2|2|word||.reloc|0x3d80
DATA|009d48d4|2|word||.reloc|0x3d96
DATA|009d48d6|2|word||.reloc|0x3dbf
DATA|009d48d8|2|word||.reloc|0x3dcc
DATA|009d48da|2|word||.reloc|0x3dd1
DATA|009d48dc|2|word||.reloc|0x3de7
DATA|009d48de|2|word||.reloc|0x3e38
DATA|009d48e0|2|word||.reloc|0x3e8c
DATA|009d48e2|2|word||.reloc|0x0
DATA|009d48e4|8|IMAGE_BASE_RELOCATION||.reloc|
DATA|009d48ec|2|word||.reloc|0x3012
DATA|009d48ee|2|word||.reloc|0x301d
DATA|009d48f0|2|word||.reloc|0x3037
DATA|009d48f2|2|word||.reloc|0x3044
DATA|009d48f4|2|word||.reloc|0x3050
DATA|009d48f6|2|word||.reloc|0x3110
DATA|009d48f8|2|word||.reloc|0x3122
DATA|009d48fa|2|word||.reloc|0x3134
DATA|009d48fc|2|word||.reloc|0x3194
DATA|009d48fe|2|word||.reloc|0x31de
DATA|009d4900|2|word||.reloc|0x320f
DATA|009d4902|2|word||.reloc|0x3251
DATA|009d4904|2|word||.reloc|0x3288
DATA|009d4906|2|word||.reloc|0x32a5
DATA|009d4908|2|word||.reloc|0x32b9
DATA|009d490a|2|word||.reloc|0x32c4
DATA|009d490c|2|word||.reloc|0x3311
DATA|009d490e|2|word||.reloc|0x3399
DATA|009d4910|2|word||.reloc|0x3400
DATA|009d4912|2|word||.reloc|0x34a8
DATA|009d4914|2|word||.reloc|0x351c
DATA|009d4916|2|word||.reloc|0x35db
DATA|009d4918|2|word||.reloc|0x36dc
DATA|009d491a|2|word||.reloc|0x36ec
DATA|009d491c|2|word||.reloc|0x36fd
DATA|009d491e|2|word||.reloc|0x3705
DATA|009d4920|2|word||.reloc|0x3715
DATA|009d4922|2|word||.reloc|0x3726
DATA|009d4924|2|word||.reloc|0x3736
DATA|009d4926|2|word||.reloc|0x377a
DATA|009d4928|2|word||.reloc|0x378b
DATA|009d492a|2|word||.reloc|0x3793
DATA|009d492c|2|word||.reloc|0x37a5
DATA|009d492e|2|word||.reloc|0x37cf
DATA|009d4930|2|word||.reloc|0x37ee
DATA|009d4932|2|word||.reloc|0x37ff
DATA|009d4934|2|word||.reloc|0x3807
DATA|009d4936|2|word||.reloc|0x3819
DATA|009d4938|2|word||.reloc|0x3826
DATA|009d493a|2|word||.reloc|0x3844
DATA|009d493c|2|word||.reloc|0x3855
DATA|009d493e|2|word||.reloc|0x385d
DATA|009d4940|2|word||.reloc|0x386f
DATA|009d4942|2|word||.reloc|0x38ad
DATA|009d4944|2|word||.reloc|0x38c4
DATA|009d4946|2|word||.reloc|0x38ea
DATA|009d4948|2|word||.reloc|0x38f0
DATA|009d494a|2|word||.reloc|0x3904
DATA|009d494c|2|word||.reloc|0x3919
DATA|009d494e|2|word||.reloc|0x391f
DATA|009d4950|2|word||.reloc|0x399e
DATA|009d4952|2|word||.reloc|0x3a16
DATA|009d4954|2|word||.reloc|0x3a2c
DATA|009d4956|2|word||.reloc|0x3a65
DATA|009d4958|2|word||.reloc|0x3a72
DATA|009d495a|2|word||.reloc|0x3aa6
DATA|009d495c|2|word||.reloc|0x3ab7
DATA|009d495e|2|word||.reloc|0x3ae1
DATA|009d4960|2|word||.reloc|0x3af6
DATA|009d4962|2|word||.reloc|0x3b1c
DATA|009d4964|2|word||.reloc|0x3b2a
DATA|009d4966|2|word||.reloc|0x3b39
DATA|009d4968|2|word||.reloc|0x3c8a
DATA|009d496a|2|word||.reloc|0x3c90
DATA|009d496c|2|word||.reloc|0x3ca2
DATA|009d496e|2|word||.reloc|0x3ca8
DATA|009d4970|2|word||.reloc|0x3cba
DATA|009d4972|2|word||.reloc|0x3cce
DATA|009d4974|2|word||.reloc|0x3d36
DATA|009d4976|2|word||.reloc|0x3d44
DATA|009d4978|2|word||.reloc|0x3d4a
DATA|009d497a|2|word||.reloc|0x3d64
DATA|009d497c|2|word||.reloc|0x3d76
DATA|009d497e|2|word||.reloc|0x3d86
DATA|009d4980|2|word||.reloc|0x3d8d
DATA|009d4982|2|word||.reloc|0x3d94
DATA|009d4984|2|word||.reloc|0x3da0
DATA|009d4986|2|word||.reloc|0x3db5
DATA|009d4988|2|word||.reloc|0x3dff
DATA|009d498a|2|word||.reloc|0x3e13
DATA|009d498c|2|word||.reloc|0x3e33
DATA|009d498e|2|word||.reloc|0x3e7a
DATA|009d4990|2|word||.reloc|0x3e8c
DATA|009d4992|2|word||.reloc|0x3efb
DATA|009d4994|2|word||.reloc|0x3f0a
DATA|009d4996|2|word||.reloc|0x3f2b
DATA|009d4998|2|word||.reloc|0x3f33
DATA|009d499a|2|word||.reloc|0x3f39
DATA|009d499c|2|word||.reloc|0x3f3f
DATA|009d499e|2|word||.reloc|0x3f43
DATA|009d49a0|2|word||.reloc|0x3f4d
DATA|009d49a2|2|word||.reloc|0x3faf
DATA|009d49a4|2|word||.reloc|0x3fb5
DATA|009d49a6|2|word||.reloc|0x0
DATA|009d49a8|8|IMAGE_BASE_RELOCATION||.reloc|
DATA|009d49b0|2|word||.reloc|0x3010
DATA|009d49b2|2|word||.reloc|0x3072
DATA|009d49b4|2|word||.reloc|0x315e
DATA|009d49b6|2|word||.reloc|0x3186
DATA|009d49b8|2|word||.reloc|0x31d1
DATA|009d49ba|2|word||.reloc|0x31d9
DATA|009d49bc|2|word||.reloc|0x31e5
DATA|009d49be|2|word||.reloc|0x320e
DATA|009d49c0|2|word||.reloc|0x325c
DATA|009d49c2|2|word||.reloc|0x3283
DATA|009d49c4|2|word||.reloc|0x3299
DATA|009d49c6|2|word||.reloc|0x32a7
DATA|009d49c8|2|word||.reloc|0x32f2
DATA|009d49ca|2|word||.reloc|0x3314
DATA|009d49cc|2|word||.reloc|0x3344
DATA|009d49ce|2|word||.reloc|0x3375
DATA|009d49d0|2|word||.reloc|0x3386
DATA|009d49d2|2|word||.reloc|0x3394
DATA|009d49d4|2|word||.reloc|0x33a9
DATA|009d49d6|2|word||.reloc|0x33da
DATA|009d49d8|2|word||.reloc|0x33e3
DATA|009d49da|2|word||.reloc|0x33fd
DATA|009d49dc|2|word||.reloc|0x3406
DATA|009d49de|2|word||.reloc|0x3415
DATA|009d49e0|2|word||.reloc|0x3422
DATA|009d49e2|2|word||.reloc|0x342a
DATA|009d49e4|2|word||.reloc|0x3430
DATA|009d49e6|2|word||.reloc|0x343a
DATA|009d49e8|2|word||.reloc|0x3440
DATA|009d49ea|2|word||.reloc|0x3446
DATA|009d49ec|2|word||.reloc|0x3454
DATA|009d49ee|2|word||.reloc|0x347c
DATA|009d49f0|2|word||.reloc|0x348d
DATA|009d49f2|2|word||.reloc|0x34b1
DATA|009d49f4|2|word||.reloc|0x34b7
DATA|009d49f6|2|word||.reloc|0x34d9
DATA|009d49f8|2|word||.reloc|0x34e4
DATA|009d49fa|2|word||.reloc|0x34ea
DATA|009d49fc|2|word||.reloc|0x34ef
DATA|009d49fe|2|word||.reloc|0x34f5
DATA|009d4a00|2|word||.reloc|0x34fe
DATA|009d4a02|2|word||.reloc|0x3507
DATA|009d4a04|2|word||.reloc|0x350e
DATA|009d4a06|2|word||.reloc|0x3526
DATA|009d4a08|2|word||.reloc|0x3535
DATA|009d4a0a|2|word||.reloc|0x353f
DATA|009d4a0c|2|word||.reloc|0x354a
DATA|009d4a0e|2|word||.reloc|0x3554
DATA|009d4a10|2|word||.reloc|0x355e
DATA|009d4a12|2|word||.reloc|0x3564
DATA|009d4a14|2|word||.reloc|0x3582
DATA|009d4a16|2|word||.reloc|0x3589
DATA|009d4a18|2|word||.reloc|0x35a8
DATA|009d4a1a|2|word||.reloc|0x35ac
DATA|009d4a1c|2|word||.reloc|0x35b0
DATA|009d4a1e|2|word||.reloc|0x35b4
DATA|009d4a20|2|word||.reloc|0x35b8
DATA|009d4a22|2|word||.reloc|0x35d9
DATA|009d4a24|2|word||.reloc|0x35e4
DATA|009d4a26|2|word||.reloc|0x35e9
DATA|009d4a28|2|word||.reloc|0x35ee
DATA|009d4a2a|2|word||.reloc|0x35f3
DATA|009d4a2c|2|word||.reloc|0x35f8
DATA|009d4a2e|2|word||.reloc|0x361c
DATA|009d4a30|2|word||.reloc|0x365d
DATA|009d4a32|2|word||.reloc|0x36c6
DATA|009d4a34|2|word||.reloc|0x36e0
DATA|009d4a36|2|word||.reloc|0x36e9
DATA|009d4a38|2|word||.reloc|0x37e1
DATA|009d4a3a|2|word||.reloc|0x37f0
DATA|009d4a3c|2|word||.reloc|0x3802
DATA|009d4a3e|2|word||.reloc|0x382b
DATA|009d4a40|2|word||.reloc|0x383e
DATA|009d4a42|2|word||.reloc|0x3847
DATA|009d4a44|2|word||.reloc|0x3852
DATA|009d4a46|2|word||.reloc|0x3865
DATA|009d4a48|2|word||.reloc|0x388d
DATA|009d4a4a|2|word||.reloc|0x389b
DATA|009d4a4c|2|word||.reloc|0x38e5
DATA|009d4a4e|2|word||.reloc|0x38fa
DATA|009d4a50|2|word||.reloc|0x393b
DATA|009d4a52|2|word||.reloc|0x3949
DATA|009d4a54|2|word||.reloc|0x396e
DATA|009d4a56|2|word||.reloc|0x39ae
DATA|009d4a58|2|word||.reloc|0x39c2
DATA|009d4a5a|2|word||.reloc|0x39cb
DATA|009d4a5c|2|word||.reloc|0x39e7
DATA|009d4a5e|2|word||.reloc|0x3b91
DATA|009d4a60|2|word||.reloc|0x3bc9
DATA|009d4a62|2|word||.reloc|0x3bde
DATA|009d4a64|2|word||.reloc|0x3bf5
DATA|009d4a66|2|word||.reloc|0x3c3e
DATA|009d4a68|8|IMAGE_BASE_RELOCATION||.reloc|
DATA|009d4a70|2|word||.reloc|0x30f9
DATA|009d4a72|2|word||.reloc|0x3119
DATA|009d4a74|2|word||.reloc|0x326e
DATA|009d4a76|2|word||.reloc|0x3291
DATA|009d4a78|2|word||.reloc|0x3298
DATA|009d4a7a|2|word||.reloc|0x329d
DATA|009d4a7c|2|word||.reloc|0x32a6
DATA|009d4a7e|2|word||.reloc|0x32ac
DATA|009d4a80|2|word||.reloc|0x32b2
DATA|009d4a82|2|word||.reloc|0x32b6
DATA|009d4a84|2|word||.reloc|0x32bb
DATA|009d4a86|2|word||.reloc|0x33a6
DATA|009d4a88|2|word||.reloc|0x33bb
DATA|009d4a8a|2|word||.reloc|0x33d2
DATA|009d4a8c|2|word||.reloc|0x33dc
DATA|009d4a8e|2|word||.reloc|0x33e9
DATA|009d4a90|2|word||.reloc|0x33ef
DATA|009d4a92|2|word||.reloc|0x340b
DATA|009d4a94|2|word||.reloc|0x3429
DATA|009d4a96|2|word||.reloc|0x3434
DATA|009d4a98|2|word||.reloc|0x3453
DATA|009d4a9a|2|word||.reloc|0x3465
DATA|009d4a9c|2|word||.reloc|0x34e3
DATA|009d4a9e|2|word||.reloc|0x3534
DATA|009d4aa0|2|word||.reloc|0x353b
DATA|009d4aa2|2|word||.reloc|0x35d7
DATA|009d4aa4|2|word||.reloc|0x3635
DATA|009d4aa6|2|word||.reloc|0x363f
DATA|009d4aa8|2|word||.reloc|0x3667
DATA|009d4aaa|2|word||.reloc|0x3674
DATA|009d4aac|2|word||.reloc|0x368e
DATA|009d4aae|2|word||.reloc|0x3699
DATA|009d4ab0|2|word||.reloc|0x369f
DATA|009d4ab2|2|word||.reloc|0x36f6
DATA|009d4ab4|2|word||.reloc|0x36fd
DATA|009d4ab6|2|word||.reloc|0x3743
DATA|009d4ab8|2|word||.reloc|0x37f3
DATA|009d4aba|2|word||.reloc|0x37fc
DATA|009d4abc|2|word||.reloc|0x380c
DATA|009d4abe|2|word||.reloc|0x3810
DATA|009d4ac0|2|word||.reloc|0x3814
DATA|009d4ac2|2|word||.reloc|0x3818
DATA|009d4ac4|2|word||.reloc|0x381c
DATA|009d4ac6|2|word||.reloc|0x3861
DATA|009d4ac8|2|word||.reloc|0x3868
DATA|009d4aca|2|word||.reloc|0x387a
DATA|009d4acc|2|word||.reloc|0x3899
DATA|009d4ace|2|word||.reloc|0x38a6
DATA|009d4ad0|2|word||.reloc|0x38b8
DATA|009d4ad2|2|word||.reloc|0x38d2
DATA|009d4ad4|2|word||.reloc|0x391c
DATA|009d4ad6|2|word||.reloc|0x3931
DATA|009d4ad8|2|word||.reloc|0x3964
DATA|009d4ada|2|word||.reloc|0x3982
DATA|009d4adc|2|word||.reloc|0x39b8
DATA|009d4ade|2|word||.reloc|0x3a03
DATA|009d4ae0|2|word||.reloc|0x3a2d
DATA|009d4ae2|2|word||.reloc|0x3a51
DATA|009d4ae4|2|word||.reloc|0x3ab2
DATA|009d4ae6|2|word||.reloc|0x3abb
DATA|009d4ae8|2|word||.reloc|0x3ace
DATA|009d4aea|2|word||.reloc|0x3ae5
DATA|009d4aec|2|word||.reloc|0x3af7
DATA|009d4aee|2|word||.reloc|0x3b2f
DATA|009d4af0|2|word||.reloc|0x3b44
DATA|009d4af2|2|word||.reloc|0x3b6c
DATA|009d4af4|2|word||.reloc|0x3b82
DATA|009d4af6|2|word||.reloc|0x3bb6
DATA|009d4af8|2|word||.reloc|0x3bbe
DATA|009d4afa|2|word||.reloc|0x3bcc
DATA|009d4afc|2|word||.reloc|0x3c18
DATA|009d4afe|2|word||.reloc|0x3c3d
DATA|009d4b00|2|word||.reloc|0x3c4e
DATA|009d4b02|2|word||.reloc|0x3c6a
DATA|009d4b04|2|word||.reloc|0x3c74
DATA|009d4b06|2|word||.reloc|0x3c7b
DATA|009d4b08|2|word||.reloc|0x3c8e
DATA|009d4b0a|2|word||.reloc|0x3ca4
DATA|009d4b0c|2|word||.reloc|0x3cb7
DATA|009d4b0e|2|word||.reloc|0x3cc1
DATA|009d4b10|2|word||.reloc|0x3ce2
DATA|009d4b12|2|word||.reloc|0x3cff
DATA|009d4b14|2|word||.reloc|0x3de8
DATA|009d4b16|2|word||.reloc|0x3e2e
DATA|009d4b18|2|word||.reloc|0x3e36
DATA|009d4b1a|2|word||.reloc|0x3e45
DATA|009d4b1c|2|word||.reloc|0x3e4d
DATA|009d4b1e|2|word||.reloc|0x3eb8
DATA|009d4b20|2|word||.reloc|0x3ee0
DATA|009d4b22|2|word||.reloc|0x0
DATA|009d4b24|8|IMAGE_BASE_RELOCATION||.reloc|
DATA|009d4b2c|2|word||.reloc|0x35e5
DATA|009d4b2e|2|word||.reloc|0x3729
DATA|009d4b30|2|word||.reloc|0x3744
DATA|009d4b32|2|word||.reloc|0x3795
DATA|009d4b34|2|word||.reloc|0x3836
DATA|009d4b36|2|word||.reloc|0x3840
DATA|009d4b38|2|word||.reloc|0x3862
DATA|009d4b3a|2|word||.reloc|0x389d
DATA|009d4b3c|2|word||.reloc|0x39e1
DATA|009d4b3e|2|word||.reloc|0x39fc
DATA|009d4b40|2|word||.reloc|0x3a4d
DATA|009d4b42|2|word||.reloc|0x3af1
DATA|009d4b44|2|word||.reloc|0x3afb
DATA|009d4b46|2|word||.reloc|0x3b1d
DATA|009d4b48|2|word||.reloc|0x3b72
DATA|009d4b4a|2|word||.reloc|0x3bf9
DATA|009d4b4c|2|word||.reloc|0x3c50
DATA|009d4b4e|2|word||.reloc|0x3c54
DATA|009d4b50|2|word||.reloc|0x3c58
DATA|009d4b52|2|word||.reloc|0x3c5c
DATA|009d4b54|2|word||.reloc|0x3c60
DATA|009d4b56|2|word||.reloc|0x3c64
DATA|009d4b58|2|word||.reloc|0x3c68
DATA|009d4b5a|2|word||.reloc|0x3c6c
DATA|009d4b5c|2|word||.reloc|0x3c71
DATA|009d4b5e|2|word||.reloc|0x3c7f
DATA|009d4b60|2|word||.reloc|0x3c85
DATA|009d4b62|2|word||.reloc|0x3c91
DATA|009d4b64|2|word||.reloc|0x3c96
DATA|009d4b66|2|word||.reloc|0x3ca0
DATA|009d4b68|2|word||.reloc|0x3ca7
DATA|009d4b6a|2|word||.reloc|0x3caf
DATA|009d4b6c|2|word||.reloc|0x3cb5
DATA|009d4b6e|2|word||.reloc|0x3cbc
DATA|009d4b70|2|word||.reloc|0x3cc1
DATA|009d4b72|2|word||.reloc|0x3cd2
DATA|009d4b74|2|word||.reloc|0x3cf1
DATA|009d4b76|2|word||.reloc|0x3f8a
DATA|009d4b78|2|word||.reloc|0x3fa4
DATA|009d4b7a|2|word||.reloc|0x0
DATA|009d4b7c|8|IMAGE_BASE_RELOCATION||.reloc|
DATA|009d4b84|2|word||.reloc|0x300f
DATA|009d4b86|2|word||.reloc|0x3032
DATA|009d4b88|2|word||.reloc|0x3039
DATA|009d4b8a|2|word||.reloc|0x3053
DATA|009d4b8c|2|word||.reloc|0x3081
DATA|009d4b8e|2|word||.reloc|0x30a7
DATA|009d4b90|2|word||.reloc|0x30ed
DATA|009d4b92|2|word||.reloc|0x3116
DATA|009d4b94|2|word||.reloc|0x311d
DATA|009d4b96|2|word||.reloc|0x3146
DATA|009d4b98|2|word||.reloc|0x316c
DATA|009d4b9a|2|word||.reloc|0x31be
DATA|009d4b9c|2|word||.reloc|0x31c5
DATA|009d4b9e|2|word||.reloc|0x31df
DATA|009d4ba0|2|word||.reloc|0x3207
DATA|009d4ba2|2|word||.reloc|0x32d6
DATA|009d4ba4|2|word||.reloc|0x32fa
DATA|009d4ba6|2|word||.reloc|0x333c
DATA|009d4ba8|2|word||.reloc|0x3358
DATA|009d4baa|2|word||.reloc|0x3560
DATA|009d4bac|2|word||.reloc|0x3564
DATA|009d4bae|2|word||.reloc|0x3568
DATA|009d4bb0|2|word||.reloc|0x356c
DATA|009d4bb2|2|word||.reloc|0x3570
DATA|009d4bb4|2|word||.reloc|0x3574
DATA|009d4bb6|2|word||.reloc|0x3578
DATA|009d4bb8|2|word||.reloc|0x357c
DATA|009d4bba|2|word||.reloc|0x3580
DATA|009d4bbc|2|word||.reloc|0x3584
DATA|009d4bbe|2|word||.reloc|0x3588
DATA|009d4bc0|2|word||.reloc|0x358c
DATA|009d4bc2|2|word||.reloc|0x3590
DATA|009d4bc4|2|word||.reloc|0x3594
DATA|009d4bc6|2|word||.reloc|0x3598
DATA|009d4bc8|2|word||.reloc|0x359c
DATA|009d4bca|2|word||.reloc|0x35a0
DATA|009d4bcc|2|word||.reloc|0x35a4
DATA|009d4bce|2|word||.reloc|0x35e4
DATA|009d4bd0|2|word||.reloc|0x35e8
DATA|009d4bd2|2|word||.reloc|0x35ec
DATA|009d4bd4|2|word||.reloc|0x35f0
DATA|009d4bd6|2|word||.reloc|0x35f4
DATA|009d4bd8|2|word||.reloc|0x3634
DATA|009d4bda|2|word||.reloc|0x3638
DATA|009d4bdc|2|word||.reloc|0x363c
DATA|009d4bde|2|word||.reloc|0x3640
DATA|009d4be0|2|word||.reloc|0x3644
DATA|009d4be2|2|word||.reloc|0x3740
DATA|009d4be4|2|word||.reloc|0x374d
DATA|009d4be6|2|word||.reloc|0x3757
DATA|009d4be8|2|word||.reloc|0x377e
DATA|009d4bea|2|word||.reloc|0x378b
DATA|009d4bec|2|word||.reloc|0x37ae
DATA|009d4bee|2|word||.reloc|0x37bb
DATA|009d4bf0|2|word||.reloc|0x37d2
DATA|009d4bf2|2|word||.reloc|0x37df
DATA|009d4bf4|2|word||.reloc|0x37e8
DATA|009d4bf6|2|word||.reloc|0x3a2b
DATA|009d4bf8|2|word||.reloc|0x3a51
DATA|009d4bfa|2|word||.reloc|0x3aed
DATA|009d4bfc|2|word||.reloc|0x3af6
DATA|009d4bfe|2|word||.reloc|0x3b42
DATA|009d4c00|2|word||.reloc|0x3b56
DATA|009d4c02|2|word||.reloc|0x3b60
DATA|009d4c04|2|word||.reloc|0x3b65
DATA|009d4c06|2|word||.reloc|0x3b84
DATA|009d4c08|2|word||.reloc|0x3e6b
DATA|009d4c0a|2|word||.reloc|0x3e79
DATA|009d4c0c|2|word||.reloc|0x3ef6
DATA|009d4c0e|2|word||.reloc|0x3f0a
DATA|009d4c10|2|word||.reloc|0x3f52
DATA|009d4c12|2|word||.reloc|0x3f61
DATA|009d4c14|2|word||.reloc|0x3f72
DATA|009d4c16|2|word||.reloc|0x3f8e
DATA|009d4c18|8|IMAGE_BASE_RELOCATION||.reloc|
DATA|009d4c20|2|word||.reloc|0x3011
DATA|009d4c22|2|word||.reloc|0x3028
DATA|009d4c24|2|word||.reloc|0x3039
DATA|009d4c26|2|word||.reloc|0x3057
DATA|009d4c28|2|word||.reloc|0x3063
DATA|009d4c2a|2|word||.reloc|0x3069
DATA|009d4c2c|2|word||.reloc|0x306f
DATA|009d4c2e|2|word||.reloc|0x307a
DATA|009d4c30|2|word||.reloc|0x3080
DATA|009d4c32|2|word||.reloc|0x30d0
DATA|009d4c34|2|word||.reloc|0x30ef
DATA|009d4c36|2|word||.reloc|0x310e
DATA|009d4c38|2|word||.reloc|0x3137
DATA|009d4c3a|2|word||.reloc|0x3146
DATA|009d4c3c|2|word||.reloc|0x315a
DATA|009d4c3e|2|word||.reloc|0x316c
DATA|009d4c40|2|word||.reloc|0x317e
DATA|009d4c42|2|word||.reloc|0x318b
DATA|009d4c44|2|word||.reloc|0x31a0
DATA|009d4c46|2|word||.reloc|0x31b4
DATA|009d4c48|2|word||.reloc|0x31c8
DATA|009d4c4a|2|word||.reloc|0x31d7
DATA|009d4c4c|2|word||.reloc|0x3210
DATA|009d4c4e|2|word||.reloc|0x3216
DATA|009d4c50|2|word||.reloc|0x321b
DATA|009d4c52|2|word||.reloc|0x3221
DATA|009d4c54|2|word||.reloc|0x3228
DATA|009d4c56|2|word||.reloc|0x323a
DATA|009d4c58|8|IMAGE_BASE_RELOCATION||.reloc|
DATA|009d4c60|2|word||.reloc|0x3d04
DATA|009d4c62|2|word||.reloc|0x3d08
DATA|009d4c64|8|IMAGE_BASE_RELOCATION||.reloc|
DATA|009d4c6c|2|word||.reloc|0x300c
DATA|009d4c6e|2|word||.reloc|0x3018
DATA|009d4c70|2|word||.reloc|0x301c
DATA|009d4c72|2|word||.reloc|0x0
DATA|009d4c74|8|IMAGE_BASE_RELOCATION||.reloc|
DATA|009d4c7c|2|word||.reloc|0x3344
DATA|009d4c7e|2|word||.reloc|0x0
DATA|009d4c80|8|IMAGE_BASE_RELOCATION||.reloc|
DATA|009d4c88|2|word||.reloc|0x3750
DATA|009d4c8a|2|word||.reloc|0x3754
DATA|009d4c8c|2|word||.reloc|0x3758
DATA|009d4c8e|2|word||.reloc|0x375c
DATA|009d4c90|2|word||.reloc|0x3760
DATA|009d4c92|2|word||.reloc|0x3764
DATA|009d4c94|2|word||.reloc|0x3768
DATA|009d4c96|2|word||.reloc|0x376c
DATA|009d4c98|2|word||.reloc|0x3770
DATA|009d4c9a|2|word||.reloc|0x3774
DATA|009d4c9c|2|word||.reloc|0x3778
DATA|009d4c9e|2|word||.reloc|0x377c
DATA|009d4ca0|2|word||.reloc|0x3780
DATA|009d4ca2|2|word||.reloc|0x3784
DATA|009d4ca4|2|word||.reloc|0x3788
DATA|009d4ca6|2|word||.reloc|0x378c
DATA|009d4ca8|2|word||.reloc|0x3790
DATA|009d4caa|2|word||.reloc|0x3794
DATA|009d4cac|2|word||.reloc|0x3798
DATA|009d4cae|2|word||.reloc|0x379c
DATA|009d4cb0|2|word||.reloc|0x37a0
DATA|009d4cb2|2|word||.reloc|0x37a4
DATA|009d4cb4|2|word||.reloc|0x37a8
DATA|009d4cb6|2|word||.reloc|0x37ac
DATA|009d4cb8|2|word||.reloc|0x37b0
DATA|009d4cba|2|word||.reloc|0x37b4
DATA|009d4cbc|2|word||.reloc|0x37b8
DATA|009d4cbe|2|word||.reloc|0x37bc
DATA|009d4cc0|2|word||.reloc|0x37c0
DATA|009d4cc2|2|word||.reloc|0x37c4
DATA|009d4cc4|2|word||.reloc|0x37c8
DATA|009d4cc6|2|word||.reloc|0x37cc
DATA|009d4cc8|2|word||.reloc|0x37d0
DATA|009d4cca|2|word||.reloc|0x37d4
DATA|009d4ccc|2|word||.reloc|0x37d8
DATA|009d4cce|2|word||.reloc|0x37dc
DATA|009d4cd0|2|word||.reloc|0x37e0
DATA|009d4cd2|2|word||.reloc|0x37e4
DATA|009d4cd4|2|word||.reloc|0x37e8
DATA|009d4cd6|2|word||.reloc|0x37ec
DATA|009d4cd8|2|word||.reloc|0x37f0
DATA|009d4cda|2|word||.reloc|0x37f4
DATA|009d4cdc|2|word||.reloc|0x37f8
DATA|009d4cde|2|word||.reloc|0x37fc
DATA|009d4ce0|2|word||.reloc|0x3800
DATA|009d4ce2|2|word||.reloc|0x3804
DATA|009d4ce4|2|word||.reloc|0x3808
DATA|009d4ce6|2|word||.reloc|0x380c
DATA|009d4ce8|2|word||.reloc|0x3810
DATA|009d4cea|2|word||.reloc|0x3814
DATA|009d4cec|2|word||.reloc|0x3818
DATA|009d4cee|2|word||.reloc|0x381c
DATA|009d4cf0|2|word||.reloc|0x3820
DATA|009d4cf2|2|word||.reloc|0x3824
DATA|009d4cf4|2|word||.reloc|0x3828
DATA|009d4cf6|2|word||.reloc|0x382c
DATA|009d4cf8|2|word||.reloc|0x3830
DATA|009d4cfa|2|word||.reloc|0x3834
DATA|009d4cfc|2|word||.reloc|0x3838
DATA|009d4cfe|2|word||.reloc|0x383c
DATA|009d4d00|2|word||.reloc|0x3840
DATA|009d4d02|2|word||.reloc|0x3844
DATA|009d4d04|2|word||.reloc|0x3848
DATA|009d4d06|2|word||.reloc|0x384c
DATA|009d4d08|2|word||.reloc|0x3850
DATA|009d4d0a|2|word||.reloc|0x3854
DATA|009d4d0c|2|word||.reloc|0x3858
DATA|009d4d0e|2|word||.reloc|0x385c
DATA|009d4d10|2|word||.reloc|0x3860
DATA|009d4d12|2|word||.reloc|0x3864
DATA|009d4d14|2|word||.reloc|0x3868
DATA|009d4d16|2|word||.reloc|0x386c
DATA|009d4d18|2|word||.reloc|0x3870
DATA|009d4d1a|2|word||.reloc|0x3874
DATA|009d4d1c|2|word||.reloc|0x3878
DATA|009d4d1e|2|word||.reloc|0x387c
DATA|009d4d20|2|word||.reloc|0x3880
DATA|009d4d22|2|word||.reloc|0x3884
DATA|009d4d24|2|word||.reloc|0x3888
DATA|009d4d26|2|word||.reloc|0x388c
DATA|009d4d28|2|word||.reloc|0x3890
DATA|009d4d2a|2|word||.reloc|0x3894
DATA|009d4d2c|2|word||.reloc|0x3898
DATA|009d4d2e|2|word||.reloc|0x389c
DATA|009d4d30|2|word||.reloc|0x38a0
DATA|009d4d32|2|word||.reloc|0x38a4
DATA|009d4d34|2|word||.reloc|0x38a8
DATA|009d4d36|2|word||.reloc|0x38ac
DATA|009d4d38|2|word||.reloc|0x38b0
DATA|009d4d3a|2|word||.reloc|0x38b4
DATA|009d4d3c|2|word||.reloc|0x38b8
DATA|009d4d3e|2|word||.reloc|0x38bc
DATA|009d4d40|2|word||.reloc|0x38c0
DATA|009d4d42|2|word||.reloc|0x38c4
DATA|009d4d44|2|word||.reloc|0x38c8
DATA|009d4d46|2|word||.reloc|0x38cc
DATA|009d4d48|2|word||.reloc|0x38d0
DATA|009d4d4a|2|word||.reloc|0x38d4
DATA|009d4d4c|2|word||.reloc|0x38d8
DATA|009d4d4e|2|word||.reloc|0x38dc
DATA|009d4d50|2|word||.reloc|0x38e0
DATA|009d4d52|2|word||.reloc|0x38e4
DATA|009d4d54|2|word||.reloc|0x38e8
DATA|009d4d56|2|word||.reloc|0x38ec
DATA|009d4d58|2|word||.reloc|0x38f0
DATA|009d4d5a|2|word||.reloc|0x38f4
DATA|009d4d5c|2|word||.reloc|0x38f8
DATA|009d4d5e|2|word||.reloc|0x38fc
DATA|009d4d60|2|word||.reloc|0x3900
DATA|009d4d62|2|word||.reloc|0x3904
DATA|009d4d64|2|word||.reloc|0x3908
DATA|009d4d66|2|word||.reloc|0x390c
DATA|009d4d68|2|word||.reloc|0x3910
DATA|009d4d6a|2|word||.reloc|0x3914
DATA|009d4d6c|2|word||.reloc|0x3918
DATA|009d4d6e|2|word||.reloc|0x391c
DATA|009d4d70|2|word||.reloc|0x3920
DATA|009d4d72|2|word||.reloc|0x3924
DATA|009d4d74|2|word||.reloc|0x3928
DATA|009d4d76|2|word||.reloc|0x392c
DATA|009d4d78|2|word||.reloc|0x3930
DATA|009d4d7a|2|word||.reloc|0x3934
DATA|009d4d7c|2|word||.reloc|0x3938
DATA|009d4d7e|2|word||.reloc|0x393c
DATA|009d4d80|2|word||.reloc|0x3940
DATA|009d4d82|2|word||.reloc|0x3944
DATA|009d4d84|2|word||.reloc|0x3948
DATA|009d4d86|2|word||.reloc|0x394c
DATA|009d4d88|2|word||.reloc|0x3950
DATA|009d4d8a|2|word||.reloc|0x3954
DATA|009d4d8c|2|word||.reloc|0x3958
DATA|009d4d8e|2|word||.reloc|0x395c
DATA|009d4d90|2|word||.reloc|0x3960
DATA|009d4d92|2|word||.reloc|0x3964
DATA|009d4d94|2|word||.reloc|0x3968
DATA|009d4d96|2|word||.reloc|0x396c
DATA|009d4d98|2|word||.reloc|0x3970
DATA|009d4d9a|2|word||.reloc|0x3974
DATA|009d4d9c|2|word||.reloc|0x3978
DATA|009d4d9e|2|word||.reloc|0x397c
DATA|009d4da0|2|word||.reloc|0x3980
DATA|009d4da2|2|word||.reloc|0x3984
DATA|009d4da4|2|word||.reloc|0x3988
DATA|009d4da6|2|word||.reloc|0x398c
DATA|009d4da8|2|word||.reloc|0x3990
DATA|009d4daa|2|word||.reloc|0x3994
DATA|009d4dac|2|word||.reloc|0x3998
DATA|009d4dae|2|word||.reloc|0x399c
DATA|009d4db0|2|word||.reloc|0x39a0
DATA|009d4db2|2|word||.reloc|0x39a4
DATA|009d4db4|2|word||.reloc|0x39a8
DATA|009d4db6|2|word||.reloc|0x39ac
DATA|009d4db8|2|word||.reloc|0x39b0
DATA|009d4dba|2|word||.reloc|0x39b4
DATA|009d4dbc|2|word||.reloc|0x39b8
DATA|009d4dbe|2|word||.reloc|0x39bc
DATA|009d4dc0|2|word||.reloc|0x39c0
DATA|009d4dc2|2|word||.reloc|0x39c4
DATA|009d4dc4|2|word||.reloc|0x39c8
DATA|009d4dc6|2|word||.reloc|0x39cc
DATA|009d4dc8|2|word||.reloc|0x39d0
DATA|009d4dca|2|word||.reloc|0x39d4
DATA|009d4dcc|2|word||.reloc|0x39d8
DATA|009d4dce|2|word||.reloc|0x39dc
DATA|009d4dd0|2|word||.reloc|0x39e0
DATA|009d4dd2|2|word||.reloc|0x39e4
DATA|009d4dd4|2|word||.reloc|0x39e8
DATA|009d4dd6|2|word||.reloc|0x39ec
DATA|009d4dd8|2|word||.reloc|0x39f0
DATA|009d4dda|2|word||.reloc|0x39f4
DATA|009d4ddc|2|word||.reloc|0x39f8
DATA|009d4dde|2|word||.reloc|0x39fc
DATA|009d4de0|2|word||.reloc|0x3a00
DATA|009d4de2|2|word||.reloc|0x3a04
DATA|009d4de4|2|word||.reloc|0x3a08
DATA|009d4de6|2|word||.reloc|0x3a0c
DATA|009d4de8|2|word||.reloc|0x3a10
DATA|009d4dea|2|word||.reloc|0x3a14
DATA|009d4dec|2|word||.reloc|0x3a18
DATA|009d4dee|2|word||.reloc|0x3a1c
DATA|009d4df0|2|word||.reloc|0x3a20
DATA|009d4df2|2|word||.reloc|0x3a24
DATA|009d4df4|2|word||.reloc|0x3a28
DATA|009d4df6|2|word||.reloc|0x3a2c
DATA|009d4df8|2|word||.reloc|0x3a30
DATA|009d4dfa|2|word||.reloc|0x3a34
DATA|009d4dfc|2|word||.reloc|0x3a38
DATA|009d4dfe|2|word||.reloc|0x3a3c
DATA|009d4e00|2|word||.reloc|0x3a40
DATA|009d4e02|2|word||.reloc|0x3a44
DATA|009d4e04|2|word||.reloc|0x3a48
DATA|009d4e06|2|word||.reloc|0x3a4c
DATA|009d4e08|2|word||.reloc|0x3a50
DATA|009d4e0a|2|word||.reloc|0x3a54
DATA|009d4e0c|2|word||.reloc|0x3a58
DATA|009d4e0e|2|word||.reloc|0x3a5c
DATA|009d4e10|2|word||.reloc|0x3a60
DATA|009d4e12|2|word||.reloc|0x3a64
DATA|009d4e14|2|word||.reloc|0x3a68
DATA|009d4e16|2|word||.reloc|0x3a6c
DATA|009d4e18|2|word||.reloc|0x3a70
DATA|009d4e1a|2|word||.reloc|0x3a74
DATA|009d4e1c|2|word||.reloc|0x3a78
DATA|009d4e1e|2|word||.reloc|0x3a7c
DATA|009d4e20|2|word||.reloc|0x3a80
DATA|009d4e22|2|word||.reloc|0x3a84
DATA|009d4e24|2|word||.reloc|0x3a88
DATA|009d4e26|2|word||.reloc|0x3a8c
DATA|009d4e28|2|word||.reloc|0x3a90
DATA|009d4e2a|2|word||.reloc|0x3a94
DATA|009d4e2c|2|word||.reloc|0x3a98
DATA|009d4e2e|2|word||.reloc|0x3a9c
DATA|009d4e30|2|word||.reloc|0x3aa0
DATA|009d4e32|2|word||.reloc|0x3aa4
DATA|009d4e34|2|word||.reloc|0x3aa8
DATA|009d4e36|2|word||.reloc|0x3aac
DATA|009d4e38|2|word||.reloc|0x3ab0
DATA|009d4e3a|2|word||.reloc|0x3ab4
DATA|009d4e3c|2|word||.reloc|0x3ab8
DATA|009d4e3e|2|word||.reloc|0x3abc
DATA|009d4e40|2|word||.reloc|0x3ac0
DATA|009d4e42|2|word||.reloc|0x3ac4
DATA|009d4e44|2|word||.reloc|0x3ac8
DATA|009d4e46|2|word||.reloc|0x3acc
DATA|009d4e48|2|word||.reloc|0x3ad0
DATA|009d4e4a|2|word||.reloc|0x3ad4
DATA|009d4e4c|2|word||.reloc|0x3ad8
DATA|009d4e4e|2|word||.reloc|0x3adc
DATA|009d4e50|2|word||.reloc|0x3ae0
DATA|009d4e52|2|word||.reloc|0x3ae4
DATA|009d4e54|2|word||.reloc|0x3ae8
DATA|009d4e56|2|word||.reloc|0x3aec
DATA|009d4e58|2|word||.reloc|0x3af0
DATA|009d4e5a|2|word||.reloc|0x3af4
DATA|009d4e5c|2|word||.reloc|0x3af8
DATA|009d4e5e|2|word||.reloc|0x3afc
DATA|009d4e60|2|word||.reloc|0x3b00
DATA|009d4e62|2|word||.reloc|0x3b04
DATA|009d4e64|2|word||.reloc|0x3b08
DATA|009d4e66|2|word||.reloc|0x3b0c
DATA|009d4e68|2|word||.reloc|0x3b10
DATA|009d4e6a|2|word||.reloc|0x3b14
DATA|009d4e6c|2|word||.reloc|0x3b18
DATA|009d4e6e|2|word||.reloc|0x3b1c
DATA|009d4e70|2|word||.reloc|0x3b20
DATA|009d4e72|2|word||.reloc|0x3b24
DATA|009d4e74|2|word||.reloc|0x3b28
DATA|009d4e76|2|word||.reloc|0x3b2c
DATA|009d4e78|2|word||.reloc|0x3b30
DATA|009d4e7a|2|word||.reloc|0x3b34
DATA|009d4e7c|2|word||.reloc|0x3b38
DATA|009d4e7e|2|word||.reloc|0x3b3c
DATA|009d4e80|2|word||.reloc|0x3b40
DATA|009d4e82|2|word||.reloc|0x3b44
DATA|009d4e84|2|word||.reloc|0x3b48
DATA|009d4e86|2|word||.reloc|0x3b4c
DATA|009d4e88|2|word||.reloc|0x3b50
DATA|009d4e8a|2|word||.reloc|0x3b54
DATA|009d4e8c|2|word||.reloc|0x3b58
DATA|009d4e8e|2|word||.reloc|0x3b5c
DATA|009d4e90|2|word||.reloc|0x3b60
DATA|009d4e92|2|word||.reloc|0x3b64
DATA|009d4e94|2|word||.reloc|0x3b68
DATA|009d4e96|2|word||.reloc|0x3b6c
DATA|009d4e98|2|word||.reloc|0x3b70
DATA|009d4e9a|2|word||.reloc|0x3b74
DATA|009d4e9c|2|word||.reloc|0x3b78
DATA|009d4e9e|2|word||.reloc|0x3b7c
DATA|009d4ea0|2|word||.reloc|0x3b80
DATA|009d4ea2|2|word||.reloc|0x3b84
DATA|009d4ea4|2|word||.reloc|0x3b88
DATA|009d4ea6|2|word||.reloc|0x3b8c
DATA|009d4ea8|2|word||.reloc|0x3b90
DATA|009d4eaa|2|word||.reloc|0x3b94
DATA|009d4eac|2|word||.reloc|0x3b98
DATA|009d4eae|2|word||.reloc|0x3b9c
DATA|009d4eb0|2|word||.reloc|0x3ba0
DATA|009d4eb2|2|word||.reloc|0x3ba4
DATA|009d4eb4|2|word||.reloc|0x3ba8
DATA|009d4eb6|2|word||.reloc|0x3bac
DATA|009d4eb8|2|word||.reloc|0x3bb0
DATA|009d4eba|2|word||.reloc|0x3bb4
DATA|009d4ebc|2|word||.reloc|0x3bb8
DATA|009d4ebe|2|word||.reloc|0x3bbc
DATA|009d4ec0|2|word||.reloc|0x3bc0
DATA|009d4ec2|2|word||.reloc|0x3bc4
DATA|009d4ec4|2|word||.reloc|0x3bc8
DATA|009d4ec6|2|word||.reloc|0x3bcc
DATA|009d4ec8|2|word||.reloc|0x3bd0
DATA|009d4eca|2|word||.reloc|0x3bd4
DATA|009d4ecc|2|word||.reloc|0x3bd8
DATA|009d4ece|2|word||.reloc|0x3bdc
DATA|009d4ed0|2|word||.reloc|0x3be0
DATA|009d4ed2|2|word||.reloc|0x3be4
DATA|009d4ed4|2|word||.reloc|0x3be8
DATA|009d4ed6|2|word||.reloc|0x3bec
DATA|009d4ed8|2|word||.reloc|0x3bf0
DATA|009d4eda|2|word||.reloc|0x3bf4
DATA|009d4edc|2|word||.reloc|0x3bf8
DATA|009d4ede|2|word||.reloc|0x3bfc
DATA|009d4ee0|2|word||.reloc|0x3c00
DATA|009d4ee2|2|word||.reloc|0x3c04
DATA|009d4ee4|2|word||.reloc|0x3c08
DATA|009d4ee6|2|word||.reloc|0x3c0c
DATA|009d4ee8|2|word||.reloc|0x3c10
DATA|009d4eea|2|word||.reloc|0x3c14
DATA|009d4eec|2|word||.reloc|0x3c18
DATA|009d4eee|2|word||.reloc|0x3c1c
DATA|009d4ef0|2|word||.reloc|0x3c20
DATA|009d4ef2|2|word||.reloc|0x3c24
DATA|009d4ef4|2|word||.reloc|0x3c28
DATA|009d4ef6|2|word||.reloc|0x3c2c
DATA|009d4ef8|2|word||.reloc|0x3c30
DATA|009d4efa|2|word||.reloc|0x3c34
DATA|009d4efc|2|word||.reloc|0x3c38
DATA|009d4efe|2|word||.reloc|0x3c3c
DATA|009d4f00|2|word||.reloc|0x3c40
DATA|009d4f02|2|word||.reloc|0x3c44
DATA|009d4f04|2|word||.reloc|0x3c48
DATA|009d4f06|2|word||.reloc|0x3c4c
DATA|009d4f08|2|word||.reloc|0x3c50
DATA|009d4f0a|2|word||.reloc|0x3c54
DATA|009d4f0c|2|word||.reloc|0x3c58
DATA|009d4f0e|2|word||.reloc|0x3c5c
DATA|009d4f10|2|word||.reloc|0x3c60
DATA|009d4f12|2|word||.reloc|0x3c64
DATA|009d4f14|2|word||.reloc|0x3c68
DATA|009d4f16|2|word||.reloc|0x3c6c
DATA|009d4f18|2|word||.reloc|0x3c70
DATA|009d4f1a|2|word||.reloc|0x3c74
DATA|009d4f1c|2|word||.reloc|0x3c78
DATA|009d4f1e|2|word||.reloc|0x3c7c
DATA|009d4f20|2|word||.reloc|0x3c80
DATA|009d4f22|2|word||.reloc|0x3c84
DATA|009d4f24|2|word||.reloc|0x3c88
DATA|009d4f26|2|word||.reloc|0x3c8c
DATA|009d4f28|2|word||.reloc|0x3c90
DATA|009d4f2a|2|word||.reloc|0x3c94
DATA|009d4f2c|2|word||.reloc|0x3c98
DATA|009d4f2e|2|word||.reloc|0x3c9c
DATA|009d4f30|2|word||.reloc|0x3ca0
DATA|009d4f32|2|word||.reloc|0x3ca4
DATA|009d4f34|2|word||.reloc|0x3ca8
DATA|009d4f36|2|word||.reloc|0x3cac
DATA|009d4f38|2|word||.reloc|0x3cb0
DATA|009d4f3a|2|word||.reloc|0x3cb4
DATA|009d4f3c|2|word||.reloc|0x3cb8
DATA|009d4f3e|2|word||.reloc|0x3cbc
DATA|009d4f40|2|word||.reloc|0x3cc0
DATA|009d4f42|2|word||.reloc|0x3cc4
DATA|009d4f44|2|word||.reloc|0x3cc8
DATA|009d4f46|2|word||.reloc|0x3ccc
DATA|009d4f48|2|word||.reloc|0x3cd0
DATA|009d4f4a|2|word||.reloc|0x3cd4
DATA|009d4f4c|2|word||.reloc|0x3cd8
DATA|009d4f4e|2|word||.reloc|0x3cdc
DATA|009d4f50|2|word||.reloc|0x3ce0
DATA|009d4f52|2|word||.reloc|0x3ce4
DATA|009d4f54|2|word||.reloc|0x3ce8
DATA|009d4f56|2|word||.reloc|0x3cec
DATA|009d4f58|2|word||.reloc|0x3cf0
DATA|009d4f5a|2|word||.reloc|0x3cf4
DATA|009d4f5c|2|word||.reloc|0x3cf8
DATA|009d4f5e|2|word||.reloc|0x3cfc
DATA|009d4f60|2|word||.reloc|0x3d00
DATA|009d4f62|2|word||.reloc|0x3d04
DATA|009d4f64|2|word||.reloc|0x3d08
DATA|009d4f66|2|word||.reloc|0x3d0c
DATA|009d4f68|2|word||.reloc|0x3d10
DATA|009d4f6a|2|word||.reloc|0x3d14
DATA|009d4f6c|2|word||.reloc|0x3d18
DATA|009d4f6e|2|word||.reloc|0x3d1c
DATA|009d4f70|2|word||.reloc|0x3d20
DATA|009d4f72|2|word||.reloc|0x3d24
DATA|009d4f74|2|word||.reloc|0x3d28
DATA|009d4f76|2|word||.reloc|0x3d2c
DATA|009d4f78|2|word||.reloc|0x3d30
DATA|009d4f7a|2|word||.reloc|0x3d34
DATA|009d4f7c|2|word||.reloc|0x3d38
DATA|009d4f7e|2|word||.reloc|0x3d3c
DATA|009d4f80|2|word||.reloc|0x3d40
DATA|009d4f82|2|word||.reloc|0x3d44
DATA|009d4f84|2|word||.reloc|0x3d48
DATA|009d4f86|2|word||.reloc|0x3d4c
DATA|009d4f88|2|word||.reloc|0x3d50
DATA|009d4f8a|2|word||.reloc|0x3d54
DATA|009d4f8c|2|word||.reloc|0x3d58
DATA|009d4f8e|2|word||.reloc|0x3d5c
DATA|009d4f90|2|word||.reloc|0x3d60
DATA|009d4f92|2|word||.reloc|0x3d64
DATA|009d4f94|2|word||.reloc|0x3d68
DATA|009d4f96|2|word||.reloc|0x3d6c
DATA|009d4f98|2|word||.reloc|0x3d70
DATA|009d4f9a|2|word||.reloc|0x3d74
DATA|009d4f9c|2|word||.reloc|0x3d78
DATA|009d4f9e|2|word||.reloc|0x3d7c
DATA|009d4fa0|2|word||.reloc|0x3d80
DATA|009d4fa2|2|word||.reloc|0x3d84
DATA|009d4fa4|2|word||.reloc|0x3d88
DATA|009d4fa6|2|word||.reloc|0x3d8c
DATA|009d4fa8|2|word||.reloc|0x3d90
DATA|009d4faa|2|word||.reloc|0x3d94
DATA|009d4fac|2|word||.reloc|0x3d98
DATA|009d4fae|2|word||.reloc|0x3d9c
DATA|009d4fb0|2|word||.reloc|0x3da0
DATA|009d4fb2|2|word||.reloc|0x3da4
DATA|009d4fb4|2|word||.reloc|0x3da8
DATA|009d4fb6|2|word||.reloc|0x3dac
DATA|009d4fb8|2|word||.reloc|0x3db0
DATA|009d4fba|2|word||.reloc|0x3db4
DATA|009d4fbc|2|word||.reloc|0x3db8
DATA|009d4fbe|2|word||.reloc|0x3dbc
DATA|009d4fc0|2|word||.reloc|0x3dc0
DATA|009d4fc2|2|word||.reloc|0x3dc4
DATA|009d4fc4|2|word||.reloc|0x3dc8
DATA|009d4fc6|2|word||.reloc|0x3dcc
DATA|009d4fc8|2|word||.reloc|0x3dd0
DATA|009d4fca|2|word||.reloc|0x3dd4
DATA|009d4fcc|2|word||.reloc|0x3dd8
DATA|009d4fce|2|word||.reloc|0x3ddc
DATA|009d4fd0|2|word||.reloc|0x3de0
DATA|009d4fd2|2|word||.reloc|0x3de4
DATA|009d4fd4|2|word||.reloc|0x3de8
DATA|009d4fd6|2|word||.reloc|0x3dec
DATA|009d4fd8|2|word||.reloc|0x3df0
DATA|009d4fda|2|word||.reloc|0x3df4
DATA|009d4fdc|2|word||.reloc|0x3df8
DATA|009d4fde|2|word||.reloc|0x3dfc
DATA|009d4fe0|2|word||.reloc|0x3e00
DATA|009d4fe2|2|word||.reloc|0x3e04
DATA|009d4fe4|2|word||.reloc|0x3e08
DATA|009d4fe6|2|word||.reloc|0x3e0c
DATA|009d4fe8|2|word||.reloc|0x3e10
DATA|009d4fea|2|word||.reloc|0x3e14
DATA|009d4fec|2|word||.reloc|0x3e18
DATA|009d4fee|2|word||.reloc|0x3e1c
DATA|009d4ff0|2|word||.reloc|0x3e20
DATA|009d4ff2|2|word||.reloc|0x3e24
DATA|009d4ff4|2|word||.reloc|0x3e28
DATA|009d4ff6|2|word||.reloc|0x3e2c
DATA|009d4ff8|2|word||.reloc|0x3e30
DATA|009d4ffa|2|word||.reloc|0x3e34
DATA|009d4ffc|2|word||.reloc|0x3e38
DATA|009d4ffe|2|word||.reloc|0x3e3c
DATA|009d5000|2|word||.reloc|0x3e40
DATA|009d5002|2|word||.reloc|0x3e44
DATA|009d5004|2|word||.reloc|0x3e48
DATA|009d5006|2|word||.reloc|0x3e4c
DATA|009d5008|2|word||.reloc|0x3e50
DATA|009d500a|2|word||.reloc|0x3e54
DATA|009d500c|2|word||.reloc|0x3e58
DATA|009d500e|2|word||.reloc|0x3e5c
DATA|009d5010|2|word||.reloc|0x3e60
DATA|009d5012|2|word||.reloc|0x3e64
DATA|009d5014|2|word||.reloc|0x3e68
DATA|009d5016|2|word||.reloc|0x3e6c
DATA|009d5018|2|word||.reloc|0x3e70
DATA|009d501a|2|word||.reloc|0x3e74
DATA|009d501c|2|word||.reloc|0x3e78
DATA|009d501e|2|word||.reloc|0x3e7c
DATA|009d5020|2|word||.reloc|0x3e80
DATA|009d5022|2|word||.reloc|0x3e84
DATA|009d5024|2|word||.reloc|0x3e88
DATA|009d5026|2|word||.reloc|0x3e8c
DATA|009d5028|2|word||.reloc|0x3e90
DATA|009d502a|2|word||.reloc|0x3e94
DATA|009d502c|2|word||.reloc|0x3e98
DATA|009d502e|2|word||.reloc|0x3e9c
DATA|009d5030|2|word||.reloc|0x3ea0
DATA|009d5032|2|word||.reloc|0x3ea4
DATA|009d5034|2|word||.reloc|0x3ea8
DATA|009d5036|2|word||.reloc|0x3eac
DATA|009d5038|2|word||.reloc|0x3eb0
DATA|009d503a|2|word||.reloc|0x3eb4
DATA|009d503c|2|word||.reloc|0x3eb8
DATA|009d503e|2|word||.reloc|0x3ebc
DATA|009d5040|2|word||.reloc|0x3ec0
DATA|009d5042|2|word||.reloc|0x3ec4
DATA|009d5044|2|word||.reloc|0x3ec8
DATA|009d5046|2|word||.reloc|0x3ecc
DATA|009d5048|2|word||.reloc|0x3ed0
DATA|009d504a|2|word||.reloc|0x3ed4
DATA|009d504c|2|word||.reloc|0x3ed8
DATA|009d504e|2|word||.reloc|0x3edc
DATA|009d5050|2|word||.reloc|0x3ee0
DATA|009d5052|2|word||.reloc|0x3ee4
DATA|009d5054|2|word||.reloc|0x3ee8
DATA|009d5056|2|word||.reloc|0x3eec
DATA|009d5058|2|word||.reloc|0x3ef0
DATA|009d505a|2|word||.reloc|0x3ef4
DATA|009d505c|2|word||.reloc|0x3ef8
DATA|009d505e|2|word||.reloc|0x3efc
DATA|009d5060|2|word||.reloc|0x3f00
DATA|009d5062|2|word||.reloc|0x3f04
DATA|009d5064|2|word||.reloc|0x3f08
DATA|009d5066|2|word||.reloc|0x3f0c
DATA|009d5068|2|word||.reloc|0x3f10
DATA|009d506a|2|word||.reloc|0x3f14
DATA|009d506c|2|word||.reloc|0x3f18
DATA|009d506e|2|word||.reloc|0x3f1c
DATA|009d5070|2|word||.reloc|0x3f20
DATA|009d5072|2|word||.reloc|0x3f24
DATA|009d5074|2|word||.reloc|0x3f28
DATA|009d5076|2|word||.reloc|0x3f2c
DATA|009d5078|2|word||.reloc|0x3f30
DATA|009d507a|2|word||.reloc|0x3f34
DATA|009d507c|2|word||.reloc|0x3f38
DATA|009d507e|2|word||.reloc|0x3f3c
DATA|009d5080|2|word||.reloc|0x3f40
DATA|009d5082|2|word||.reloc|0x3f44
DATA|009d5084|2|word||.reloc|0x3f48
DATA|009d5086|2|word||.reloc|0x3f4c
DATA|009d5088|2|word||.reloc|0x3f50
DATA|009d508a|2|word||.reloc|0x3f54
DATA|009d508c|2|word||.reloc|0x3f58
DATA|009d508e|2|word||.reloc|0x3f5c
DATA|009d5090|2|word||.reloc|0x3f60
DATA|009d5092|2|word||.reloc|0x3f64
DATA|009d5094|2|word||.reloc|0x3f68
DATA|009d5096|2|word||.reloc|0x3f6c
DATA|009d5098|2|word||.reloc|0x3f70
DATA|009d509a|2|word||.reloc|0x3f74
DATA|009d509c|2|word||.reloc|0x3f78
DATA|009d509e|2|word||.reloc|0x3f7c
DATA|009d50a0|2|word||.reloc|0x3f80
DATA|009d50a2|2|word||.reloc|0x3f84
DATA|009d50a4|2|word||.reloc|0x3f88
DATA|009d50a6|2|word||.reloc|0x3f8c
DATA|009d50a8|2|word||.reloc|0x3f90
DATA|009d50aa|2|word||.reloc|0x3f94
DATA|009d50ac|2|word||.reloc|0x3f98
DATA|009d50ae|2|word||.reloc|0x3f9c
DATA|009d50b0|2|word||.reloc|0x3fa0
DATA|009d50b2|2|word||.reloc|0x3fa4
DATA|009d50b4|2|word||.reloc|0x3fa8
DATA|009d50b6|2|word||.reloc|0x3fac
DATA|009d50b8|2|word||.reloc|0x3fb0
DATA|009d50ba|2|word||.reloc|0x3fb4
DATA|009d50bc|2|word||.reloc|0x3fb8
DATA|009d50be|2|word||.reloc|0x3fbc
DATA|009d50c0|2|word||.reloc|0x3fc0
DATA|009d50c2|2|word||.reloc|0x3fc4
DATA|009d50c4|2|word||.reloc|0x3fc8
DATA|009d50c6|2|word||.reloc|0x3fcc
DATA|009d50c8|2|word||.reloc|0x3fd0
DATA|009d50ca|2|word||.reloc|0x3fd4
DATA|009d50cc|2|word||.reloc|0x3fd8
DATA|009d50ce|2|word||.reloc|0x3fdc
DATA|009d50d0|2|word||.reloc|0x3fe0
DATA|009d50d2|2|word||.reloc|0x3fe4
DATA|009d50d4|2|word||.reloc|0x3fe8
DATA|009d50d6|2|word||.reloc|0x3fec
DATA|009d50d8|2|word||.reloc|0x3ff0
DATA|009d50da|2|word||.reloc|0x3ff4
DATA|009d50dc|2|word||.reloc|0x3ff8
DATA|009d50de|2|word||.reloc|0x3ffc
DATA|009d50e0|8|IMAGE_BASE_RELOCATION||.reloc|
DATA|009d50e8|2|word||.reloc|0x3000
DATA|009d50ea|2|word||.reloc|0x3004
DATA|009d50ec|2|word||.reloc|0x3008
DATA|009d50ee|2|word||.reloc|0x300c
DATA|009d50f0|2|word||.reloc|0x3010
DATA|009d50f2|2|word||.reloc|0x3014
DATA|009d50f4|2|word||.reloc|0x3018
DATA|009d50f6|2|word||.reloc|0x301c
DATA|009d50f8|2|word||.reloc|0x3020
DATA|009d50fa|2|word||.reloc|0x3024
DATA|009d50fc|2|word||.reloc|0x3028
DATA|009d50fe|2|word||.reloc|0x302c
DATA|009d5100|2|word||.reloc|0x3030
DATA|009d5102|2|word||.reloc|0x3034
DATA|009d5104|2|word||.reloc|0x3038
DATA|009d5106|2|word||.reloc|0x303c
DATA|009d5108|2|word||.reloc|0x3040
DATA|009d510a|2|word||.reloc|0x3044
DATA|009d510c|2|word||.reloc|0x3048
DATA|009d510e|2|word||.reloc|0x304c
DATA|009d5110|2|word||.reloc|0x3050
DATA|009d5112|2|word||.reloc|0x3054
DATA|009d5114|2|word||.reloc|0x3058
DATA|009d5116|2|word||.reloc|0x305c
DATA|009d5118|2|word||.reloc|0x3060
DATA|009d511a|2|word||.reloc|0x3064
DATA|009d511c|2|word||.reloc|0x3068
DATA|009d511e|2|word||.reloc|0x306c
DATA|009d5120|2|word||.reloc|0x3070
DATA|009d5122|2|word||.reloc|0x3074
DATA|009d5124|2|word||.reloc|0x3078
DATA|009d5126|2|word||.reloc|0x307c
DATA|009d5128|2|word||.reloc|0x3080
DATA|009d512a|2|word||.reloc|0x3084
DATA|009d512c|2|word||.reloc|0x3088
DATA|009d512e|2|word||.reloc|0x308c
DATA|009d5130|2|word||.reloc|0x3090
DATA|009d5132|2|word||.reloc|0x3094
DATA|009d5134|2|word||.reloc|0x3098
DATA|009d5136|2|word||.reloc|0x309c
DATA|009d5138|2|word||.reloc|0x30a0
DATA|009d513a|2|word||.reloc|0x30a4
DATA|009d513c|2|word||.reloc|0x30a8
DATA|009d513e|2|word||.reloc|0x30ac
DATA|009d5140|2|word||.reloc|0x30b0
DATA|009d5142|2|word||.reloc|0x30b4
DATA|009d5144|2|word||.reloc|0x30b8
DATA|009d5146|2|word||.reloc|0x30bc
DATA|009d5148|2|word||.reloc|0x30c0
DATA|009d514a|2|word||.reloc|0x30c4
DATA|009d514c|2|word||.reloc|0x30c8
DATA|009d514e|2|word||.reloc|0x30cc
DATA|009d5150|2|word||.reloc|0x30d0
DATA|009d5152|2|word||.reloc|0x30d4
DATA|009d5154|2|word||.reloc|0x30d8
DATA|009d5156|2|word||.reloc|0x30dc
DATA|009d5158|2|word||.reloc|0x30e0
DATA|009d515a|2|word||.reloc|0x30e4
DATA|009d515c|2|word||.reloc|0x30e8
DATA|009d515e|2|word||.reloc|0x30ec
DATA|009d5160|2|word||.reloc|0x30f0
DATA|009d5162|2|word||.reloc|0x30f4
DATA|009d5164|2|word||.reloc|0x30f8
DATA|009d5166|2|word||.reloc|0x30fc
DATA|009d5168|2|word||.reloc|0x3100
DATA|009d516a|2|word||.reloc|0x3104
DATA|009d516c|2|word||.reloc|0x3108
DATA|009d516e|2|word||.reloc|0x310c
DATA|009d5170|2|word||.reloc|0x3110
DATA|009d5172|2|word||.reloc|0x3114
DATA|009d5174|2|word||.reloc|0x3118
DATA|009d5176|2|word||.reloc|0x311c
DATA|009d5178|2|word||.reloc|0x3120
DATA|009d517a|2|word||.reloc|0x3124
DATA|009d517c|2|word||.reloc|0x3128
DATA|009d517e|2|word||.reloc|0x312c
DATA|009d5180|2|word||.reloc|0x3130
DATA|009d5182|2|word||.reloc|0x3134
DATA|009d5184|2|word||.reloc|0x3138
DATA|009d5186|2|word||.reloc|0x313c
DATA|009d5188|2|word||.reloc|0x3140
DATA|009d518a|2|word||.reloc|0x3144
DATA|009d518c|2|word||.reloc|0x3148
DATA|009d518e|2|word||.reloc|0x314c
DATA|009d5190|2|word||.reloc|0x3150
DATA|009d5192|2|word||.reloc|0x3154
DATA|009d5194|2|word||.reloc|0x3158
DATA|009d5196|2|word||.reloc|0x315c
DATA|009d5198|2|word||.reloc|0x3160
DATA|009d519a|2|word||.reloc|0x3164
DATA|009d519c|2|word||.reloc|0x3168
DATA|009d519e|2|word||.reloc|0x316c
DATA|009d51a0|2|word||.reloc|0x3170
DATA|009d51a2|2|word||.reloc|0x3174
DATA|009d51a4|2|word||.reloc|0x3178
DATA|009d51a6|2|word||.reloc|0x317c
DATA|009d51a8|2|word||.reloc|0x3180
DATA|009d51aa|2|word||.reloc|0x3184
DATA|009d51ac|2|word||.reloc|0x3188
DATA|009d51ae|2|word||.reloc|0x318c
DATA|009d51b0|2|word||.reloc|0x3190
DATA|009d51b2|2|word||.reloc|0x3194
DATA|009d51b4|2|word||.reloc|0x3198
DATA|009d51b6|2|word||.reloc|0x319c
DATA|009d51b8|2|word||.reloc|0x31a0
DATA|009d51ba|2|word||.reloc|0x31a4
DATA|009d51bc|2|word||.reloc|0x31a8
DATA|009d51be|2|word||.reloc|0x31ac
DATA|009d51c0|2|word||.reloc|0x31b0
DATA|009d51c2|2|word||.reloc|0x31b4
DATA|009d51c4|2|word||.reloc|0x31b8
DATA|009d51c6|2|word||.reloc|0x31bc
DATA|009d51c8|2|word||.reloc|0x31c0
DATA|009d51ca|2|word||.reloc|0x31c4
DATA|009d51cc|2|word||.reloc|0x31c8
DATA|009d51ce|2|word||.reloc|0x31cc
DATA|009d51d0|2|word||.reloc|0x31d0
DATA|009d51d2|2|word||.reloc|0x31d4
DATA|009d51d4|2|word||.reloc|0x31d8
DATA|009d51d6|2|word||.reloc|0x31dc
DATA|009d51d8|2|word||.reloc|0x31e0
DATA|009d51da|2|word||.reloc|0x31e4
DATA|009d51dc|2|word||.reloc|0x31e8
DATA|009d51de|2|word||.reloc|0x31ec
DATA|009d51e0|2|word||.reloc|0x31f0
DATA|009d51e2|2|word||.reloc|0x31f4
DATA|009d51e4|2|word||.reloc|0x31f8
DATA|009d51e6|2|word||.reloc|0x31fc
DATA|009d51e8|2|word||.reloc|0x3200
DATA|009d51ea|2|word||.reloc|0x3204
DATA|009d51ec|2|word||.reloc|0x3208
DATA|009d51ee|2|word||.reloc|0x320c
DATA|009d51f0|2|word||.reloc|0x3210
DATA|009d51f2|2|word||.reloc|0x3214
DATA|009d51f4|2|word||.reloc|0x3218
DATA|009d51f6|2|word||.reloc|0x321c
DATA|009d51f8|2|word||.reloc|0x3220
DATA|009d51fa|2|word||.reloc|0x3224
DATA|009d51fc|2|word||.reloc|0x3228
DATA|009d51fe|2|word||.reloc|0x322c
DATA|009d5200|2|word||.reloc|0x3230
DATA|009d5202|2|word||.reloc|0x3234
DATA|009d5204|2|word||.reloc|0x3238
DATA|009d5206|2|word||.reloc|0x323c
DATA|009d5208|2|word||.reloc|0x3240
DATA|009d520a|2|word||.reloc|0x3244
DATA|009d520c|2|word||.reloc|0x3248
DATA|009d520e|2|word||.reloc|0x324c
DATA|009d5210|2|word||.reloc|0x3250
DATA|009d5212|2|word||.reloc|0x3254
DATA|009d5214|2|word||.reloc|0x3258
DATA|009d5216|2|word||.reloc|0x325c
DATA|009d5218|2|word||.reloc|0x3260
DATA|009d521a|2|word||.reloc|0x3264
DATA|009d521c|2|word||.reloc|0x3268
DATA|009d521e|2|word||.reloc|0x326c
DATA|009d5220|2|word||.reloc|0x3270
DATA|009d5222|2|word||.reloc|0x3274
DATA|009d5224|2|word||.reloc|0x3278
DATA|009d5226|2|word||.reloc|0x327c
DATA|009d5228|2|word||.reloc|0x3280
DATA|009d522a|2|word||.reloc|0x3284
DATA|009d522c|2|word||.reloc|0x3288
DATA|009d522e|2|word||.reloc|0x328c
DATA|009d5230|2|word||.reloc|0x3970
DATA|009d5232|2|word||.reloc|0x0
DATA|009d5234|8|IMAGE_BASE_RELOCATION||.reloc|
DATA|009d523c|2|word||.reloc|0x3ec0
DATA|009d523e|2|word||.reloc|0x3ec4
DATA|009d5240|2|word||.reloc|0x3ec8
DATA|009d5242|2|word||.reloc|0x3ecc
DATA|009d5244|2|word||.reloc|0x3ed0
DATA|009d5246|2|word||.reloc|0x3f70
DATA|009d5248|8|IMAGE_BASE_RELOCATION||.reloc|
DATA|009d5250|2|word||.reloc|0x3118
DATA|009d5252|2|word||.reloc|0x311c
DATA|009d5254|2|word||.reloc|0x312c
DATA|009d5256|2|word||.reloc|0x330c
DATA|009d5258|2|word||.reloc|0x3310
DATA|009d525a|2|word||.reloc|0x3550
DATA|009d525c|2|word||.reloc|0x3554
DATA|009d525e|2|word||.reloc|0x3558
DATA|009d5260|2|word||.reloc|0x355c
DATA|009d5262|2|word||.reloc|0x3560
DATA|009d5264|2|word||.reloc|0x3564
DATA|009d5266|2|word||.reloc|0x3568
DATA|009d5268|2|word||.reloc|0x356c
DATA|009d526a|2|word||.reloc|0x3570
DATA|009d526c|2|word||.reloc|0x3574
DATA|009d526e|2|word||.reloc|0x3578
DATA|009d5270|2|word||.reloc|0x357c
DATA|009d5272|2|word||.reloc|0x3580
DATA|009d5274|2|word||.reloc|0x3584
DATA|009d5276|2|word||.reloc|0x3588
DATA|009d5278|2|word||.reloc|0x358c
DATA|009d527a|2|word||.reloc|0x3590
DATA|009d527c|2|word||.reloc|0x3594
DATA|009d527e|2|word||.reloc|0x3598
DATA|009d5280|2|word||.reloc|0x359c
DATA|009d5282|2|word||.reloc|0x35a0
DATA|009d5284|2|word||.reloc|0x35a4
DATA|009d5286|2|word||.reloc|0x35a8
DATA|009d5288|2|word||.reloc|0x35ac
DATA|009d528a|2|word||.reloc|0x35b0
DATA|009d528c|2|word||.reloc|0x35b4
DATA|009d528e|2|word||.reloc|0x35b8
DATA|009d5290|2|word||.reloc|0x35bc
DATA|009d5292|2|word||.reloc|0x35c0
DATA|009d5294|2|word||.reloc|0x35c4
DATA|009d5296|2|word||.reloc|0x35c8
DATA|009d5298|2|word||.reloc|0x35cc
DATA|009d529a|2|word||.reloc|0x35d0
DATA|009d529c|2|word||.reloc|0x35d4
DATA|009d529e|2|word||.reloc|0x35d8
DATA|009d52a0|2|word||.reloc|0x35dc
DATA|009d52a2|2|word||.reloc|0x35e0
DATA|009d52a4|2|word||.reloc|0x35e4
DATA|009d52a6|2|word||.reloc|0x35e8
DATA|009d52a8|2|word||.reloc|0x35ec
DATA|009d52aa|2|word||.reloc|0x35f0
DATA|009d52ac|2|word||.reloc|0x35f4
DATA|009d52ae|2|word||.reloc|0x35f8
DATA|009d52b0|2|word||.reloc|0x35fc
DATA|009d52b2|2|word||.reloc|0x3600
DATA|009d52b4|2|word||.reloc|0x3604
DATA|009d52b6|2|word||.reloc|0x3608
DATA|009d52b8|2|word||.reloc|0x360c
DATA|009d52ba|2|word||.reloc|0x3610
DATA|009d52bc|2|word||.reloc|0x3614
DATA|009d52be|2|word||.reloc|0x3618
DATA|009d52c0|2|word||.reloc|0x361c
DATA|009d52c2|2|word||.reloc|0x3620
DATA|009d52c4|2|word||.reloc|0x3624
DATA|009d52c6|2|word||.reloc|0x3628
DATA|009d52c8|2|word||.reloc|0x362c
DATA|009d52ca|2|word||.reloc|0x3630
DATA|009d52cc|2|word||.reloc|0x3634
DATA|009d52ce|2|word||.reloc|0x3638
DATA|009d52d0|2|word||.reloc|0x363c
DATA|009d52d2|2|word||.reloc|0x3640
DATA|009d52d4|2|word||.reloc|0x3644
DATA|009d52d6|2|word||.reloc|0x3648
DATA|009d52d8|2|word||.reloc|0x364c
DATA|009d52da|2|word||.reloc|0x3650
DATA|009d52dc|2|word||.reloc|0x3654
DATA|009d52de|2|word||.reloc|0x3658
DATA|009d52e0|2|word||.reloc|0x365c
DATA|009d52e2|2|word||.reloc|0x3660
DATA|009d52e4|2|word||.reloc|0x3664
DATA|009d52e6|2|word||.reloc|0x3668
DATA|009d52e8|2|word||.reloc|0x366c
DATA|009d52ea|2|word||.reloc|0x3670
DATA|009d52ec|2|word||.reloc|0x3674
DATA|009d52ee|2|word||.reloc|0x3678
DATA|009d52f0|2|word||.reloc|0x367c
DATA|009d52f2|2|word||.reloc|0x3680
DATA|009d52f4|2|word||.reloc|0x3684
DATA|009d52f6|2|word||.reloc|0x3688
DATA|009d52f8|2|word||.reloc|0x368c
DATA|009d52fa|2|word||.reloc|0x3690
DATA|009d52fc|2|word||.reloc|0x3694
DATA|009d52fe|2|word||.reloc|0x3698
DATA|009d5300|2|word||.reloc|0x369c
DATA|009d5302|2|word||.reloc|0x36a0
DATA|009d5304|2|word||.reloc|0x36a4
DATA|009d5306|2|word||.reloc|0x36a8
DATA|009d5308|2|word||.reloc|0x36ac
DATA|009d530a|2|word||.reloc|0x36b0
DATA|009d530c|2|word||.reloc|0x36b4
DATA|009d530e|2|word||.reloc|0x36b8
DATA|009d5310|2|word||.reloc|0x36bc
DATA|009d5312|2|word||.reloc|0x36c0
DATA|009d5314|2|word||.reloc|0x36c4
DATA|009d5316|2|word||.reloc|0x36c8
DATA|009d5318|2|word||.reloc|0x36cc
DATA|009d531a|2|word||.reloc|0x36d0
DATA|009d531c|2|word||.reloc|0x36d4
DATA|009d531e|2|word||.reloc|0x36d8
DATA|009d5320|2|word||.reloc|0x36e0
DATA|009d5322|2|word||.reloc|0x36e4
DATA|009d5324|2|word||.reloc|0x36e8
DATA|009d5326|2|word||.reloc|0x36ec
DATA|009d5328|2|word||.reloc|0x36f0
DATA|009d532a|2|word||.reloc|0x36f4
DATA|009d532c|2|word||.reloc|0x36f8
DATA|009d532e|2|word||.reloc|0x36fc
DATA|009d5330|2|word||.reloc|0x3700
DATA|009d5332|2|word||.reloc|0x3704
DATA|009d5334|2|word||.reloc|0x3708
DATA|009d5336|2|word||.reloc|0x370c
DATA|009d5338|2|word||.reloc|0x3710
DATA|009d533a|2|word||.reloc|0x3714
DATA|009d533c|2|word||.reloc|0x3718
DATA|009d533e|2|word||.reloc|0x371c
DATA|009d5340|2|word||.reloc|0x3720
DATA|009d5342|2|word||.reloc|0x3724
DATA|009d5344|2|word||.reloc|0x3728
DATA|009d5346|2|word||.reloc|0x372c
DATA|009d5348|2|word||.reloc|0x3730
DATA|009d534a|2|word||.reloc|0x3734
DATA|009d534c|2|word||.reloc|0x3738
DATA|009d534e|2|word||.reloc|0x373c
DATA|009d5350|2|word||.reloc|0x3740
DATA|009d5352|2|word||.reloc|0x3744
DATA|009d5354|2|word||.reloc|0x3748
DATA|009d5356|2|word||.reloc|0x374c
DATA|009d5358|2|word||.reloc|0x3750
DATA|009d535a|2|word||.reloc|0x3754
DATA|009d535c|2|word||.reloc|0x3758
DATA|009d535e|2|word||.reloc|0x375c
DATA|009d5360|2|word||.reloc|0x3760
DATA|009d5362|2|word||.reloc|0x3764
DATA|009d5364|2|word||.reloc|0x3768
DATA|009d5366|2|word||.reloc|0x376c
DATA|009d5368|2|word||.reloc|0x3770
DATA|009d536a|2|word||.reloc|0x3774
DATA|009d536c|2|word||.reloc|0x3778
DATA|009d536e|2|word||.reloc|0x377c
DATA|009d5370|2|word||.reloc|0x3780
DATA|009d5372|2|word||.reloc|0x3784
DATA|009d5374|2|word||.reloc|0x3788
DATA|009d5376|2|word||.reloc|0x378c
DATA|009d5378|2|word||.reloc|0x3790
DATA|009d537a|2|word||.reloc|0x3794
DATA|009d537c|2|word||.reloc|0x3798
DATA|009d537e|2|word||.reloc|0x379c
DATA|009d5380|2|word||.reloc|0x37a0
DATA|009d5382|2|word||.reloc|0x37a4
DATA|009d5384|2|word||.reloc|0x37a8
DATA|009d5386|2|word||.reloc|0x37ac
DATA|009d5388|2|word||.reloc|0x37b0
DATA|009d538a|2|word||.reloc|0x37b4
DATA|009d538c|2|word||.reloc|0x37b8
DATA|009d538e|2|word||.reloc|0x37bc
DATA|009d5390|2|word||.reloc|0x37c0
DATA|009d5392|2|word||.reloc|0x37c4
DATA|009d5394|2|word||.reloc|0x37c8
DATA|009d5396|2|word||.reloc|0x37cc
DATA|009d5398|2|word||.reloc|0x37d0
DATA|009d539a|2|word||.reloc|0x37d4
DATA|009d539c|2|word||.reloc|0x37d8
DATA|009d539e|2|word||.reloc|0x37dc
DATA|009d53a0|2|word||.reloc|0x37e0
DATA|009d53a2|2|word||.reloc|0x37e4
DATA|009d53a4|2|word||.reloc|0x37e8
DATA|009d53a6|2|word||.reloc|0x37ec
DATA|009d53a8|2|word||.reloc|0x37f0
DATA|009d53aa|2|word||.reloc|0x37f4
DATA|009d53ac|2|word||.reloc|0x37f8
DATA|009d53ae|2|word||.reloc|0x37fc
DATA|009d53b0|2|word||.reloc|0x3800
DATA|009d53b2|2|word||.reloc|0x3804
DATA|009d53b4|2|word||.reloc|0x3808
DATA|009d53b6|2|word||.reloc|0x380c
DATA|009d53b8|2|word||.reloc|0x3810
DATA|009d53ba|2|word||.reloc|0x3814
DATA|009d53bc|2|word||.reloc|0x3818
DATA|009d53be|2|word||.reloc|0x381c
DATA|009d53c0|2|word||.reloc|0x3820
DATA|009d53c2|2|word||.reloc|0x3824
DATA|009d53c4|2|word||.reloc|0x3828
DATA|009d53c6|2|word||.reloc|0x382c
DATA|009d53c8|2|word||.reloc|0x3830
DATA|009d53ca|2|word||.reloc|0x3834
DATA|009d53cc|2|word||.reloc|0x3838
DATA|009d53ce|2|word||.reloc|0x383c
DATA|009d53d0|2|word||.reloc|0x3840
DATA|009d53d2|2|word||.reloc|0x3844
DATA|009d53d4|2|word||.reloc|0x3848
DATA|009d53d6|2|word||.reloc|0x384c
DATA|009d53d8|2|word||.reloc|0x3850
DATA|009d53da|2|word||.reloc|0x3854
DATA|009d53dc|2|word||.reloc|0x3858
DATA|009d53de|2|word||.reloc|0x385c
DATA|009d53e0|2|word||.reloc|0x3860
DATA|009d53e2|2|word||.reloc|0x3864
DATA|009d53e4|2|word||.reloc|0x3868
DATA|009d53e6|2|word||.reloc|0x386c
DATA|009d53e8|2|word||.reloc|0x3870
DATA|009d53ea|2|word||.reloc|0x3874
DATA|009d53ec|2|word||.reloc|0x3878
DATA|009d53ee|2|word||.reloc|0x387c
DATA|009d53f0|2|word||.reloc|0x3880
DATA|009d53f2|2|word||.reloc|0x3884
DATA|009d53f4|2|word||.reloc|0x3888
DATA|009d53f6|2|word||.reloc|0x388c
DATA|009d53f8|2|word||.reloc|0x3890
DATA|009d53fa|2|word||.reloc|0x3894
DATA|009d53fc|2|word||.reloc|0x3898
DATA|009d53fe|2|word||.reloc|0x389c
DATA|009d5400|2|word||.reloc|0x38a0
DATA|009d5402|2|word||.reloc|0x38a4
DATA|009d5404|2|word||.reloc|0x38a8
DATA|009d5406|2|word||.reloc|0x38ac
DATA|009d5408|2|word||.reloc|0x38b0
DATA|009d540a|2|word||.reloc|0x38b4
DATA|009d540c|2|word||.reloc|0x38b8
DATA|009d540e|2|word||.reloc|0x38bc
DATA|009d5410|2|word||.reloc|0x38c0
DATA|009d5412|2|word||.reloc|0x38c4
DATA|009d5414|2|word||.reloc|0x38c8
DATA|009d5416|2|word||.reloc|0x38cc
DATA|009d5418|2|word||.reloc|0x38d0
DATA|009d541a|2|word||.reloc|0x38d4
DATA|009d541c|2|word||.reloc|0x38d8
DATA|009d541e|2|word||.reloc|0x38dc
DATA|009d5420|2|word||.reloc|0x38e0
DATA|009d5422|2|word||.reloc|0x0
DATA|009d5424|8|IMAGE_BASE_RELOCATION||.reloc|
DATA|009d542c|2|word||.reloc|0x3380
DATA|009d542e|2|word||.reloc|0x3390
DATA|009d5430|2|word||.reloc|0x33a0
DATA|009d5432|2|word||.reloc|0x33b0
DATA|009d5434|2|word||.reloc|0x33c0
DATA|009d5436|2|word||.reloc|0x33d0
DATA|009d5438|2|word||.reloc|0x33e0
DATA|009d543a|2|word||.reloc|0x33f0
DATA|009d543c|2|word||.reloc|0x3400
DATA|009d543e|2|word||.reloc|0x3410
DATA|009d5440|2|word||.reloc|0x3420
DATA|009d5442|2|word||.reloc|0x3430
DATA|009d5444|2|word||.reloc|0x3440
DATA|009d5446|2|word||.reloc|0x3450
DATA|009d5448|2|word||.reloc|0x3460
DATA|009d544a|2|word||.reloc|0x3470
DATA|009d544c|2|word||.reloc|0x3480
DATA|009d544e|2|word||.reloc|0x3490
DATA|009d5450|2|word||.reloc|0x34a0
DATA|009d5452|2|word||.reloc|0x34b0
DATA|009d5454|2|word||.reloc|0x34c0
DATA|009d5456|2|word||.reloc|0x34d0
DATA|009d5458|2|word||.reloc|0x34e0
DATA|009d545a|2|word||.reloc|0x34f0
DATA|009d545c|2|word||.reloc|0x3500
DATA|009d545e|2|word||.reloc|0x3510
DATA|009d5460|2|word||.reloc|0x3520
DATA|009d5462|2|word||.reloc|0x3530
DATA|009d5464|2|word||.reloc|0x3540
DATA|009d5466|2|word||.reloc|0x3550
DATA|009d5468|2|word||.reloc|0x3560
DATA|009d546a|2|word||.reloc|0x3570
DATA|009d546c|2|word||.reloc|0x3580
DATA|009d546e|2|word||.reloc|0x3590
DATA|009d5470|2|word||.reloc|0x35a0
DATA|009d5472|2|word||.reloc|0x35b0
DATA|009d5474|2|word||.reloc|0x35c0
DATA|009d5476|2|word||.reloc|0x35d0
DATA|009d5478|2|word||.reloc|0x35e0
DATA|009d547a|2|word||.reloc|0x35f0
DATA|009d547c|2|word||.reloc|0x3600
DATA|009d547e|2|word||.reloc|0x3610
DATA|009d5480|2|word||.reloc|0x3620
DATA|009d5482|2|word||.reloc|0x3630
DATA|009d5484|2|word||.reloc|0x3640
DATA|009d5486|2|word||.reloc|0x3650
DATA|009d5488|2|word||.reloc|0x3660
DATA|009d548a|2|word||.reloc|0x3670
DATA|009d548c|2|word||.reloc|0x3680
DATA|009d548e|2|word||.reloc|0x3690
DATA|009d5490|2|word||.reloc|0x36a0
DATA|009d5492|2|word||.reloc|0x36b0
DATA|009d5494|2|word||.reloc|0x36c0
DATA|009d5496|2|word||.reloc|0x36d0
DATA|009d5498|2|word||.reloc|0x36e0
DATA|009d549a|2|word||.reloc|0x36f0
DATA|009d549c|2|word||.reloc|0x3700
DATA|009d549e|2|word||.reloc|0x3710
DATA|009d54a0|2|word||.reloc|0x3720
DATA|009d54a2|2|word||.reloc|0x3730
DATA|009d54a4|2|word||.reloc|0x3740
DATA|009d54a6|2|word||.reloc|0x3750
DATA|009d54a8|2|word||.reloc|0x3760
DATA|009d54aa|2|word||.reloc|0x3770
DATA|009d54ac|2|word||.reloc|0x3780
DATA|009d54ae|2|word||.reloc|0x3790
DATA|009d54b0|2|word||.reloc|0x37a0
DATA|009d54b2|2|word||.reloc|0x37b0
DATA|009d54b4|2|word||.reloc|0x37c0
DATA|009d54b6|2|word||.reloc|0x37d0
DATA|009d54b8|2|word||.reloc|0x37e0
DATA|009d54ba|2|word||.reloc|0x37f0
DATA|009d54bc|2|word||.reloc|0x3800
DATA|009d54be|2|word||.reloc|0x3810
DATA|009d54c0|2|word||.reloc|0x3820
DATA|009d54c2|2|word||.reloc|0x3830
DATA|009d54c4|2|word||.reloc|0x3840
DATA|009d54c6|2|word||.reloc|0x3850
DATA|009d54c8|2|word||.reloc|0x3860
DATA|009d54ca|2|word||.reloc|0x3870
DATA|009d54cc|2|word||.reloc|0x3880
DATA|009d54ce|2|word||.reloc|0x3890
DATA|009d54d0|2|word||.reloc|0x38a0
DATA|009d54d2|2|word||.reloc|0x38b0
DATA|009d54d4|2|word||.reloc|0x38c0
DATA|009d54d6|2|word||.reloc|0x38d0
DATA|009d54d8|2|word||.reloc|0x38e0
DATA|009d54da|2|word||.reloc|0x38f0
DATA|009d54dc|2|word||.reloc|0x3900
DATA|009d54de|2|word||.reloc|0x3910
DATA|009d54e0|2|word||.reloc|0x3920
DATA|009d54e2|2|word||.reloc|0x3930
DATA|009d54e4|2|word||.reloc|0x3940
DATA|009d54e6|2|word||.reloc|0x3950
DATA|009d54e8|2|word||.reloc|0x3960
DATA|009d54ea|2|word||.reloc|0x3970
DATA|009d54ec|2|word||.reloc|0x3980
DATA|009d54ee|2|word||.reloc|0x3990
DATA|009d54f0|2|word||.reloc|0x39a0
DATA|009d54f2|2|word||.reloc|0x39b0
DATA|009d54f4|2|word||.reloc|0x39c0
DATA|009d54f6|2|word||.reloc|0x39d0
DATA|009d54f8|2|word||.reloc|0x39e0
DATA|009d54fa|2|word||.reloc|0x39f0
DATA|009d54fc|2|word||.reloc|0x3a00
DATA|009d54fe|2|word||.reloc|0x3a10
DATA|009d5500|2|word||.reloc|0x3a20
DATA|009d5502|2|word||.reloc|0x3a30
DATA|009d5504|2|word||.reloc|0x3a40
DATA|009d5506|2|word||.reloc|0x3a50
DATA|009d5508|2|word||.reloc|0x3a60
DATA|009d550a|2|word||.reloc|0x3a70
DATA|009d550c|2|word||.reloc|0x3a80
DATA|009d550e|2|word||.reloc|0x0
DATA|009d5510|8|IMAGE_BASE_RELOCATION||.reloc|
DATA|009d5518|2|word||.reloc|0x3098
DATA|009d551a|2|word||.reloc|0x309c
DATA|009d551c|2|word||.reloc|0x30a0
DATA|009d551e|2|word||.reloc|0x30a4
DATA|009d5520|2|word||.reloc|0x30a8
DATA|009d5522|2|word||.reloc|0x30ac
DATA|009d5524|2|word||.reloc|0x30b0
DATA|009d5526|2|word||.reloc|0x30b4
DATA|009d5528|2|word||.reloc|0x30b8
DATA|009d552a|2|word||.reloc|0x30bc
DATA|009d552c|2|word||.reloc|0x30c0
DATA|009d552e|2|word||.reloc|0x30c4
DATA|009d5530|2|word||.reloc|0x30c8
DATA|009d5532|2|word||.reloc|0x30cc
DATA|009d5534|2|word||.reloc|0x30d0
DATA|009d5536|2|word||.reloc|0x30d4
DATA|009d5538|2|word||.reloc|0x30d8
DATA|009d553a|2|word||.reloc|0x30dc
DATA|009d553c|2|word||.reloc|0x30e0
DATA|009d553e|2|word||.reloc|0x30e4
DATA|009d5540|2|word||.reloc|0x30e8
DATA|009d5542|2|word||.reloc|0x30ec
DATA|009d5544|2|word||.reloc|0x30f0
DATA|009d5546|2|word||.reloc|0x30f4
DATA|009d5548|2|word||.reloc|0x30f8
DATA|009d554a|2|word||.reloc|0x30fc
DATA|009d554c|2|word||.reloc|0x3100
DATA|009d554e|2|word||.reloc|0x3104
DATA|009d5550|2|word||.reloc|0x3108
DATA|009d5552|2|word||.reloc|0x310c
DATA|009d5554|2|word||.reloc|0x3110
DATA|009d5556|2|word||.reloc|0x3114
DATA|009d5558|2|word||.reloc|0x3118
DATA|009d555a|2|word||.reloc|0x311c
DATA|009d555c|2|word||.reloc|0x3120
DATA|009d555e|2|word||.reloc|0x3124
DATA|009d5560|2|word||.reloc|0x3128
DATA|009d5562|2|word||.reloc|0x35fc
DATA|009d5564|2|word||.reloc|0x3600
DATA|009d5566|2|word||.reloc|0x3604
DATA|009d5568|2|word||.reloc|0x3648
DATA|009d556a|2|word||.reloc|0x3650
DATA|009d556c|2|word||.reloc|0x38d0
DATA|009d556e|2|word||.reloc|0x38e0
DATA|009d5570|2|word||.reloc|0x38e4
DATA|009d5572|2|word||.reloc|0x38e8
DATA|009d5574|2|word||.reloc|0x38ec
DATA|009d5576|2|word||.reloc|0x0
DATA|009d5578|8|IMAGE_BASE_RELOCATION||.reloc|
DATA|009d5580|2|word||.reloc|0x3900
DATA|009d5582|2|word||.reloc|0x3908
DATA|009d5584|2|word||.reloc|0x390c
DATA|009d5586|2|word||.reloc|0x3910
DATA|009d5588|2|word||.reloc|0x3914
DATA|009d558a|2|word||.reloc|0x3918
DATA|009d558c|2|word||.reloc|0x391c
DATA|009d558e|2|word||.reloc|0x3a90
DATA|009d5590|2|word||.reloc|0x3a94
DATA|009d5592|2|word||.reloc|0x3a98
DATA|009d5594|2|word||.reloc|0x3a9c
DATA|009d5596|2|word||.reloc|0x3cec
DATA|009d5598|2|word||.reloc|0x3cf4
DATA|009d559a|2|word||.reloc|0x3cfc
DATA|009d559c|2|word||.reloc|0x3d04
DATA|009d559e|2|word||.reloc|0x3d0c
DATA|009d55a0|2|word||.reloc|0x3d14
DATA|009d55a2|2|word||.reloc|0x3d1c
DATA|009d55a4|2|word||.reloc|0x3d24
DATA|009d55a6|2|word||.reloc|0x3d2c
DATA|009d55a8|2|word||.reloc|0x3d34
DATA|009d55aa|2|word||.reloc|0x3d3c
DATA|009d55ac|2|word||.reloc|0x3d44
DATA|009d55ae|2|word||.reloc|0x3d4c
DATA|009d55b0|2|word||.reloc|0x3d54
DATA|009d55b2|2|word||.reloc|0x3d5c
DATA|009d55b4|2|word||.reloc|0x3d64
DATA|009d55b6|2|word||.reloc|0x3d6c
DATA|009d55b8|2|word||.reloc|0x3d74
DATA|009d55ba|2|word||.reloc|0x3d7c
DATA|009d55bc|2|word||.reloc|0x3d84
DATA|009d55be|2|word||.reloc|0x3d8c
DATA|009d55c0|2|word||.reloc|0x3d94
DATA|009d55c2|2|word||.reloc|0x3d9c
DATA|009d55c4|2|word||.reloc|0x3da4
DATA|009d55c6|2|word||.reloc|0x3dac
DATA|009d55c8|2|word||.reloc|0x3db4
DATA|009d55ca|2|word||.reloc|0x3dbc
DATA|009d55cc|2|word||.reloc|0x3e34
DATA|009d55ce|2|word||.reloc|0x3e38
DATA|009d55d0|2|word||.reloc|0x3e3c
DATA|009d55d2|2|word||.reloc|0x3e40
DATA|009d55d4|8|IMAGE_BASE_RELOCATION||.reloc|
DATA|009d55dc|2|word||.reloc|0x3014
DATA|009d55de|2|word||.reloc|0x301c
DATA|009d55e0|2|word||.reloc|0x3024
DATA|009d55e2|2|word||.reloc|0x302c
DATA|009d55e4|2|word||.reloc|0x3034
DATA|009d55e6|2|word||.reloc|0x303c
DATA|009d55e8|2|word||.reloc|0x3044
DATA|009d55ea|2|word||.reloc|0x304c
DATA|009d55ec|2|word||.reloc|0x3054
DATA|009d55ee|2|word||.reloc|0x305c
DATA|009d55f0|2|word||.reloc|0x3064
DATA|009d55f2|2|word||.reloc|0x306c
DATA|009d55f4|2|word||.reloc|0x3074
DATA|009d55f6|2|word||.reloc|0x307c
DATA|009d55f8|2|word||.reloc|0x3084
DATA|009d55fa|2|word||.reloc|0x308c
DATA|009d55fc|2|word||.reloc|0x3094
DATA|009d55fe|2|word||.reloc|0x309c
DATA|009d5600|2|word||.reloc|0x313e
DATA|009d5602|2|word||.reloc|0x3142
DATA|009d5604|2|word||.reloc|0x3146
DATA|009d5606|2|word||.reloc|0x314a
DATA|009d5608|2|word||.reloc|0x314e
DATA|009d560a|2|word||.reloc|0x3152
DATA|009d560c|2|word||.reloc|0x3156
DATA|009d560e|2|word||.reloc|0x315a
DATA|009d5610|2|word||.reloc|0x315e
DATA|009d5612|2|word||.reloc|0x3162
DATA|009d5614|2|word||.reloc|0x3166
DATA|009d5616|2|word||.reloc|0x316a
DATA|009d5618|2|word||.reloc|0x316e
DATA|009d561a|2|word||.reloc|0x3172
DATA|009d561c|2|word||.reloc|0x3176
DATA|009d561e|2|word||.reloc|0x317a
DATA|009d5620|2|word||.reloc|0x317e
DATA|009d5622|2|word||.reloc|0x3182
DATA|009d5624|2|word||.reloc|0x3186
DATA|009d5626|2|word||.reloc|0x318a
DATA|009d5628|2|word||.reloc|0x318e
DATA|009d562a|2|word||.reloc|0x3192
DATA|009d562c|2|word||.reloc|0x3196
DATA|009d562e|2|word||.reloc|0x319a
DATA|009d5630|2|word||.reloc|0x319e
DATA|009d5632|2|word||.reloc|0x31a2
DATA|009d5634|2|word||.reloc|0x31a6
DATA|009d5636|2|word||.reloc|0x31aa
DATA|009d5638|2|word||.reloc|0x31ae
DATA|009d563a|2|word||.reloc|0x31b2
DATA|009d563c|2|word||.reloc|0x31b6
DATA|009d563e|2|word||.reloc|0x31ba
DATA|009d5640|2|word||.reloc|0x31be
DATA|009d5642|2|word||.reloc|0x31c2
DATA|009d5644|2|word||.reloc|0x31c6
DATA|009d5646|2|word||.reloc|0x31ca
DATA|009d5648|2|word||.reloc|0x31ce
DATA|009d564a|2|word||.reloc|0x31d2
DATA|009d564c|2|word||.reloc|0x31d6
DATA|009d564e|2|word||.reloc|0x31da
DATA|009d5650|2|word||.reloc|0x31de
DATA|009d5652|2|word||.reloc|0x31e2
DATA|009d5654|2|word||.reloc|0x31e6
DATA|009d5656|2|word||.reloc|0x31ea
DATA|009d5658|2|word||.reloc|0x31ee
DATA|009d565a|2|word||.reloc|0x31f2
DATA|009d565c|2|word||.reloc|0x31f6
DATA|009d565e|2|word||.reloc|0x31fa
DATA|009d5660|2|word||.reloc|0x31fe
DATA|009d5662|2|word||.reloc|0x3202
DATA|009d5664|2|word||.reloc|0x3206
DATA|009d5666|2|word||.reloc|0x320a
DATA|009d5668|2|word||.reloc|0x320e
DATA|009d566a|2|word||.reloc|0x3212
DATA|009d566c|2|word||.reloc|0x3216
DATA|009d566e|2|word||.reloc|0x321a
DATA|009d5670|2|word||.reloc|0x321e
DATA|009d5672|2|word||.reloc|0x3222
DATA|009d5674|2|word||.reloc|0x3226
DATA|009d5676|2|word||.reloc|0x322a
DATA|009d5678|2|word||.reloc|0x322e
DATA|009d567a|2|word||.reloc|0x3232
DATA|009d567c|2|word||.reloc|0x3236
DATA|009d567e|2|word||.reloc|0x323a
